zone,day,hour,block_id,assignment,minutes_into_block,wait_time_min
Austin,0,0,0,Control,0,4.94
Austin,0,0,0,Control,5,5.39
Austin,0,0,0,Control,10,5.44
Austin,0,0,0,Control,15,4.71
Austin,0,0,0,Control,20,4.87
Austin,0,0,0,Control,25,5.23
Austin,0,0,0,Control,30,5.12
Austin,0,0,0,Control,35,5.2
Austin,0,0,0,Control,40,4.99
Austin,0,0,0,Control,45,5.42
Austin,0,0,0,Control,50,5.39
Austin,0,0,0,Control,55,5.22
Austin,0,1,1,Control,0,5.32
Austin,0,1,1,Control,5,4.99
Austin,0,1,1,Control,10,5.29
Austin,0,1,1,Control,15,4.96
Austin,0,1,1,Control,20,5.42
Austin,0,1,1,Control,25,5.19
Austin,0,1,1,Control,30,5.15
Austin,0,1,1,Control,35,5.03
Austin,0,1,1,Control,40,5.51
Austin,0,1,1,Control,45,5.16
Austin,0,1,1,Control,50,5.09
Austin,0,1,1,Control,55,5.11
Austin,0,2,2,Treatment,0,5.29
Austin,0,2,2,Treatment,5,5.11
Austin,0,2,2,Treatment,10,4.93
Austin,0,2,2,Treatment,15,5.16
Austin,0,2,2,Treatment,20,4.53
Austin,0,2,2,Treatment,25,4.5
Austin,0,2,2,Treatment,30,4.42
Austin,0,2,2,Treatment,35,4.78
Austin,0,2,2,Treatment,40,4.91
Austin,0,2,2,Treatment,45,4.6
Austin,0,2,2,Treatment,50,4.42
Austin,0,2,2,Treatment,55,4.42
Austin,0,3,3,Control,0,4.81
Austin,0,3,3,Control,5,4.95
Austin,0,3,3,Control,10,4.84
Austin,0,3,3,Control,15,5.26
Austin,0,3,3,Control,20,5.23
Austin,0,3,3,Control,25,5.25
Austin,0,3,3,Control,30,5.42
Austin,0,3,3,Control,35,5.26
Austin,0,3,3,Control,40,5.37
Austin,0,3,3,Control,45,5.22
Austin,0,3,3,Control,50,5.27
Austin,0,3,3,Control,55,5.36
Austin,0,4,4,Control,0,5.12
Austin,0,4,4,Control,5,5.08
Austin,0,4,4,Control,10,5.04
Austin,0,4,4,Control,15,5.13
Austin,0,4,4,Control,20,5.57
Austin,0,4,4,Control,25,4.98
Austin,0,4,4,Control,30,5.44
Austin,0,4,4,Control,35,4.78
Austin,0,4,4,Control,40,5.12
Austin,0,4,4,Control,45,5.24
Austin,0,4,4,Control,50,5.35
Austin,0,4,4,Control,55,5.38
Austin,0,5,5,Treatment,0,5.11
Austin,0,5,5,Treatment,5,4.89
Austin,0,5,5,Treatment,10,5.03
Austin,0,5,5,Treatment,15,4.58
Austin,0,5,5,Treatment,20,4.31
Austin,0,5,5,Treatment,25,4.34
Austin,0,5,5,Treatment,30,4.4
Austin,0,5,5,Treatment,35,4.75
Austin,0,5,5,Treatment,40,4.66
Austin,0,5,5,Treatment,45,4.8
Austin,0,5,5,Treatment,50,4.52
Austin,0,5,5,Treatment,55,4.67
Austin,0,6,6,Control,0,4.55
Austin,0,6,6,Control,5,4.93
Austin,0,6,6,Control,10,4.84
Austin,0,6,6,Control,15,5.11
Austin,0,6,6,Control,20,5.1
Austin,0,6,6,Control,25,4.9
Austin,0,6,6,Control,30,5.32
Austin,0,6,6,Control,35,5.08
Austin,0,6,6,Control,40,5.2
Austin,0,6,6,Control,45,5.32
Austin,0,6,6,Control,50,5.31
Austin,0,6,6,Control,55,5.37
Austin,0,7,7,Treatment,0,5.09
Austin,0,7,7,Treatment,5,4.99
Austin,0,7,7,Treatment,10,4.4
Austin,0,7,7,Treatment,15,4.27
Austin,0,7,7,Treatment,20,4.3
Austin,0,7,7,Treatment,25,4.38
Austin,0,7,7,Treatment,30,4.73
Austin,0,7,7,Treatment,35,4.4
Austin,0,7,7,Treatment,40,4.53
Austin,0,7,7,Treatment,45,4.95
Austin,0,7,7,Treatment,50,4.54
Austin,0,7,7,Treatment,55,4.81
Austin,0,8,8,Treatment,0,4.58
Austin,0,8,8,Treatment,5,4.39
Austin,0,8,8,Treatment,10,4.54
Austin,0,8,8,Treatment,15,4.84
Austin,0,8,8,Treatment,20,4.2
Austin,0,8,8,Treatment,25,4.74
Austin,0,8,8,Treatment,30,4.69
Austin,0,8,8,Treatment,35,4.48
Austin,0,8,8,Treatment,40,4.27
Austin,0,8,8,Treatment,45,4.65
Austin,0,8,8,Treatment,50,4.5
Austin,0,8,8,Treatment,55,4.69
Austin,0,9,9,Control,0,5.03
Austin,0,9,9,Control,5,4.76
Austin,0,9,9,Control,10,4.75
Austin,0,9,9,Control,15,5.24
Austin,0,9,9,Control,20,5.25
Austin,0,9,9,Control,25,5.54
Austin,0,9,9,Control,30,5.41
Austin,0,9,9,Control,35,5.29
Austin,0,9,9,Control,40,5.57
Austin,0,9,9,Control,45,4.9
Austin,0,9,9,Control,50,5.04
Austin,0,9,9,Control,55,4.97
Austin,0,10,10,Control,0,4.86
Austin,0,10,10,Control,5,5.36
Austin,0,10,10,Control,10,5.14
Austin,0,10,10,Control,15,4.83
Austin,0,10,10,Control,20,4.95
Austin,0,10,10,Control,25,5.28
Austin,0,10,10,Control,30,5.41
Austin,0,10,10,Control,35,5.7
Austin,0,10,10,Control,40,5.93
Austin,0,10,10,Control,45,5.3
Austin,0,10,10,Control,50,4.95
Austin,0,10,10,Control,55,4.67
Austin,0,11,11,Treatment,0,5.0
Austin,0,11,11,Treatment,5,4.91
Austin,0,11,11,Treatment,10,4.67
Austin,0,11,11,Treatment,15,4.59
Austin,0,11,11,Treatment,20,4.89
Austin,0,11,11,Treatment,25,4.67
Austin,0,11,11,Treatment,30,4.59
Austin,0,11,11,Treatment,35,4.37
Austin,0,11,11,Treatment,40,4.21
Austin,0,11,11,Treatment,45,4.51
Austin,0,11,11,Treatment,50,4.61
Austin,0,11,11,Treatment,55,5.07
Austin,0,12,12,Control,0,4.87
Austin,0,12,12,Control,5,4.69
Austin,0,12,12,Control,10,4.71
Austin,0,12,12,Control,15,4.96
Austin,0,12,12,Control,20,5.02
Austin,0,12,12,Control,25,5.73
Austin,0,12,12,Control,30,4.99
Austin,0,12,12,Control,35,5.41
Austin,0,12,12,Control,40,4.97
Austin,0,12,12,Control,45,5.43
Austin,0,12,12,Control,50,5.3
Austin,0,12,12,Control,55,5.16
Austin,0,13,13,Treatment,0,5.04
Austin,0,13,13,Treatment,5,5.12
Austin,0,13,13,Treatment,10,4.7
Austin,0,13,13,Treatment,15,4.32
Austin,0,13,13,Treatment,20,4.31
Austin,0,13,13,Treatment,25,4.67
Austin,0,13,13,Treatment,30,5.02
Austin,0,13,13,Treatment,35,4.67
Austin,0,13,13,Treatment,40,4.6
Austin,0,13,13,Treatment,45,4.7
Austin,0,13,13,Treatment,50,4.95
Austin,0,13,13,Treatment,55,4.68
Austin,0,14,14,Control,0,4.9
Austin,0,14,14,Control,5,4.93
Austin,0,14,14,Control,10,5.39
Austin,0,14,14,Control,15,5.25
Austin,0,14,14,Control,20,4.89
Austin,0,14,14,Control,25,4.86
Austin,0,14,14,Control,30,5.61
Austin,0,14,14,Control,35,5.63
Austin,0,14,14,Control,40,5.16
Austin,0,14,14,Control,45,5.1
Austin,0,14,14,Control,50,5.57
Austin,0,14,14,Control,55,4.92
Austin,0,15,15,Treatment,0,5.36
Austin,0,15,15,Treatment,5,4.91
Austin,0,15,15,Treatment,10,4.82
Austin,0,15,15,Treatment,15,4.59
Austin,0,15,15,Treatment,20,4.71
Austin,0,15,15,Treatment,25,4.98
Austin,0,15,15,Treatment,30,4.65
Austin,0,15,15,Treatment,35,4.79
Austin,0,15,15,Treatment,40,4.12
Austin,0,15,15,Treatment,45,4.62
Austin,0,15,15,Treatment,50,4.42
Austin,0,15,15,Treatment,55,4.32
Austin,0,16,16,Treatment,0,4.54
Austin,0,16,16,Treatment,5,4.86
Austin,0,16,16,Treatment,10,4.3
Austin,0,16,16,Treatment,15,4.64
Austin,0,16,16,Treatment,20,4.51
Austin,0,16,16,Treatment,25,4.55
Austin,0,16,16,Treatment,30,4.88
Austin,0,16,16,Treatment,35,4.76
Austin,0,16,16,Treatment,40,4.96
Austin,0,16,16,Treatment,45,4.59
Austin,0,16,16,Treatment,50,4.45
Austin,0,16,16,Treatment,55,4.57
Austin,0,17,17,Control,0,4.67
Austin,0,17,17,Control,5,4.55
Austin,0,17,17,Control,10,5.03
Austin,0,17,17,Control,15,5.26
Austin,0,17,17,Control,20,5.83
Austin,0,17,17,Control,25,5.67
Austin,0,17,17,Control,30,4.99
Austin,0,17,17,Control,35,5.13
Austin,0,17,17,Control,40,4.83
Austin,0,17,17,Control,45,5.05
Austin,0,17,17,Control,50,5.28
Austin,0,17,17,Control,55,5.5
Austin,0,18,18,Control,0,5.04
Austin,0,18,18,Control,5,4.66
Austin,0,18,18,Control,10,5.16
Austin,0,18,18,Control,15,4.93
Austin,0,18,18,Control,20,5.07
Austin,0,18,18,Control,25,4.98
Austin,0,18,18,Control,30,5.18
Austin,0,18,18,Control,35,4.76
Austin,0,18,18,Control,40,4.83
Austin,0,18,18,Control,45,5.73
Austin,0,18,18,Control,50,4.88
Austin,0,18,18,Control,55,4.93
Austin,0,19,19,Control,0,5.93
Austin,0,19,19,Control,5,4.91
Austin,0,19,19,Control,10,5.11
Austin,0,19,19,Control,15,5.29
Austin,0,19,19,Control,20,5.63
Austin,0,19,19,Control,25,4.95
Austin,0,19,19,Control,30,5.14
Austin,0,19,19,Control,35,5.39
Austin,0,19,19,Control,40,5.31
Austin,0,19,19,Control,45,5.11
Austin,0,19,19,Control,50,5.17
Austin,0,19,19,Control,55,4.86
Austin,0,20,20,Treatment,0,5.13
Austin,0,20,20,Treatment,5,5.07
Austin,0,20,20,Treatment,10,4.68
Austin,0,20,20,Treatment,15,4.75
Austin,0,20,20,Treatment,20,4.88
Austin,0,20,20,Treatment,25,4.67
Austin,0,20,20,Treatment,30,4.72
Austin,0,20,20,Treatment,35,4.64
Austin,0,20,20,Treatment,40,4.63
Austin,0,20,20,Treatment,45,4.45
Austin,0,20,20,Treatment,50,4.71
Austin,0,20,20,Treatment,55,4.6
Austin,0,21,21,Treatment,0,5.02
Austin,0,21,21,Treatment,5,4.72
Austin,0,21,21,Treatment,10,4.44
Austin,0,21,21,Treatment,15,4.35
Austin,0,21,21,Treatment,20,4.93
Austin,0,21,21,Treatment,25,4.69
Austin,0,21,21,Treatment,30,4.75
Austin,0,21,21,Treatment,35,4.19
Austin,0,21,21,Treatment,40,4.86
Austin,0,21,21,Treatment,45,4.74
Austin,0,21,21,Treatment,50,4.35
Austin,0,21,21,Treatment,55,4.51
Austin,0,22,22,Control,0,4.64
Austin,0,22,22,Control,5,4.75
Austin,0,22,22,Control,10,4.98
Austin,0,22,22,Control,15,5.14
Austin,0,22,22,Control,20,5.24
Austin,0,22,22,Control,25,5.57
Austin,0,22,22,Control,30,4.56
Austin,0,22,22,Control,35,5.14
Austin,0,22,22,Control,40,5.24
Austin,0,22,22,Control,45,5.27
Austin,0,22,22,Control,50,5.11
Austin,0,22,22,Control,55,4.76
Austin,0,23,23,Treatment,0,5.63
Austin,0,23,23,Treatment,5,4.63
Austin,0,23,23,Treatment,10,5.03
Austin,0,23,23,Treatment,15,4.55
Austin,0,23,23,Treatment,20,4.61
Austin,0,23,23,Treatment,25,4.36
Austin,0,23,23,Treatment,30,4.54
Austin,0,23,23,Treatment,35,4.95
Austin,0,23,23,Treatment,40,4.77
Austin,0,23,23,Treatment,45,5.06
Austin,0,23,23,Treatment,50,4.92
Austin,0,23,23,Treatment,55,4.74
Austin,1,0,24,Control,0,4.74
Austin,1,0,24,Control,5,5.03
Austin,1,0,24,Control,10,4.94
Austin,1,0,24,Control,15,5.22
Austin,1,0,24,Control,20,5.03
Austin,1,0,24,Control,25,5.45
Austin,1,0,24,Control,30,4.91
Austin,1,0,24,Control,35,5.4
Austin,1,0,24,Control,40,5.15
Austin,1,0,24,Control,45,5.49
Austin,1,0,24,Control,50,5.39
Austin,1,0,24,Control,55,5.66
Austin,1,1,25,Treatment,0,4.81
Austin,1,1,25,Treatment,5,4.99
Austin,1,1,25,Treatment,10,4.53
Austin,1,1,25,Treatment,15,4.5
Austin,1,1,25,Treatment,20,5.01
Austin,1,1,25,Treatment,25,4.79
Austin,1,1,25,Treatment,30,4.45
Austin,1,1,25,Treatment,35,4.37
Austin,1,1,25,Treatment,40,4.64
Austin,1,1,25,Treatment,45,4.32
Austin,1,1,25,Treatment,50,4.46
Austin,1,1,25,Treatment,55,4.71
Austin,1,2,26,Control,0,4.78
Austin,1,2,26,Control,5,4.25
Austin,1,2,26,Control,10,5.09
Austin,1,2,26,Control,15,5.22
Austin,1,2,26,Control,20,5.3
Austin,1,2,26,Control,25,5.6
Austin,1,2,26,Control,30,4.68
Austin,1,2,26,Control,35,5.05
Austin,1,2,26,Control,40,5.35
Austin,1,2,26,Control,45,4.8
Austin,1,2,26,Control,50,5.57
Austin,1,2,26,Control,55,5.29
Austin,1,3,27,Treatment,0,5.06
Austin,1,3,27,Treatment,5,5.21
Austin,1,3,27,Treatment,10,5.09
Austin,1,3,27,Treatment,15,4.69
Austin,1,3,27,Treatment,20,4.69
Austin,1,3,27,Treatment,25,4.7
Austin,1,3,27,Treatment,30,4.41
Austin,1,3,27,Treatment,35,4.59
Austin,1,3,27,Treatment,40,4.59
Austin,1,3,27,Treatment,45,4.72
Austin,1,3,27,Treatment,50,4.88
Austin,1,3,27,Treatment,55,4.36
Austin,1,4,28,Treatment,0,5.0
Austin,1,4,28,Treatment,5,4.44
Austin,1,4,28,Treatment,10,4.42
Austin,1,4,28,Treatment,15,4.68
Austin,1,4,28,Treatment,20,4.84
Austin,1,4,28,Treatment,25,4.63
Austin,1,4,28,Treatment,30,4.96
Austin,1,4,28,Treatment,35,4.84
Austin,1,4,28,Treatment,40,4.84
Austin,1,4,28,Treatment,45,4.77
Austin,1,4,28,Treatment,50,5.21
Austin,1,4,28,Treatment,55,4.58
Austin,1,5,29,Treatment,0,5.03
Austin,1,5,29,Treatment,5,4.51
Austin,1,5,29,Treatment,10,4.65
Austin,1,5,29,Treatment,15,4.96
Austin,1,5,29,Treatment,20,4.23
Austin,1,5,29,Treatment,25,4.32
Austin,1,5,29,Treatment,30,4.23
Austin,1,5,29,Treatment,35,4.43
Austin,1,5,29,Treatment,40,4.74
Austin,1,5,29,Treatment,45,4.76
Austin,1,5,29,Treatment,50,4.7
Austin,1,5,29,Treatment,55,4.27
Austin,1,6,30,Control,0,4.64
Austin,1,6,30,Control,5,4.7
Austin,1,6,30,Control,10,5.12
Austin,1,6,30,Control,15,5.38
Austin,1,6,30,Control,20,5.23
Austin,1,6,30,Control,25,5.39
Austin,1,6,30,Control,30,5.26
Austin,1,6,30,Control,35,5.33
Austin,1,6,30,Control,40,5.02
Austin,1,6,30,Control,45,5.16
Austin,1,6,30,Control,50,5.25
Austin,1,6,30,Control,55,5.41
Austin,1,7,31,Control,0,5.33
Austin,1,7,31,Control,5,5.13
Austin,1,7,31,Control,10,5.17
Austin,1,7,31,Control,15,5.41
Austin,1,7,31,Control,20,4.7
Austin,1,7,31,Control,25,4.88
Austin,1,7,31,Control,30,4.83
Austin,1,7,31,Control,35,4.62
Austin,1,7,31,Control,40,5.03
Austin,1,7,31,Control,45,5.39
Austin,1,7,31,Control,50,5.13
Austin,1,7,31,Control,55,5.25
Austin,1,8,32,Control,0,5.53
Austin,1,8,32,Control,5,5.18
Austin,1,8,32,Control,10,5.54
Austin,1,8,32,Control,15,5.22
Austin,1,8,32,Control,20,4.99
Austin,1,8,32,Control,25,5.05
Austin,1,8,32,Control,30,4.83
Austin,1,8,32,Control,35,4.98
Austin,1,8,32,Control,40,5.11
Austin,1,8,32,Control,45,5.4
Austin,1,8,32,Control,50,5.63
Austin,1,8,32,Control,55,4.85
Austin,1,9,33,Treatment,0,4.94
Austin,1,9,33,Treatment,5,5.13
Austin,1,9,33,Treatment,10,4.79
Austin,1,9,33,Treatment,15,4.17
Austin,1,9,33,Treatment,20,4.86
Austin,1,9,33,Treatment,25,4.48
Austin,1,9,33,Treatment,30,4.49
Austin,1,9,33,Treatment,35,4.36
Austin,1,9,33,Treatment,40,4.46
Austin,1,9,33,Treatment,45,4.73
Austin,1,9,33,Treatment,50,4.58
Austin,1,9,33,Treatment,55,4.71
Austin,1,10,34,Treatment,0,4.96
Austin,1,10,34,Treatment,5,4.54
Austin,1,10,34,Treatment,10,4.26
Austin,1,10,34,Treatment,15,4.89
Austin,1,10,34,Treatment,20,4.55
Austin,1,10,34,Treatment,25,4.91
Austin,1,10,34,Treatment,30,4.72
Austin,1,10,34,Treatment,35,4.6
Austin,1,10,34,Treatment,40,4.72
Austin,1,10,34,Treatment,45,5.12
Austin,1,10,34,Treatment,50,5.15
Austin,1,10,34,Treatment,55,4.65
Austin,1,11,35,Treatment,0,4.9
Austin,1,11,35,Treatment,5,4.42
Austin,1,11,35,Treatment,10,4.71
Austin,1,11,35,Treatment,15,4.62
Austin,1,11,35,Treatment,20,4.71
Austin,1,11,35,Treatment,25,4.42
Austin,1,11,35,Treatment,30,4.23
Austin,1,11,35,Treatment,35,4.11
Austin,1,11,35,Treatment,40,4.35
Austin,1,11,35,Treatment,45,4.51
Austin,1,11,35,Treatment,50,4.55
Austin,1,11,35,Treatment,55,5.11
Austin,1,12,36,Treatment,0,4.39
Austin,1,12,36,Treatment,5,4.71
Austin,1,12,36,Treatment,10,4.53
Austin,1,12,36,Treatment,15,4.56
Austin,1,12,36,Treatment,20,4.67
Austin,1,12,36,Treatment,25,4.78
Austin,1,12,36,Treatment,30,4.54
Austin,1,12,36,Treatment,35,4.89
Austin,1,12,36,Treatment,40,4.34
Austin,1,12,36,Treatment,45,4.63
Austin,1,12,36,Treatment,50,5.28
Austin,1,12,36,Treatment,55,4.68
Austin,1,13,37,Control,0,4.65
Austin,1,13,37,Control,5,4.96
Austin,1,13,37,Control,10,5.0
Austin,1,13,37,Control,15,5.16
Austin,1,13,37,Control,20,5.01
Austin,1,13,37,Control,25,5.31
Austin,1,13,37,Control,30,4.99
Austin,1,13,37,Control,35,5.37
Austin,1,13,37,Control,40,5.47
Austin,1,13,37,Control,45,5.29
Austin,1,13,37,Control,50,5.13
Austin,1,13,37,Control,55,5.31
Austin,1,14,38,Treatment,0,5.43
Austin,1,14,38,Treatment,5,4.55
Austin,1,14,38,Treatment,10,4.73
Austin,1,14,38,Treatment,15,4.13
Austin,1,14,38,Treatment,20,4.25
Austin,1,14,38,Treatment,25,4.97
Austin,1,14,38,Treatment,30,4.85
Austin,1,14,38,Treatment,35,4.45
Austin,1,14,38,Treatment,40,4.25
Austin,1,14,38,Treatment,45,3.89
Austin,1,14,38,Treatment,50,4.49
Austin,1,14,38,Treatment,55,5.23
Austin,1,15,39,Control,0,4.49
Austin,1,15,39,Control,5,4.93
Austin,1,15,39,Control,10,4.62
Austin,1,15,39,Control,15,5.13
Austin,1,15,39,Control,20,5.22
Austin,1,15,39,Control,25,5.18
Austin,1,15,39,Control,30,5.4
Austin,1,15,39,Control,35,5.29
Austin,1,15,39,Control,40,5.37
Austin,1,15,39,Control,45,5.03
Austin,1,15,39,Control,50,5.42
Austin,1,15,39,Control,55,5.61
Austin,1,16,40,Control,0,4.98
Austin,1,16,40,Control,5,5.53
Austin,1,16,40,Control,10,5.15
Austin,1,16,40,Control,15,5.55
Austin,1,16,40,Control,20,5.09
Austin,1,16,40,Control,25,5.56
Austin,1,16,40,Control,30,5.23
Austin,1,16,40,Control,35,5.26
Austin,1,16,40,Control,40,5.59
Austin,1,16,40,Control,45,5.11
Austin,1,16,40,Control,50,4.96
Austin,1,16,40,Control,55,5.09
Austin,1,17,41,Treatment,0,4.81
Austin,1,17,41,Treatment,5,5.17
Austin,1,17,41,Treatment,10,4.68
Austin,1,17,41,Treatment,15,4.91
Austin,1,17,41,Treatment,20,4.03
Austin,1,17,41,Treatment,25,4.43
Austin,1,17,41,Treatment,30,4.21
Austin,1,17,41,Treatment,35,4.42
Austin,1,17,41,Treatment,40,4.69
Austin,1,17,41,Treatment,45,4.58
Austin,1,17,41,Treatment,50,4.56
Austin,1,17,41,Treatment,55,4.59
Austin,1,18,42,Treatment,0,4.38
Austin,1,18,42,Treatment,5,4.8
Austin,1,18,42,Treatment,10,4.79
Austin,1,18,42,Treatment,15,4.72
Austin,1,18,42,Treatment,20,4.77
Austin,1,18,42,Treatment,25,4.7
Austin,1,18,42,Treatment,30,5.14
Austin,1,18,42,Treatment,35,4.61
Austin,1,18,42,Treatment,40,4.55
Austin,1,18,42,Treatment,45,4.44
Austin,1,18,42,Treatment,50,4.37
Austin,1,18,42,Treatment,55,4.32
Austin,1,19,43,Treatment,0,4.5
Austin,1,19,43,Treatment,5,4.41
Austin,1,19,43,Treatment,10,4.61
Austin,1,19,43,Treatment,15,4.71
Austin,1,19,43,Treatment,20,4.64
Austin,1,19,43,Treatment,25,4.44
Austin,1,19,43,Treatment,30,4.85
Austin,1,19,43,Treatment,35,4.81
Austin,1,19,43,Treatment,40,4.59
Austin,1,19,43,Treatment,45,4.46
Austin,1,19,43,Treatment,50,4.77
Austin,1,19,43,Treatment,55,4.67
Austin,1,20,44,Control,0,4.61
Austin,1,20,44,Control,5,4.88
Austin,1,20,44,Control,10,4.78
Austin,1,20,44,Control,15,5.25
Austin,1,20,44,Control,20,4.84
Austin,1,20,44,Control,25,5.53
Austin,1,20,44,Control,30,5.51
Austin,1,20,44,Control,35,5.14
Austin,1,20,44,Control,40,5.29
Austin,1,20,44,Control,45,4.6
Austin,1,20,44,Control,50,4.91
Austin,1,20,44,Control,55,5.13
Austin,1,21,45,Control,0,5.38
Austin,1,21,45,Control,5,5.7
Austin,1,21,45,Control,10,4.91
Austin,1,21,45,Control,15,4.99
Austin,1,21,45,Control,20,5.26
Austin,1,21,45,Control,25,5.6
Austin,1,21,45,Control,30,4.89
Austin,1,21,45,Control,35,5.26
Austin,1,21,45,Control,40,5.66
Austin,1,21,45,Control,45,4.79
Austin,1,21,45,Control,50,4.88
Austin,1,21,45,Control,55,5.09
Austin,1,22,46,Treatment,0,5.4
Austin,1,22,46,Treatment,5,5.07
Austin,1,22,46,Treatment,10,4.37
Austin,1,22,46,Treatment,15,4.76
Austin,1,22,46,Treatment,20,4.48
Austin,1,22,46,Treatment,25,4.95
Austin,1,22,46,Treatment,30,4.47
Austin,1,22,46,Treatment,35,4.47
Austin,1,22,46,Treatment,40,4.76
Austin,1,22,46,Treatment,45,4.82
Austin,1,22,46,Treatment,50,4.74
Austin,1,22,46,Treatment,55,4.21
Austin,1,23,47,Treatment,0,4.37
Austin,1,23,47,Treatment,5,4.69
Austin,1,23,47,Treatment,10,4.27
Austin,1,23,47,Treatment,15,4.74
Austin,1,23,47,Treatment,20,4.43
Austin,1,23,47,Treatment,25,4.31
Austin,1,23,47,Treatment,30,4.81
Austin,1,23,47,Treatment,35,4.69
Austin,1,23,47,Treatment,40,4.47
Austin,1,23,47,Treatment,45,4.99
Austin,1,23,47,Treatment,50,4.52
Austin,1,23,47,Treatment,55,4.64
Austin,2,0,48,Control,0,4.47
Austin,2,0,48,Control,5,4.94
Austin,2,0,48,Control,10,4.88
Austin,2,0,48,Control,15,5.1
Austin,2,0,48,Control,20,5.54
Austin,2,0,48,Control,25,4.94
Austin,2,0,48,Control,30,4.6
Austin,2,0,48,Control,35,5.6
Austin,2,0,48,Control,40,5.84
Austin,2,0,48,Control,45,5.1
Austin,2,0,48,Control,50,4.72
Austin,2,0,48,Control,55,5.12
Austin,2,1,49,Treatment,0,5.15
Austin,2,1,49,Treatment,5,4.73
Austin,2,1,49,Treatment,10,4.96
Austin,2,1,49,Treatment,15,4.76
Austin,2,1,49,Treatment,20,4.25
Austin,2,1,49,Treatment,25,4.8
Austin,2,1,49,Treatment,30,5.14
Austin,2,1,49,Treatment,35,4.67
Austin,2,1,49,Treatment,40,4.54
Austin,2,1,49,Treatment,45,4.59
Austin,2,1,49,Treatment,50,4.78
Austin,2,1,49,Treatment,55,4.2
Austin,2,2,50,Treatment,0,4.53
Austin,2,2,50,Treatment,5,5.09
Austin,2,2,50,Treatment,10,4.58
Austin,2,2,50,Treatment,15,5.04
Austin,2,2,50,Treatment,20,4.35
Austin,2,2,50,Treatment,25,4.77
Austin,2,2,50,Treatment,30,4.71
Austin,2,2,50,Treatment,35,4.41
Austin,2,2,50,Treatment,40,4.67
Austin,2,2,50,Treatment,45,4.93
Austin,2,2,50,Treatment,50,4.55
Austin,2,2,50,Treatment,55,4.21
Austin,2,3,51,Control,0,4.4
Austin,2,3,51,Control,5,4.73
Austin,2,3,51,Control,10,4.99
Austin,2,3,51,Control,15,4.77
Austin,2,3,51,Control,20,4.8
Austin,2,3,51,Control,25,5.32
Austin,2,3,51,Control,30,5.07
Austin,2,3,51,Control,35,4.56
Austin,2,3,51,Control,40,5.4
Austin,2,3,51,Control,45,5.27
Austin,2,3,51,Control,50,5.02
Austin,2,3,51,Control,55,4.87
Austin,2,4,52,Treatment,0,5.29
Austin,2,4,52,Treatment,5,5.6
Austin,2,4,52,Treatment,10,4.92
Austin,2,4,52,Treatment,15,4.72
Austin,2,4,52,Treatment,20,4.59
Austin,2,4,52,Treatment,25,4.83
Austin,2,4,52,Treatment,30,4.78
Austin,2,4,52,Treatment,35,4.94
Austin,2,4,52,Treatment,40,4.5
Austin,2,4,52,Treatment,45,4.52
Austin,2,4,52,Treatment,50,4.51
Austin,2,4,52,Treatment,55,4.83
Austin,2,5,53,Treatment,0,4.51
Austin,2,5,53,Treatment,5,4.52
Austin,2,5,53,Treatment,10,4.71
Austin,2,5,53,Treatment,15,4.57
Austin,2,5,53,Treatment,20,4.87
Austin,2,5,53,Treatment,25,4.07
Austin,2,5,53,Treatment,30,4.42
Austin,2,5,53,Treatment,35,4.43
Austin,2,5,53,Treatment,40,4.05
Austin,2,5,53,Treatment,45,4.39
Austin,2,5,53,Treatment,50,4.4
Austin,2,5,53,Treatment,55,4.58
Austin,2,6,54,Treatment,0,4.57
Austin,2,6,54,Treatment,5,4.37
Austin,2,6,54,Treatment,10,4.61
Austin,2,6,54,Treatment,15,4.89
Austin,2,6,54,Treatment,20,4.38
Austin,2,6,54,Treatment,25,4.4
Austin,2,6,54,Treatment,30,4.77
Austin,2,6,54,Treatment,35,4.57
Austin,2,6,54,Treatment,40,4.79
Austin,2,6,54,Treatment,45,4.62
Austin,2,6,54,Treatment,50,4.8
Austin,2,6,54,Treatment,55,4.37
Austin,2,7,55,Treatment,0,4.58
Austin,2,7,55,Treatment,5,4.32
Austin,2,7,55,Treatment,10,4.24
Austin,2,7,55,Treatment,15,4.8
Austin,2,7,55,Treatment,20,4.54
Austin,2,7,55,Treatment,25,4.37
Austin,2,7,55,Treatment,30,4.6
Austin,2,7,55,Treatment,35,4.91
Austin,2,7,55,Treatment,40,4.06
Austin,2,7,55,Treatment,45,4.25
Austin,2,7,55,Treatment,50,4.4
Austin,2,7,55,Treatment,55,4.99
Austin,2,8,56,Treatment,0,4.82
Austin,2,8,56,Treatment,5,4.34
Austin,2,8,56,Treatment,10,4.35
Austin,2,8,56,Treatment,15,4.74
Austin,2,8,56,Treatment,20,4.64
Austin,2,8,56,Treatment,25,4.77
Austin,2,8,56,Treatment,30,4.58
Austin,2,8,56,Treatment,35,4.7
Austin,2,8,56,Treatment,40,4.67
Austin,2,8,56,Treatment,45,4.82
Austin,2,8,56,Treatment,50,4.83
Austin,2,8,56,Treatment,55,4.22
Austin,2,9,57,Control,0,4.88
Austin,2,9,57,Control,5,5.12
Austin,2,9,57,Control,10,4.75
Austin,2,9,57,Control,15,4.74
Austin,2,9,57,Control,20,5.22
Austin,2,9,57,Control,25,5.43
Austin,2,9,57,Control,30,5.65
Austin,2,9,57,Control,35,5.33
Austin,2,9,57,Control,40,5.11
Austin,2,9,57,Control,45,4.98
Austin,2,9,57,Control,50,5.2
Austin,2,9,57,Control,55,5.13
Austin,2,10,58,Treatment,0,5.71
Austin,2,10,58,Treatment,5,5.46
Austin,2,10,58,Treatment,10,5.1
Austin,2,10,58,Treatment,15,4.4
Austin,2,10,58,Treatment,20,4.84
Austin,2,10,58,Treatment,25,4.79
Austin,2,10,58,Treatment,30,4.74
Austin,2,10,58,Treatment,35,4.94
Austin,2,10,58,Treatment,40,4.79
Austin,2,10,58,Treatment,45,4.81
Austin,2,10,58,Treatment,50,4.79
Austin,2,10,58,Treatment,55,4.71
Austin,2,11,59,Treatment,0,4.65
Austin,2,11,59,Treatment,5,4.49
Austin,2,11,59,Treatment,10,4.31
Austin,2,11,59,Treatment,15,5.05
Austin,2,11,59,Treatment,20,5.06
Austin,2,11,59,Treatment,25,4.97
Austin,2,11,59,Treatment,30,4.69
Austin,2,11,59,Treatment,35,4.97
Austin,2,11,59,Treatment,40,4.63
Austin,2,11,59,Treatment,45,4.68
Austin,2,11,59,Treatment,50,4.35
Austin,2,11,59,Treatment,55,4.73
Austin,2,12,60,Control,0,4.3
Austin,2,12,60,Control,5,4.81
Austin,2,12,60,Control,10,4.99
Austin,2,12,60,Control,15,5.65
Austin,2,12,60,Control,20,5.42
Austin,2,12,60,Control,25,5.2
Austin,2,12,60,Control,30,5.26
Austin,2,12,60,Control,35,5.21
Austin,2,12,60,Control,40,5.15
Austin,2,12,60,Control,45,4.93
Austin,2,12,60,Control,50,5.16
Austin,2,12,60,Control,55,5.01
Austin,2,13,61,Control,0,5.33
Austin,2,13,61,Control,5,5.3
Austin,2,13,61,Control,10,4.75
Austin,2,13,61,Control,15,5.17
Austin,2,13,61,Control,20,5.45
Austin,2,13,61,Control,25,5.46
Austin,2,13,61,Control,30,5.46
Austin,2,13,61,Control,35,5.21
Austin,2,13,61,Control,40,4.99
Austin,2,13,61,Control,45,4.93
Austin,2,13,61,Control,50,5.29
Austin,2,13,61,Control,55,5.29
Austin,2,14,62,Control,0,5.47
Austin,2,14,62,Control,5,5.17
Austin,2,14,62,Control,10,4.89
Austin,2,14,62,Control,15,5.12
Austin,2,14,62,Control,20,5.25
Austin,2,14,62,Control,25,5.15
Austin,2,14,62,Control,30,5.06
Austin,2,14,62,Control,35,5.26
Austin,2,14,62,Control,40,5.07
Austin,2,14,62,Control,45,5.04
Austin,2,14,62,Control,50,5.28
Austin,2,14,62,Control,55,5.1
Austin,2,15,63,Control,0,5.27
Austin,2,15,63,Control,5,4.92
Austin,2,15,63,Control,10,5.08
Austin,2,15,63,Control,15,5.56
Austin,2,15,63,Control,20,4.91
Austin,2,15,63,Control,25,4.67
Austin,2,15,63,Control,30,4.73
Austin,2,15,63,Control,35,5.21
Austin,2,15,63,Control,40,5.21
Austin,2,15,63,Control,45,5.17
Austin,2,15,63,Control,50,5.5
Austin,2,15,63,Control,55,4.53
Austin,2,16,64,Control,0,5.59
Austin,2,16,64,Control,5,4.92
Austin,2,16,64,Control,10,5.11
Austin,2,16,64,Control,15,5.01
Austin,2,16,64,Control,20,4.98
Austin,2,16,64,Control,25,5.12
Austin,2,16,64,Control,30,5.56
Austin,2,16,64,Control,35,5.66
Austin,2,16,64,Control,40,5.12
Austin,2,16,64,Control,45,5.68
Austin,2,16,64,Control,50,5.21
Austin,2,16,64,Control,55,5.64
Austin,2,17,65,Control,0,5.23
Austin,2,17,65,Control,5,5.29
Austin,2,17,65,Control,10,5.99
Austin,2,17,65,Control,15,5.41
Austin,2,17,65,Control,20,5.02
Austin,2,17,65,Control,25,5.44
Austin,2,17,65,Control,30,5.11
Austin,2,17,65,Control,35,5.08
Austin,2,17,65,Control,40,5.43
Austin,2,17,65,Control,45,5.21
Austin,2,17,65,Control,50,5.27
Austin,2,17,65,Control,55,5.2
Austin,2,18,66,Treatment,0,5.31
Austin,2,18,66,Treatment,5,4.53
Austin,2,18,66,Treatment,10,4.99
Austin,2,18,66,Treatment,15,4.38
Austin,2,18,66,Treatment,20,4.27
Austin,2,18,66,Treatment,25,4.61
Austin,2,18,66,Treatment,30,4.65
Austin,2,18,66,Treatment,35,4.45
Austin,2,18,66,Treatment,40,4.84
Austin,2,18,66,Treatment,45,4.29
Austin,2,18,66,Treatment,50,4.53
Austin,2,18,66,Treatment,55,4.48
Austin,2,19,67,Treatment,0,4.7
Austin,2,19,67,Treatment,5,4.38
Austin,2,19,67,Treatment,10,4.81
Austin,2,19,67,Treatment,15,4.64
Austin,2,19,67,Treatment,20,4.16
Austin,2,19,67,Treatment,25,4.14
Austin,2,19,67,Treatment,30,4.62
Austin,2,19,67,Treatment,35,4.57
Austin,2,19,67,Treatment,40,4.6
Austin,2,19,67,Treatment,45,4.62
Austin,2,19,67,Treatment,50,4.68
Austin,2,19,67,Treatment,55,4.86
Austin,2,20,68,Control,0,4.34
Austin,2,20,68,Control,5,4.55
Austin,2,20,68,Control,10,5.08
Austin,2,20,68,Control,15,5.51
Austin,2,20,68,Control,20,5.09
Austin,2,20,68,Control,25,4.57
Austin,2,20,68,Control,30,4.77
Austin,2,20,68,Control,35,4.99
Austin,2,20,68,Control,40,5.06
Austin,2,20,68,Control,45,5.1
Austin,2,20,68,Control,50,5.21
Austin,2,20,68,Control,55,5.12
Austin,2,21,69,Control,0,5.03
Austin,2,21,69,Control,5,4.98
Austin,2,21,69,Control,10,5.32
Austin,2,21,69,Control,15,4.82
Austin,2,21,69,Control,20,5.3
Austin,2,21,69,Control,25,5.23
Austin,2,21,69,Control,30,5.16
Austin,2,21,69,Control,35,5.6
Austin,2,21,69,Control,40,5.04
Austin,2,21,69,Control,45,5.72
Austin,2,21,69,Control,50,5.14
Austin,2,21,69,Control,55,4.88
Austin,2,22,70,Treatment,0,4.93
Austin,2,22,70,Treatment,5,4.82
Austin,2,22,70,Treatment,10,4.92
Austin,2,22,70,Treatment,15,4.77
Austin,2,22,70,Treatment,20,4.47
Austin,2,22,70,Treatment,25,4.87
Austin,2,22,70,Treatment,30,4.92
Austin,2,22,70,Treatment,35,4.99
Austin,2,22,70,Treatment,40,4.76
Austin,2,22,70,Treatment,45,4.97
Austin,2,22,70,Treatment,50,4.16
Austin,2,22,70,Treatment,55,4.55
Austin,2,23,71,Control,0,4.66
Austin,2,23,71,Control,5,4.68
Austin,2,23,71,Control,10,4.97
Austin,2,23,71,Control,15,5.67
Austin,2,23,71,Control,20,5.16
Austin,2,23,71,Control,25,5.3
Austin,2,23,71,Control,30,5.14
Austin,2,23,71,Control,35,5.22
Austin,2,23,71,Control,40,5.2
Austin,2,23,71,Control,45,5.31
Austin,2,23,71,Control,50,5.49
Austin,2,23,71,Control,55,5.61
Austin,3,0,72,Treatment,0,5.35
Austin,3,0,72,Treatment,5,4.72
Austin,3,0,72,Treatment,10,4.8
Austin,3,0,72,Treatment,15,4.86
Austin,3,0,72,Treatment,20,4.84
Austin,3,0,72,Treatment,25,4.68
Austin,3,0,72,Treatment,30,4.85
Austin,3,0,72,Treatment,35,4.75
Austin,3,0,72,Treatment,40,4.93
Austin,3,0,72,Treatment,45,4.7
Austin,3,0,72,Treatment,50,4.54
Austin,3,0,72,Treatment,55,4.71
Austin,3,1,73,Control,0,4.72
Austin,3,1,73,Control,5,3.91
Austin,3,1,73,Control,10,4.58
Austin,3,1,73,Control,15,5.31
Austin,3,1,73,Control,20,5.32
Austin,3,1,73,Control,25,4.91
Austin,3,1,73,Control,30,5.02
Austin,3,1,73,Control,35,5.54
Austin,3,1,73,Control,40,5.08
Austin,3,1,73,Control,45,5.76
Austin,3,1,73,Control,50,5.2
Austin,3,1,73,Control,55,5.3
Austin,3,2,74,Treatment,0,5.23
Austin,3,2,74,Treatment,5,4.76
Austin,3,2,74,Treatment,10,4.79
Austin,3,2,74,Treatment,15,4.62
Austin,3,2,74,Treatment,20,4.29
Austin,3,2,74,Treatment,25,4.56
Austin,3,2,74,Treatment,30,4.44
Austin,3,2,74,Treatment,35,4.86
Austin,3,2,74,Treatment,40,4.64
Austin,3,2,74,Treatment,45,4.56
Austin,3,2,74,Treatment,50,4.6
Austin,3,2,74,Treatment,55,4.68
Austin,3,3,75,Control,0,4.38
Austin,3,3,75,Control,5,4.56
Austin,3,3,75,Control,10,5.29
Austin,3,3,75,Control,15,5.1
Austin,3,3,75,Control,20,4.85
Austin,3,3,75,Control,25,5.31
Austin,3,3,75,Control,30,5.32
Austin,3,3,75,Control,35,4.82
Austin,3,3,75,Control,40,5.26
Austin,3,3,75,Control,45,5.38
Austin,3,3,75,Control,50,5.29
Austin,3,3,75,Control,55,5.36
Austin,3,4,76,Treatment,0,5.28
Austin,3,4,76,Treatment,5,4.93
Austin,3,4,76,Treatment,10,4.7
Austin,3,4,76,Treatment,15,4.85
Austin,3,4,76,Treatment,20,5.0
Austin,3,4,76,Treatment,25,5.08
Austin,3,4,76,Treatment,30,4.96
Austin,3,4,76,Treatment,35,4.6
Austin,3,4,76,Treatment,40,4.72
Austin,3,4,76,Treatment,45,4.82
Austin,3,4,76,Treatment,50,4.66
Austin,3,4,76,Treatment,55,4.66
Austin,3,5,77,Treatment,0,4.61
Austin,3,5,77,Treatment,5,4.45
Austin,3,5,77,Treatment,10,4.52
Austin,3,5,77,Treatment,15,4.79
Austin,3,5,77,Treatment,20,4.63
Austin,3,5,77,Treatment,25,4.71
Austin,3,5,77,Treatment,30,4.8
Austin,3,5,77,Treatment,35,4.53
Austin,3,5,77,Treatment,40,4.82
Austin,3,5,77,Treatment,45,4.72
Austin,3,5,77,Treatment,50,4.32
Austin,3,5,77,Treatment,55,4.99
Austin,3,6,78,Control,0,4.21
Austin,3,6,78,Control,5,4.56
Austin,3,6,78,Control,10,4.75
Austin,3,6,78,Control,15,5.21
Austin,3,6,78,Control,20,5.13
Austin,3,6,78,Control,25,5.12
Austin,3,6,78,Control,30,5.35
Austin,3,6,78,Control,35,5.28
Austin,3,6,78,Control,40,5.28
Austin,3,6,78,Control,45,5.3
Austin,3,6,78,Control,50,5.35
Austin,3,6,78,Control,55,4.67
Austin,3,7,79,Control,0,4.65
Austin,3,7,79,Control,5,5.21
Austin,3,7,79,Control,10,5.2
Austin,3,7,79,Control,15,5.46
Austin,3,7,79,Control,20,5.5
Austin,3,7,79,Control,25,5.25
Austin,3,7,79,Control,30,5.07
Austin,3,7,79,Control,35,5.32
Austin,3,7,79,Control,40,5.07
Austin,3,7,79,Control,45,5.2
Austin,3,7,79,Control,50,5.45
Austin,3,7,79,Control,55,5.06
Austin,3,8,80,Control,0,5.37
Austin,3,8,80,Control,5,4.96
Austin,3,8,80,Control,10,5.44
Austin,3,8,80,Control,15,5.37
Austin,3,8,80,Control,20,5.23
Austin,3,8,80,Control,25,5.01
Austin,3,8,80,Control,30,4.99
Austin,3,8,80,Control,35,5.07
Austin,3,8,80,Control,40,5.34
Austin,3,8,80,Control,45,4.96
Austin,3,8,80,Control,50,5.31
Austin,3,8,80,Control,55,4.89
Austin,3,9,81,Control,0,5.23
Austin,3,9,81,Control,5,5.81
Austin,3,9,81,Control,10,4.86
Austin,3,9,81,Control,15,5.57
Austin,3,9,81,Control,20,5.24
Austin,3,9,81,Control,25,5.3
Austin,3,9,81,Control,30,5.23
Austin,3,9,81,Control,35,5.31
Austin,3,9,81,Control,40,5.16
Austin,3,9,81,Control,45,5.56
Austin,3,9,81,Control,50,5.09
Austin,3,9,81,Control,55,5.48
Austin,3,10,82,Treatment,0,5.18
Austin,3,10,82,Treatment,5,4.74
Austin,3,10,82,Treatment,10,4.93
Austin,3,10,82,Treatment,15,4.99
Austin,3,10,82,Treatment,20,4.61
Austin,3,10,82,Treatment,25,4.58
Austin,3,10,82,Treatment,30,4.35
Austin,3,10,82,Treatment,35,4.57
Austin,3,10,82,Treatment,40,4.23
Austin,3,10,82,Treatment,45,4.4
Austin,3,10,82,Treatment,50,4.68
Austin,3,10,82,Treatment,55,4.96
Austin,3,11,83,Control,0,4.48
Austin,3,11,83,Control,5,5.18
Austin,3,11,83,Control,10,5.07
Austin,3,11,83,Control,15,5.16
Austin,3,11,83,Control,20,5.31
Austin,3,11,83,Control,25,5.22
Austin,3,11,83,Control,30,5.23
Austin,3,11,83,Control,35,5.1
Austin,3,11,83,Control,40,4.85
Austin,3,11,83,Control,45,4.81
Austin,3,11,83,Control,50,5.36
Austin,3,11,83,Control,55,5.13
Austin,3,12,84,Control,0,5.2
Austin,3,12,84,Control,5,5.4
Austin,3,12,84,Control,10,5.25
Austin,3,12,84,Control,15,5.04
Austin,3,12,84,Control,20,5.51
Austin,3,12,84,Control,25,5.59
Austin,3,12,84,Control,30,5.32
Austin,3,12,84,Control,35,5.44
Austin,3,12,84,Control,40,5.51
Austin,3,12,84,Control,45,5.48
Austin,3,12,84,Control,50,5.35
Austin,3,12,84,Control,55,5.35
Austin,3,13,85,Control,0,4.93
Austin,3,13,85,Control,5,5.38
Austin,3,13,85,Control,10,4.86
Austin,3,13,85,Control,15,5.0
Austin,3,13,85,Control,20,5.53
Austin,3,13,85,Control,25,5.41
Austin,3,13,85,Control,30,5.57
Austin,3,13,85,Control,35,5.13
Austin,3,13,85,Control,40,4.91
Austin,3,13,85,Control,45,5.14
Austin,3,13,85,Control,50,5.23
Austin,3,13,85,Control,55,5.22
Austin,3,14,86,Treatment,0,5.11
Austin,3,14,86,Treatment,5,5.1
Austin,3,14,86,Treatment,10,4.57
Austin,3,14,86,Treatment,15,4.74
Austin,3,14,86,Treatment,20,4.63
Austin,3,14,86,Treatment,25,4.44
Austin,3,14,86,Treatment,30,4.57
Austin,3,14,86,Treatment,35,4.58
Austin,3,14,86,Treatment,40,4.56
Austin,3,14,86,Treatment,45,5.07
Austin,3,14,86,Treatment,50,4.6
Austin,3,14,86,Treatment,55,4.57
Austin,3,15,87,Control,0,4.4
Austin,3,15,87,Control,5,4.75
Austin,3,15,87,Control,10,4.84
Austin,3,15,87,Control,15,5.55
Austin,3,15,87,Control,20,5.16
Austin,3,15,87,Control,25,5.52
Austin,3,15,87,Control,30,5.22
Austin,3,15,87,Control,35,5.21
Austin,3,15,87,Control,40,5.18
Austin,3,15,87,Control,45,5.2
Austin,3,15,87,Control,50,5.63
Austin,3,15,87,Control,55,4.62
Austin,3,16,88,Treatment,0,5.06
Austin,3,16,88,Treatment,5,5.01
Austin,3,16,88,Treatment,10,4.99
Austin,3,16,88,Treatment,15,4.75
Austin,3,16,88,Treatment,20,4.53
Austin,3,16,88,Treatment,25,4.88
Austin,3,16,88,Treatment,30,4.89
Austin,3,16,88,Treatment,35,4.67
Austin,3,16,88,Treatment,40,4.87
Austin,3,16,88,Treatment,45,4.7
Austin,3,16,88,Treatment,50,4.49
Austin,3,16,88,Treatment,55,4.8
Austin,3,17,89,Treatment,0,4.63
Austin,3,17,89,Treatment,5,5.0
Austin,3,17,89,Treatment,10,4.02
Austin,3,17,89,Treatment,15,4.27
Austin,3,17,89,Treatment,20,4.33
Austin,3,17,89,Treatment,25,4.54
Austin,3,17,89,Treatment,30,4.56
Austin,3,17,89,Treatment,35,4.25
Austin,3,17,89,Treatment,40,4.38
Austin,3,17,89,Treatment,45,4.41
Austin,3,17,89,Treatment,50,5.24
Austin,3,17,89,Treatment,55,5.08
Austin,3,18,90,Treatment,0,4.54
Austin,3,18,90,Treatment,5,4.34
Austin,3,18,90,Treatment,10,4.15
Austin,3,18,90,Treatment,15,4.6
Austin,3,18,90,Treatment,20,4.38
Austin,3,18,90,Treatment,25,4.61
Austin,3,18,90,Treatment,30,4.23
Austin,3,18,90,Treatment,35,4.44
Austin,3,18,90,Treatment,40,4.67
Austin,3,18,90,Treatment,45,4.72
Austin,3,18,90,Treatment,50,4.73
Austin,3,18,90,Treatment,55,4.3
Austin,3,19,91,Control,0,4.43
Austin,3,19,91,Control,5,4.98
Austin,3,19,91,Control,10,5.01
Austin,3,19,91,Control,15,4.86
Austin,3,19,91,Control,20,5.12
Austin,3,19,91,Control,25,5.29
Austin,3,19,91,Control,30,5.35
Austin,3,19,91,Control,35,5.16
Austin,3,19,91,Control,40,5.58
Austin,3,19,91,Control,45,5.45
Austin,3,19,91,Control,50,5.14
Austin,3,19,91,Control,55,5.39
Austin,3,20,92,Treatment,0,5.69
Austin,3,20,92,Treatment,5,4.7
Austin,3,20,92,Treatment,10,4.59
Austin,3,20,92,Treatment,15,5.0
Austin,3,20,92,Treatment,20,4.36
Austin,3,20,92,Treatment,25,4.3
Austin,3,20,92,Treatment,30,4.51
Austin,3,20,92,Treatment,35,4.73
Austin,3,20,92,Treatment,40,4.6
Austin,3,20,92,Treatment,45,4.47
Austin,3,20,92,Treatment,50,4.46
Austin,3,20,92,Treatment,55,4.45
Austin,3,21,93,Treatment,0,5.2
Austin,3,21,93,Treatment,5,4.7
Austin,3,21,93,Treatment,10,4.85
Austin,3,21,93,Treatment,15,4.51
Austin,3,21,93,Treatment,20,4.58
Austin,3,21,93,Treatment,25,4.45
Austin,3,21,93,Treatment,30,3.97
Austin,3,21,93,Treatment,35,4.28
Austin,3,21,93,Treatment,40,4.18
Austin,3,21,93,Treatment,45,4.07
Austin,3,21,93,Treatment,50,4.33
Austin,3,21,93,Treatment,55,4.96
Austin,3,22,94,Control,0,4.95
Austin,3,22,94,Control,5,4.92
Austin,3,22,94,Control,10,5.2
Austin,3,22,94,Control,15,4.97
Austin,3,22,94,Control,20,5.33
Austin,3,22,94,Control,25,5.38
Austin,3,22,94,Control,30,5.06
Austin,3,22,94,Control,35,5.34
Austin,3,22,94,Control,40,5.34
Austin,3,22,94,Control,45,5.06
Austin,3,22,94,Control,50,4.92
Austin,3,22,94,Control,55,4.9
Austin,3,23,95,Treatment,0,4.63
Austin,3,23,95,Treatment,5,5.03
Austin,3,23,95,Treatment,10,4.9
Austin,3,23,95,Treatment,15,4.43
Austin,3,23,95,Treatment,20,4.63
Austin,3,23,95,Treatment,25,4.77
Austin,3,23,95,Treatment,30,4.78
Austin,3,23,95,Treatment,35,5.02
Austin,3,23,95,Treatment,40,4.95
Austin,3,23,95,Treatment,45,4.38
Austin,3,23,95,Treatment,50,5.05
Austin,3,23,95,Treatment,55,4.5
Austin,4,0,96,Treatment,0,4.64
Austin,4,0,96,Treatment,5,4.52
Austin,4,0,96,Treatment,10,4.18
Austin,4,0,96,Treatment,15,4.59
Austin,4,0,96,Treatment,20,4.24
Austin,4,0,96,Treatment,25,4.87
Austin,4,0,96,Treatment,30,5.01
Austin,4,0,96,Treatment,35,4.43
Austin,4,0,96,Treatment,40,4.7
Austin,4,0,96,Treatment,45,4.45
Austin,4,0,96,Treatment,50,4.47
Austin,4,0,96,Treatment,55,4.82
Austin,4,1,97,Treatment,0,5.06
Austin,4,1,97,Treatment,5,4.51
Austin,4,1,97,Treatment,10,4.88
Austin,4,1,97,Treatment,15,4.65
Austin,4,1,97,Treatment,20,4.83
Austin,4,1,97,Treatment,25,4.52
Austin,4,1,97,Treatment,30,4.62
Austin,4,1,97,Treatment,35,4.6
Austin,4,1,97,Treatment,40,4.42
Austin,4,1,97,Treatment,45,4.79
Austin,4,1,97,Treatment,50,4.79
Austin,4,1,97,Treatment,55,4.78
Austin,4,2,98,Treatment,0,4.99
Austin,4,2,98,Treatment,5,4.53
Austin,4,2,98,Treatment,10,4.72
Austin,4,2,98,Treatment,15,4.47
Austin,4,2,98,Treatment,20,4.63
Austin,4,2,98,Treatment,25,4.48
Austin,4,2,98,Treatment,30,5.03
Austin,4,2,98,Treatment,35,4.72
Austin,4,2,98,Treatment,40,4.57
Austin,4,2,98,Treatment,45,4.93
Austin,4,2,98,Treatment,50,4.09
Austin,4,2,98,Treatment,55,4.12
Austin,4,3,99,Treatment,0,4.64
Austin,4,3,99,Treatment,5,4.69
Austin,4,3,99,Treatment,10,4.3
Austin,4,3,99,Treatment,15,4.62
Austin,4,3,99,Treatment,20,5.13
Austin,4,3,99,Treatment,25,4.83
Austin,4,3,99,Treatment,30,4.67
Austin,4,3,99,Treatment,35,4.52
Austin,4,3,99,Treatment,40,4.53
Austin,4,3,99,Treatment,45,4.1
Austin,4,3,99,Treatment,50,4.69
Austin,4,3,99,Treatment,55,4.84
Austin,4,4,100,Control,0,4.46
Austin,4,4,100,Control,5,4.53
Austin,4,4,100,Control,10,4.77
Austin,4,4,100,Control,15,5.21
Austin,4,4,100,Control,20,4.68
Austin,4,4,100,Control,25,5.35
Austin,4,4,100,Control,30,5.39
Austin,4,4,100,Control,35,5.14
Austin,4,4,100,Control,40,4.58
Austin,4,4,100,Control,45,4.95
Austin,4,4,100,Control,50,5.51
Austin,4,4,100,Control,55,4.51
Austin,4,5,101,Treatment,0,4.9
Austin,4,5,101,Treatment,5,5.21
Austin,4,5,101,Treatment,10,4.65
Austin,4,5,101,Treatment,15,4.73
Austin,4,5,101,Treatment,20,4.77
Austin,4,5,101,Treatment,25,5.09
Austin,4,5,101,Treatment,30,4.58
Austin,4,5,101,Treatment,35,4.72
Austin,4,5,101,Treatment,40,4.26
Austin,4,5,101,Treatment,45,4.93
Austin,4,5,101,Treatment,50,4.44
Austin,4,5,101,Treatment,55,4.49
Austin,4,6,102,Treatment,0,4.24
Austin,4,6,102,Treatment,5,4.69
Austin,4,6,102,Treatment,10,4.87
Austin,4,6,102,Treatment,15,4.7
Austin,4,6,102,Treatment,20,4.23
Austin,4,6,102,Treatment,25,4.6
Austin,4,6,102,Treatment,30,4.81
Austin,4,6,102,Treatment,35,4.16
Austin,4,6,102,Treatment,40,4.36
Austin,4,6,102,Treatment,45,4.85
Austin,4,6,102,Treatment,50,4.7
Austin,4,6,102,Treatment,55,4.73
Austin,4,7,103,Control,0,4.75
Austin,4,7,103,Control,5,4.98
Austin,4,7,103,Control,10,5.69
Austin,4,7,103,Control,15,5.15
Austin,4,7,103,Control,20,5.0
Austin,4,7,103,Control,25,5.31
Austin,4,7,103,Control,30,5.31
Austin,4,7,103,Control,35,5.07
Austin,4,7,103,Control,40,4.94
Austin,4,7,103,Control,45,5.78
Austin,4,7,103,Control,50,5.28
Austin,4,7,103,Control,55,5.02
Austin,4,8,104,Treatment,0,5.17
Austin,4,8,104,Treatment,5,4.95
Austin,4,8,104,Treatment,10,4.96
Austin,4,8,104,Treatment,15,4.31
Austin,4,8,104,Treatment,20,4.72
Austin,4,8,104,Treatment,25,5.11
Austin,4,8,104,Treatment,30,4.74
Austin,4,8,104,Treatment,35,4.53
Austin,4,8,104,Treatment,40,4.5
Austin,4,8,104,Treatment,45,4.53
Austin,4,8,104,Treatment,50,4.56
Austin,4,8,104,Treatment,55,4.53
Austin,4,9,105,Treatment,0,4.19
Austin,4,9,105,Treatment,5,4.84
Austin,4,9,105,Treatment,10,4.53
Austin,4,9,105,Treatment,15,4.72
Austin,4,9,105,Treatment,20,4.35
Austin,4,9,105,Treatment,25,4.96
Austin,4,9,105,Treatment,30,4.94
Austin,4,9,105,Treatment,35,4.87
Austin,4,9,105,Treatment,40,4.25
Austin,4,9,105,Treatment,45,4.84
Austin,4,9,105,Treatment,50,4.73
Austin,4,9,105,Treatment,55,4.23
Austin,4,10,106,Treatment,0,4.72
Austin,4,10,106,Treatment,5,4.77
Austin,4,10,106,Treatment,10,4.67
Austin,4,10,106,Treatment,15,4.7
Austin,4,10,106,Treatment,20,5.0
Austin,4,10,106,Treatment,25,4.93
Austin,4,10,106,Treatment,30,3.91
Austin,4,10,106,Treatment,35,4.55
Austin,4,10,106,Treatment,40,4.59
Austin,4,10,106,Treatment,45,4.19
Austin,4,10,106,Treatment,50,4.65
Austin,4,10,106,Treatment,55,4.94
Austin,4,11,107,Treatment,0,4.71
Austin,4,11,107,Treatment,5,4.4
Austin,4,11,107,Treatment,10,4.46
Austin,4,11,107,Treatment,15,5.0
Austin,4,11,107,Treatment,20,4.49
Austin,4,11,107,Treatment,25,4.74
Austin,4,11,107,Treatment,30,4.16
Austin,4,11,107,Treatment,35,5.09
Austin,4,11,107,Treatment,40,4.78
Austin,4,11,107,Treatment,45,4.58
Austin,4,11,107,Treatment,50,4.77
Austin,4,11,107,Treatment,55,4.28
Austin,4,12,108,Treatment,0,4.55
Austin,4,12,108,Treatment,5,4.58
Austin,4,12,108,Treatment,10,4.51
Austin,4,12,108,Treatment,15,4.48
Austin,4,12,108,Treatment,20,4.8
Austin,4,12,108,Treatment,25,4.69
Austin,4,12,108,Treatment,30,4.79
Austin,4,12,108,Treatment,35,4.63
Austin,4,12,108,Treatment,40,4.76
Austin,4,12,108,Treatment,45,4.52
Austin,4,12,108,Treatment,50,5.19
Austin,4,12,108,Treatment,55,4.24
Austin,4,13,109,Control,0,4.97
Austin,4,13,109,Control,5,4.61
Austin,4,13,109,Control,10,5.57
Austin,4,13,109,Control,15,5.45
Austin,4,13,109,Control,20,5.44
Austin,4,13,109,Control,25,5.21
Austin,4,13,109,Control,30,5.15
Austin,4,13,109,Control,35,5.15
Austin,4,13,109,Control,40,5.3
Austin,4,13,109,Control,45,5.55
Austin,4,13,109,Control,50,5.25
Austin,4,13,109,Control,55,4.97
Austin,4,14,110,Treatment,0,5.43
Austin,4,14,110,Treatment,5,5.17
Austin,4,14,110,Treatment,10,5.01
Austin,4,14,110,Treatment,15,4.56
Austin,4,14,110,Treatment,20,4.4
Austin,4,14,110,Treatment,25,4.41
Austin,4,14,110,Treatment,30,4.22
Austin,4,14,110,Treatment,35,4.69
Austin,4,14,110,Treatment,40,4.61
Austin,4,14,110,Treatment,45,4.52
Austin,4,14,110,Treatment,50,3.89
Austin,4,14,110,Treatment,55,4.32
Austin,4,15,111,Treatment,0,4.46
Austin,4,15,111,Treatment,5,4.72
Austin,4,15,111,Treatment,10,4.28
Austin,4,15,111,Treatment,15,4.99
Austin,4,15,111,Treatment,20,4.59
Austin,4,15,111,Treatment,25,4.7
Austin,4,15,111,Treatment,30,5.21
Austin,4,15,111,Treatment,35,5.01
Austin,4,15,111,Treatment,40,4.55
Austin,4,15,111,Treatment,45,4.48
Austin,4,15,111,Treatment,50,4.55
Austin,4,15,111,Treatment,55,4.76
Austin,4,16,112,Control,0,4.53
Austin,4,16,112,Control,5,5.19
Austin,4,16,112,Control,10,4.98
Austin,4,16,112,Control,15,5.77
Austin,4,16,112,Control,20,5.22
Austin,4,16,112,Control,25,5.65
Austin,4,16,112,Control,30,5.29
Austin,4,16,112,Control,35,5.44
Austin,4,16,112,Control,40,5.02
Austin,4,16,112,Control,45,4.99
Austin,4,16,112,Control,50,5.31
Austin,4,16,112,Control,55,5.45
Austin,4,17,113,Control,0,4.88
Austin,4,17,113,Control,5,4.86
Austin,4,17,113,Control,10,4.84
Austin,4,17,113,Control,15,4.76
Austin,4,17,113,Control,20,5.23
Austin,4,17,113,Control,25,5.48
Austin,4,17,113,Control,30,5.2
Austin,4,17,113,Control,35,4.63
Austin,4,17,113,Control,40,5.15
Austin,4,17,113,Control,45,5.16
Austin,4,17,113,Control,50,5.72
Austin,4,17,113,Control,55,4.84
Austin,4,18,114,Treatment,0,5.63
Austin,4,18,114,Treatment,5,5.12
Austin,4,18,114,Treatment,10,4.96
Austin,4,18,114,Treatment,15,4.66
Austin,4,18,114,Treatment,20,4.71
Austin,4,18,114,Treatment,25,4.82
Austin,4,18,114,Treatment,30,4.43
Austin,4,18,114,Treatment,35,4.85
Austin,4,18,114,Treatment,40,4.28
Austin,4,18,114,Treatment,45,4.71
Austin,4,18,114,Treatment,50,4.67
Austin,4,18,114,Treatment,55,4.47
Austin,4,19,115,Treatment,0,4.47
Austin,4,19,115,Treatment,5,4.36
Austin,4,19,115,Treatment,10,4.54
Austin,4,19,115,Treatment,15,4.35
Austin,4,19,115,Treatment,20,4.71
Austin,4,19,115,Treatment,25,4.34
Austin,4,19,115,Treatment,30,4.81
Austin,4,19,115,Treatment,35,4.33
Austin,4,19,115,Treatment,40,4.49
Austin,4,19,115,Treatment,45,4.47
Austin,4,19,115,Treatment,50,4.96
Austin,4,19,115,Treatment,55,4.71
Austin,4,20,116,Treatment,0,4.75
Austin,4,20,116,Treatment,5,4.1
Austin,4,20,116,Treatment,10,4.62
Austin,4,20,116,Treatment,15,5.13
Austin,4,20,116,Treatment,20,4.66
Austin,4,20,116,Treatment,25,4.64
Austin,4,20,116,Treatment,30,4.77
Austin,4,20,116,Treatment,35,4.85
Austin,4,20,116,Treatment,40,4.13
Austin,4,20,116,Treatment,45,4.21
Austin,4,20,116,Treatment,50,4.68
Austin,4,20,116,Treatment,55,4.45
Austin,4,21,117,Treatment,0,4.55
Austin,4,21,117,Treatment,5,4.14
Austin,4,21,117,Treatment,10,4.31
Austin,4,21,117,Treatment,15,3.94
Austin,4,21,117,Treatment,20,4.57
Austin,4,21,117,Treatment,25,4.58
Austin,4,21,117,Treatment,30,4.52
Austin,4,21,117,Treatment,35,4.9
Austin,4,21,117,Treatment,40,4.93
Austin,4,21,117,Treatment,45,4.59
Austin,4,21,117,Treatment,50,4.09
Austin,4,21,117,Treatment,55,4.78
Austin,4,22,118,Treatment,0,4.71
Austin,4,22,118,Treatment,5,4.87
Austin,4,22,118,Treatment,10,4.34
Austin,4,22,118,Treatment,15,5.13
Austin,4,22,118,Treatment,20,4.39
Austin,4,22,118,Treatment,25,4.82
Austin,4,22,118,Treatment,30,4.21
Austin,4,22,118,Treatment,35,4.4
Austin,4,22,118,Treatment,40,5.01
Austin,4,22,118,Treatment,45,4.56
Austin,4,22,118,Treatment,50,4.84
Austin,4,22,118,Treatment,55,4.69
Austin,4,23,119,Treatment,0,4.97
Austin,4,23,119,Treatment,5,4.57
Austin,4,23,119,Treatment,10,4.18
Austin,4,23,119,Treatment,15,4.43
Austin,4,23,119,Treatment,20,4.77
Austin,4,23,119,Treatment,25,4.73
Austin,4,23,119,Treatment,30,4.24
Austin,4,23,119,Treatment,35,4.45
Austin,4,23,119,Treatment,40,4.48
Austin,4,23,119,Treatment,45,4.54
Austin,4,23,119,Treatment,50,4.28
Austin,4,23,119,Treatment,55,4.47
Austin,5,0,120,Treatment,0,4.82
Austin,5,0,120,Treatment,5,4.83
Austin,5,0,120,Treatment,10,4.59
Austin,5,0,120,Treatment,15,4.53
Austin,5,0,120,Treatment,20,4.66
Austin,5,0,120,Treatment,25,4.42
Austin,5,0,120,Treatment,30,4.34
Austin,5,0,120,Treatment,35,4.39
Austin,5,0,120,Treatment,40,4.47
Austin,5,0,120,Treatment,45,4.34
Austin,5,0,120,Treatment,50,4.67
Austin,5,0,120,Treatment,55,4.81
Austin,5,1,121,Treatment,0,4.63
Austin,5,1,121,Treatment,5,4.57
Austin,5,1,121,Treatment,10,4.71
Austin,5,1,121,Treatment,15,4.62
Austin,5,1,121,Treatment,20,4.26
Austin,5,1,121,Treatment,25,4.31
Austin,5,1,121,Treatment,30,4.64
Austin,5,1,121,Treatment,35,4.89
Austin,5,1,121,Treatment,40,4.07
Austin,5,1,121,Treatment,45,4.71
Austin,5,1,121,Treatment,50,4.93
Austin,5,1,121,Treatment,55,4.59
Austin,5,2,122,Control,0,4.45
Austin,5,2,122,Control,5,4.79
Austin,5,2,122,Control,10,4.6
Austin,5,2,122,Control,15,4.61
Austin,5,2,122,Control,20,5.44
Austin,5,2,122,Control,25,4.95
Austin,5,2,122,Control,30,5.09
Austin,5,2,122,Control,35,4.85
Austin,5,2,122,Control,40,4.85
Austin,5,2,122,Control,45,5.16
Austin,5,2,122,Control,50,5.02
Austin,5,2,122,Control,55,5.29
Austin,5,3,123,Treatment,0,5.28
Austin,5,3,123,Treatment,5,5.07
Austin,5,3,123,Treatment,10,5.21
Austin,5,3,123,Treatment,15,4.36
Austin,5,3,123,Treatment,20,4.61
Austin,5,3,123,Treatment,25,4.91
Austin,5,3,123,Treatment,30,4.94
Austin,5,3,123,Treatment,35,4.27
Austin,5,3,123,Treatment,40,4.55
Austin,5,3,123,Treatment,45,4.97
Austin,5,3,123,Treatment,50,4.76
Austin,5,3,123,Treatment,55,4.68
Austin,5,4,124,Control,0,4.53
Austin,5,4,124,Control,5,4.89
Austin,5,4,124,Control,10,4.95
Austin,5,4,124,Control,15,5.19
Austin,5,4,124,Control,20,5.22
Austin,5,4,124,Control,25,5.03
Austin,5,4,124,Control,30,5.33
Austin,5,4,124,Control,35,5.93
Austin,5,4,124,Control,40,4.76
Austin,5,4,124,Control,45,5.28
Austin,5,4,124,Control,50,5.01
Austin,5,4,124,Control,55,5.34
Austin,5,5,125,Control,0,5.39
Austin,5,5,125,Control,5,5.49
Austin,5,5,125,Control,10,5.25
Austin,5,5,125,Control,15,5.48
Austin,5,5,125,Control,20,4.61
Austin,5,5,125,Control,25,5.6
Austin,5,5,125,Control,30,5.29
Austin,5,5,125,Control,35,5.47
Austin,5,5,125,Control,40,4.9
Austin,5,5,125,Control,45,4.99
Austin,5,5,125,Control,50,5.24
Austin,5,5,125,Control,55,5.2
Austin,5,6,126,Control,0,5.47
Austin,5,6,126,Control,5,4.76
Austin,5,6,126,Control,10,5.44
Austin,5,6,126,Control,15,5.2
Austin,5,6,126,Control,20,5.15
Austin,5,6,126,Control,25,4.83
Austin,5,6,126,Control,30,5.33
Austin,5,6,126,Control,35,4.6
Austin,5,6,126,Control,40,5.36
Austin,5,6,126,Control,45,4.83
Austin,5,6,126,Control,50,5.21
Austin,5,6,126,Control,55,5.17
Austin,5,7,127,Control,0,5.16
Austin,5,7,127,Control,5,5.03
Austin,5,7,127,Control,10,5.07
Austin,5,7,127,Control,15,5.52
Austin,5,7,127,Control,20,5.33
Austin,5,7,127,Control,25,5.1
Austin,5,7,127,Control,30,5.14
Austin,5,7,127,Control,35,4.81
Austin,5,7,127,Control,40,5.3
Austin,5,7,127,Control,45,4.76
Austin,5,7,127,Control,50,5.39
Austin,5,7,127,Control,55,5.23
Austin,5,8,128,Control,0,4.92
Austin,5,8,128,Control,5,5.17
Austin,5,8,128,Control,10,5.65
Austin,5,8,128,Control,15,5.5
Austin,5,8,128,Control,20,5.03
Austin,5,8,128,Control,25,5.26
Austin,5,8,128,Control,30,5.2
Austin,5,8,128,Control,35,5.27
Austin,5,8,128,Control,40,5.03
Austin,5,8,128,Control,45,5.18
Austin,5,8,128,Control,50,4.8
Austin,5,8,128,Control,55,5.23
Austin,5,9,129,Treatment,0,5.14
Austin,5,9,129,Treatment,5,4.61
Austin,5,9,129,Treatment,10,5.07
Austin,5,9,129,Treatment,15,4.72
Austin,5,9,129,Treatment,20,4.45
Austin,5,9,129,Treatment,25,4.56
Austin,5,9,129,Treatment,30,4.25
Austin,5,9,129,Treatment,35,4.37
Austin,5,9,129,Treatment,40,4.49
Austin,5,9,129,Treatment,45,4.94
Austin,5,9,129,Treatment,50,4.47
Austin,5,9,129,Treatment,55,4.79
Austin,5,10,130,Control,0,4.69
Austin,5,10,130,Control,5,4.78
Austin,5,10,130,Control,10,5.23
Austin,5,10,130,Control,15,5.07
Austin,5,10,130,Control,20,4.81
Austin,5,10,130,Control,25,4.85
Austin,5,10,130,Control,30,5.07
Austin,5,10,130,Control,35,4.89
Austin,5,10,130,Control,40,5.3
Austin,5,10,130,Control,45,5.08
Austin,5,10,130,Control,50,5.79
Austin,5,10,130,Control,55,4.77
Austin,5,11,131,Treatment,0,4.92
Austin,5,11,131,Treatment,5,4.89
Austin,5,11,131,Treatment,10,4.85
Austin,5,11,131,Treatment,15,4.05
Austin,5,11,131,Treatment,20,4.69
Austin,5,11,131,Treatment,25,5.1
Austin,5,11,131,Treatment,30,4.51
Austin,5,11,131,Treatment,35,4.69
Austin,5,11,131,Treatment,40,4.88
Austin,5,11,131,Treatment,45,4.59
Austin,5,11,131,Treatment,50,4.48
Austin,5,11,131,Treatment,55,4.06
Austin,5,12,132,Control,0,4.6
Austin,5,12,132,Control,5,4.57
Austin,5,12,132,Control,10,5.04
Austin,5,12,132,Control,15,5.05
Austin,5,12,132,Control,20,5.07
Austin,5,12,132,Control,25,5.35
Austin,5,12,132,Control,30,4.87
Austin,5,12,132,Control,35,5.46
Austin,5,12,132,Control,40,4.85
Austin,5,12,132,Control,45,5.03
Austin,5,12,132,Control,50,5.68
Austin,5,12,132,Control,55,5.48
Austin,5,13,133,Treatment,0,4.96
Austin,5,13,133,Treatment,5,4.88
Austin,5,13,133,Treatment,10,4.84
Austin,5,13,133,Treatment,15,4.64
Austin,5,13,133,Treatment,20,4.61
Austin,5,13,133,Treatment,25,4.62
Austin,5,13,133,Treatment,30,4.57
Austin,5,13,133,Treatment,35,4.27
Austin,5,13,133,Treatment,40,4.5
Austin,5,13,133,Treatment,45,4.86
Austin,5,13,133,Treatment,50,4.29
Austin,5,13,133,Treatment,55,4.58
Austin,5,14,134,Control,0,4.66
Austin,5,14,134,Control,5,4.72
Austin,5,14,134,Control,10,5.38
Austin,5,14,134,Control,15,5.33
Austin,5,14,134,Control,20,4.87
Austin,5,14,134,Control,25,5.37
Austin,5,14,134,Control,30,5.01
Austin,5,14,134,Control,35,5.06
Austin,5,14,134,Control,40,5.28
Austin,5,14,134,Control,45,5.08
Austin,5,14,134,Control,50,5.42
Austin,5,14,134,Control,55,5.01
Austin,5,15,135,Control,0,5.04
Austin,5,15,135,Control,5,5.06
Austin,5,15,135,Control,10,5.47
Austin,5,15,135,Control,15,5.36
Austin,5,15,135,Control,20,5.63
Austin,5,15,135,Control,25,5.77
Austin,5,15,135,Control,30,4.94
Austin,5,15,135,Control,35,5.22
Austin,5,15,135,Control,40,4.91
Austin,5,15,135,Control,45,5.01
Austin,5,15,135,Control,50,5.04
Austin,5,15,135,Control,55,4.94
Austin,5,16,136,Treatment,0,5.16
Austin,5,16,136,Treatment,5,4.71
Austin,5,16,136,Treatment,10,5.03
Austin,5,16,136,Treatment,15,4.4
Austin,5,16,136,Treatment,20,5.33
Austin,5,16,136,Treatment,25,4.52
Austin,5,16,136,Treatment,30,4.65
Austin,5,16,136,Treatment,35,4.3
Austin,5,16,136,Treatment,40,5.05
Austin,5,16,136,Treatment,45,4.91
Austin,5,16,136,Treatment,50,4.7
Austin,5,16,136,Treatment,55,4.29
Austin,5,17,137,Control,0,4.35
Austin,5,17,137,Control,5,5.18
Austin,5,17,137,Control,10,5.21
Austin,5,17,137,Control,15,5.22
Austin,5,17,137,Control,20,4.59
Austin,5,17,137,Control,25,4.95
Austin,5,17,137,Control,30,5.37
Austin,5,17,137,Control,35,5.5
Austin,5,17,137,Control,40,5.48
Austin,5,17,137,Control,45,4.8
Austin,5,17,137,Control,50,5.28
Austin,5,17,137,Control,55,5.45
Austin,5,18,138,Treatment,0,5.2
Austin,5,18,138,Treatment,5,5.08
Austin,5,18,138,Treatment,10,4.74
Austin,5,18,138,Treatment,15,4.16
Austin,5,18,138,Treatment,20,4.55
Austin,5,18,138,Treatment,25,4.55
Austin,5,18,138,Treatment,30,4.59
Austin,5,18,138,Treatment,35,4.49
Austin,5,18,138,Treatment,40,4.52
Austin,5,18,138,Treatment,45,4.62
Austin,5,18,138,Treatment,50,4.74
Austin,5,18,138,Treatment,55,4.55
Austin,5,19,139,Treatment,0,4.65
Austin,5,19,139,Treatment,5,4.15
Austin,5,19,139,Treatment,10,4.75
Austin,5,19,139,Treatment,15,4.63
Austin,5,19,139,Treatment,20,4.64
Austin,5,19,139,Treatment,25,4.87
Austin,5,19,139,Treatment,30,4.14
Austin,5,19,139,Treatment,35,4.13
Austin,5,19,139,Treatment,40,4.7
Austin,5,19,139,Treatment,45,4.63
Austin,5,19,139,Treatment,50,4.67
Austin,5,19,139,Treatment,55,4.51
Austin,5,20,140,Control,0,4.86
Austin,5,20,140,Control,5,4.94
Austin,5,20,140,Control,10,4.94
Austin,5,20,140,Control,15,4.67
Austin,5,20,140,Control,20,5.39
Austin,5,20,140,Control,25,5.51
Austin,5,20,140,Control,30,5.36
Austin,5,20,140,Control,35,4.98
Austin,5,20,140,Control,40,5.37
Austin,5,20,140,Control,45,5.42
Austin,5,20,140,Control,50,5.59
Austin,5,20,140,Control,55,4.98
Austin,5,21,141,Control,0,5.39
Austin,5,21,141,Control,5,5.21
Austin,5,21,141,Control,10,4.92
Austin,5,21,141,Control,15,5.3
Austin,5,21,141,Control,20,5.34
Austin,5,21,141,Control,25,5.22
Austin,5,21,141,Control,30,5.25
Austin,5,21,141,Control,35,5.14
Austin,5,21,141,Control,40,5.57
Austin,5,21,141,Control,45,4.97
Austin,5,21,141,Control,50,5.05
Austin,5,21,141,Control,55,5.2
Austin,5,22,142,Treatment,0,4.83
Austin,5,22,142,Treatment,5,4.68
Austin,5,22,142,Treatment,10,4.31
Austin,5,22,142,Treatment,15,4.64
Austin,5,22,142,Treatment,20,4.35
Austin,5,22,142,Treatment,25,4.53
Austin,5,22,142,Treatment,30,4.79
Austin,5,22,142,Treatment,35,4.47
Austin,5,22,142,Treatment,40,4.69
Austin,5,22,142,Treatment,45,4.55
Austin,5,22,142,Treatment,50,4.8
Austin,5,22,142,Treatment,55,4.75
Austin,5,23,143,Control,0,4.59
Austin,5,23,143,Control,5,5.08
Austin,5,23,143,Control,10,5.11
Austin,5,23,143,Control,15,4.85
Austin,5,23,143,Control,20,5.36
Austin,5,23,143,Control,25,4.93
Austin,5,23,143,Control,30,5.55
Austin,5,23,143,Control,35,5.46
Austin,5,23,143,Control,40,5.27
Austin,5,23,143,Control,45,5.24
Austin,5,23,143,Control,50,5.15
Austin,5,23,143,Control,55,5.37
Austin,6,0,144,Control,0,5.26
Austin,6,0,144,Control,5,5.42
Austin,6,0,144,Control,10,5.06
Austin,6,0,144,Control,15,5.05
Austin,6,0,144,Control,20,4.9
Austin,6,0,144,Control,25,4.93
Austin,6,0,144,Control,30,4.74
Austin,6,0,144,Control,35,5.38
Austin,6,0,144,Control,40,5.65
Austin,6,0,144,Control,45,5.56
Austin,6,0,144,Control,50,4.79
Austin,6,0,144,Control,55,5.38
Austin,6,1,145,Treatment,0,5.09
Austin,6,1,145,Treatment,5,5.03
Austin,6,1,145,Treatment,10,4.32
Austin,6,1,145,Treatment,15,4.69
Austin,6,1,145,Treatment,20,4.36
Austin,6,1,145,Treatment,25,4.68
Austin,6,1,145,Treatment,30,4.24
Austin,6,1,145,Treatment,35,4.76
Austin,6,1,145,Treatment,40,4.88
Austin,6,1,145,Treatment,45,4.43
Austin,6,1,145,Treatment,50,4.34
Austin,6,1,145,Treatment,55,4.09
Austin,6,2,146,Treatment,0,4.48
Austin,6,2,146,Treatment,5,4.24
Austin,6,2,146,Treatment,10,4.74
Austin,6,2,146,Treatment,15,4.52
Austin,6,2,146,Treatment,20,4.36
Austin,6,2,146,Treatment,25,4.49
Austin,6,2,146,Treatment,30,4.9
Austin,6,2,146,Treatment,35,4.78
Austin,6,2,146,Treatment,40,4.6
Austin,6,2,146,Treatment,45,4.78
Austin,6,2,146,Treatment,50,4.34
Austin,6,2,146,Treatment,55,4.64
Austin,6,3,147,Control,0,4.51
Austin,6,3,147,Control,5,4.93
Austin,6,3,147,Control,10,4.81
Austin,6,3,147,Control,15,5.33
Austin,6,3,147,Control,20,5.34
Austin,6,3,147,Control,25,4.47
Austin,6,3,147,Control,30,5.5
Austin,6,3,147,Control,35,4.44
Austin,6,3,147,Control,40,5.05
Austin,6,3,147,Control,45,5.46
Austin,6,3,147,Control,50,5.12
Austin,6,3,147,Control,55,4.83
Austin,6,4,148,Treatment,0,5.46
Austin,6,4,148,Treatment,5,4.53
Austin,6,4,148,Treatment,10,5.1
Austin,6,4,148,Treatment,15,4.61
Austin,6,4,148,Treatment,20,4.33
Austin,6,4,148,Treatment,25,4.48
Austin,6,4,148,Treatment,30,4.37
Austin,6,4,148,Treatment,35,4.84
Austin,6,4,148,Treatment,40,4.81
Austin,6,4,148,Treatment,45,4.2
Austin,6,4,148,Treatment,50,4.53
Austin,6,4,148,Treatment,55,4.41
Austin,6,5,149,Control,0,4.29
Austin,6,5,149,Control,5,5.22
Austin,6,5,149,Control,10,5.0
Austin,6,5,149,Control,15,4.91
Austin,6,5,149,Control,20,5.03
Austin,6,5,149,Control,25,5.0
Austin,6,5,149,Control,30,4.88
Austin,6,5,149,Control,35,5.22
Austin,6,5,149,Control,40,4.89
Austin,6,5,149,Control,45,4.65
Austin,6,5,149,Control,50,5.11
Austin,6,5,149,Control,55,4.75
Austin,6,6,150,Control,0,4.97
Austin,6,6,150,Control,5,4.98
Austin,6,6,150,Control,10,5.7
Austin,6,6,150,Control,15,5.21
Austin,6,6,150,Control,20,5.26
Austin,6,6,150,Control,25,4.76
Austin,6,6,150,Control,30,5.04
Austin,6,6,150,Control,35,5.25
Austin,6,6,150,Control,40,4.94
Austin,6,6,150,Control,45,5.43
Austin,6,6,150,Control,50,4.9
Austin,6,6,150,Control,55,5.13
Austin,6,7,151,Treatment,0,5.24
Austin,6,7,151,Treatment,5,4.85
Austin,6,7,151,Treatment,10,4.75
Austin,6,7,151,Treatment,15,4.57
Austin,6,7,151,Treatment,20,4.44
Austin,6,7,151,Treatment,25,4.75
Austin,6,7,151,Treatment,30,4.69
Austin,6,7,151,Treatment,35,4.61
Austin,6,7,151,Treatment,40,4.52
Austin,6,7,151,Treatment,45,4.83
Austin,6,7,151,Treatment,50,4.57
Austin,6,7,151,Treatment,55,4.55
Austin,6,8,152,Treatment,0,5.05
Austin,6,8,152,Treatment,5,4.29
Austin,6,8,152,Treatment,10,4.82
Austin,6,8,152,Treatment,15,4.15
Austin,6,8,152,Treatment,20,4.68
Austin,6,8,152,Treatment,25,5.02
Austin,6,8,152,Treatment,30,4.75
Austin,6,8,152,Treatment,35,4.67
Austin,6,8,152,Treatment,40,4.49
Austin,6,8,152,Treatment,45,4.64
Austin,6,8,152,Treatment,50,4.56
Austin,6,8,152,Treatment,55,4.43
Austin,6,9,153,Treatment,0,4.68
Austin,6,9,153,Treatment,5,4.44
Austin,6,9,153,Treatment,10,4.43
Austin,6,9,153,Treatment,15,4.29
Austin,6,9,153,Treatment,20,4.73
Austin,6,9,153,Treatment,25,4.76
Austin,6,9,153,Treatment,30,4.69
Austin,6,9,153,Treatment,35,4.87
Austin,6,9,153,Treatment,40,4.65
Austin,6,9,153,Treatment,45,4.73
Austin,6,9,153,Treatment,50,4.7
Austin,6,9,153,Treatment,55,4.61
Austin,6,10,154,Control,0,5.18
Austin,6,10,154,Control,5,4.71
Austin,6,10,154,Control,10,4.84
Austin,6,10,154,Control,15,5.31
Austin,6,10,154,Control,20,5.26
Austin,6,10,154,Control,25,4.85
Austin,6,10,154,Control,30,5.48
Austin,6,10,154,Control,35,5.18
Austin,6,10,154,Control,40,4.92
Austin,6,10,154,Control,45,5.5
Austin,6,10,154,Control,50,5.36
Austin,6,10,154,Control,55,4.88
Austin,6,11,155,Control,0,5.36
Austin,6,11,155,Control,5,5.2
Austin,6,11,155,Control,10,5.6
Austin,6,11,155,Control,15,5.24
Austin,6,11,155,Control,20,5.19
Austin,6,11,155,Control,25,5.03
Austin,6,11,155,Control,30,5.35
Austin,6,11,155,Control,35,5.32
Austin,6,11,155,Control,40,5.2
Austin,6,11,155,Control,45,5.0
Austin,6,11,155,Control,50,5.23
Austin,6,11,155,Control,55,5.18
Austin,6,12,156,Control,0,4.83
Austin,6,12,156,Control,5,5.34
Austin,6,12,156,Control,10,4.55
Austin,6,12,156,Control,15,5.25
Austin,6,12,156,Control,20,5.08
Austin,6,12,156,Control,25,5.53
Austin,6,12,156,Control,30,5.08
Austin,6,12,156,Control,35,5.36
Austin,6,12,156,Control,40,5.1
Austin,6,12,156,Control,45,5.23
Austin,6,12,156,Control,50,5.38
Austin,6,12,156,Control,55,5.08
Austin,6,13,157,Treatment,0,4.95
Austin,6,13,157,Treatment,5,5.08
Austin,6,13,157,Treatment,10,5.05
Austin,6,13,157,Treatment,15,4.79
Austin,6,13,157,Treatment,20,5.11
Austin,6,13,157,Treatment,25,4.44
Austin,6,13,157,Treatment,30,4.28
Austin,6,13,157,Treatment,35,4.38
Austin,6,13,157,Treatment,40,4.79
Austin,6,13,157,Treatment,45,4.75
Austin,6,13,157,Treatment,50,4.65
Austin,6,13,157,Treatment,55,4.35
Austin,6,14,158,Treatment,0,4.32
Austin,6,14,158,Treatment,5,4.92
Austin,6,14,158,Treatment,10,5.34
Austin,6,14,158,Treatment,15,4.72
Austin,6,14,158,Treatment,20,4.77
Austin,6,14,158,Treatment,25,4.5
Austin,6,14,158,Treatment,30,4.18
Austin,6,14,158,Treatment,35,4.48
Austin,6,14,158,Treatment,40,4.35
Austin,6,14,158,Treatment,45,4.27
Austin,6,14,158,Treatment,50,5.06
Austin,6,14,158,Treatment,55,4.7
Austin,6,15,159,Control,0,4.55
Austin,6,15,159,Control,5,4.78
Austin,6,15,159,Control,10,5.25
Austin,6,15,159,Control,15,5.19
Austin,6,15,159,Control,20,5.33
Austin,6,15,159,Control,25,5.15
Austin,6,15,159,Control,30,5.11
Austin,6,15,159,Control,35,4.85
Austin,6,15,159,Control,40,4.71
Austin,6,15,159,Control,45,5.13
Austin,6,15,159,Control,50,5.21
Austin,6,15,159,Control,55,4.88
Austin,6,16,160,Treatment,0,5.21
Austin,6,16,160,Treatment,5,4.47
Austin,6,16,160,Treatment,10,4.59
Austin,6,16,160,Treatment,15,4.73
Austin,6,16,160,Treatment,20,4.72
Austin,6,16,160,Treatment,25,4.34
Austin,6,16,160,Treatment,30,4.67
Austin,6,16,160,Treatment,35,4.88
Austin,6,16,160,Treatment,40,4.82
Austin,6,16,160,Treatment,45,4.6
Austin,6,16,160,Treatment,50,4.51
Austin,6,16,160,Treatment,55,4.47
Austin,6,17,161,Control,0,4.68
Austin,6,17,161,Control,5,4.98
Austin,6,17,161,Control,10,5.04
Austin,6,17,161,Control,15,5.4
Austin,6,17,161,Control,20,5.22
Austin,6,17,161,Control,25,5.4
Austin,6,17,161,Control,30,5.42
Austin,6,17,161,Control,35,5.0
Austin,6,17,161,Control,40,4.75
Austin,6,17,161,Control,45,5.59
Austin,6,17,161,Control,50,5.26
Austin,6,17,161,Control,55,4.77
Austin,6,18,162,Control,0,5.39
Austin,6,18,162,Control,5,5.13
Austin,6,18,162,Control,10,5.07
Austin,6,18,162,Control,15,5.55
Austin,6,18,162,Control,20,4.94
Austin,6,18,162,Control,25,5.0
Austin,6,18,162,Control,30,5.25
Austin,6,18,162,Control,35,5.3
Austin,6,18,162,Control,40,5.32
Austin,6,18,162,Control,45,5.43
Austin,6,18,162,Control,50,5.25
Austin,6,18,162,Control,55,5.32
Austin,6,19,163,Treatment,0,5.22
Austin,6,19,163,Treatment,5,5.04
Austin,6,19,163,Treatment,10,4.87
Austin,6,19,163,Treatment,15,4.82
Austin,6,19,163,Treatment,20,4.77
Austin,6,19,163,Treatment,25,4.64
Austin,6,19,163,Treatment,30,4.43
Austin,6,19,163,Treatment,35,4.64
Austin,6,19,163,Treatment,40,4.62
Austin,6,19,163,Treatment,45,4.68
Austin,6,19,163,Treatment,50,5.18
Austin,6,19,163,Treatment,55,4.5
Austin,6,20,164,Treatment,0,4.9
Austin,6,20,164,Treatment,5,4.65
Austin,6,20,164,Treatment,10,5.21
Austin,6,20,164,Treatment,15,4.53
Austin,6,20,164,Treatment,20,4.71
Austin,6,20,164,Treatment,25,4.43
Austin,6,20,164,Treatment,30,4.54
Austin,6,20,164,Treatment,35,4.69
Austin,6,20,164,Treatment,40,4.84
Austin,6,20,164,Treatment,45,4.71
Austin,6,20,164,Treatment,50,4.94
Austin,6,20,164,Treatment,55,4.6
Austin,6,21,165,Control,0,5.3
Austin,6,21,165,Control,5,4.92
Austin,6,21,165,Control,10,4.83
Austin,6,21,165,Control,15,5.03
Austin,6,21,165,Control,20,4.96
Austin,6,21,165,Control,25,5.43
Austin,6,21,165,Control,30,5.11
Austin,6,21,165,Control,35,5.23
Austin,6,21,165,Control,40,5.18
Austin,6,21,165,Control,45,5.38
Austin,6,21,165,Control,50,4.99
Austin,6,21,165,Control,55,4.93
Austin,6,22,166,Control,0,5.35
Austin,6,22,166,Control,5,5.28
Austin,6,22,166,Control,10,5.0
Austin,6,22,166,Control,15,5.37
Austin,6,22,166,Control,20,5.01
Austin,6,22,166,Control,25,5.07
Austin,6,22,166,Control,30,4.96
Austin,6,22,166,Control,35,5.53
Austin,6,22,166,Control,40,5.36
Austin,6,22,166,Control,45,5.35
Austin,6,22,166,Control,50,5.51
Austin,6,22,166,Control,55,5.9
Austin,6,23,167,Control,0,5.02
Austin,6,23,167,Control,5,5.05
Austin,6,23,167,Control,10,4.99
Austin,6,23,167,Control,15,4.93
Austin,6,23,167,Control,20,5.13
Austin,6,23,167,Control,25,4.9
Austin,6,23,167,Control,30,5.28
Austin,6,23,167,Control,35,5.21
Austin,6,23,167,Control,40,5.32
Austin,6,23,167,Control,45,5.33
Austin,6,23,167,Control,50,5.35
Austin,6,23,167,Control,55,5.11
Austin,7,0,168,Treatment,0,5.26
Austin,7,0,168,Treatment,5,4.54
Austin,7,0,168,Treatment,10,4.57
Austin,7,0,168,Treatment,15,4.19
Austin,7,0,168,Treatment,20,4.63
Austin,7,0,168,Treatment,25,4.6
Austin,7,0,168,Treatment,30,4.51
Austin,7,0,168,Treatment,35,5.13
Austin,7,0,168,Treatment,40,4.77
Austin,7,0,168,Treatment,45,4.81
Austin,7,0,168,Treatment,50,4.4
Austin,7,0,168,Treatment,55,4.38
Austin,7,1,169,Treatment,0,4.67
Austin,7,1,169,Treatment,5,4.16
Austin,7,1,169,Treatment,10,4.58
Austin,7,1,169,Treatment,15,4.63
Austin,7,1,169,Treatment,20,4.57
Austin,7,1,169,Treatment,25,4.42
Austin,7,1,169,Treatment,30,4.49
Austin,7,1,169,Treatment,35,4.58
Austin,7,1,169,Treatment,40,4.65
Austin,7,1,169,Treatment,45,4.78
Austin,7,1,169,Treatment,50,4.9
Austin,7,1,169,Treatment,55,4.55
Austin,7,2,170,Control,0,4.74
Austin,7,2,170,Control,5,4.97
Austin,7,2,170,Control,10,4.9
Austin,7,2,170,Control,15,5.4
Austin,7,2,170,Control,20,5.44
Austin,7,2,170,Control,25,5.52
Austin,7,2,170,Control,30,5.64
Austin,7,2,170,Control,35,4.98
Austin,7,2,170,Control,40,5.2
Austin,7,2,170,Control,45,5.2
Austin,7,2,170,Control,50,5.18
Austin,7,2,170,Control,55,5.04
Austin,7,3,171,Control,0,5.22
Austin,7,3,171,Control,5,5.01
Austin,7,3,171,Control,10,5.22
Austin,7,3,171,Control,15,5.0
Austin,7,3,171,Control,20,4.93
Austin,7,3,171,Control,25,5.26
Austin,7,3,171,Control,30,5.24
Austin,7,3,171,Control,35,5.34
Austin,7,3,171,Control,40,5.75
Austin,7,3,171,Control,45,5.27
Austin,7,3,171,Control,50,5.32
Austin,7,3,171,Control,55,4.93
Austin,7,4,172,Treatment,0,5.6
Austin,7,4,172,Treatment,5,4.78
Austin,7,4,172,Treatment,10,4.56
Austin,7,4,172,Treatment,15,4.62
Austin,7,4,172,Treatment,20,4.61
Austin,7,4,172,Treatment,25,4.4
Austin,7,4,172,Treatment,30,4.55
Austin,7,4,172,Treatment,35,4.94
Austin,7,4,172,Treatment,40,4.43
Austin,7,4,172,Treatment,45,4.28
Austin,7,4,172,Treatment,50,4.86
Austin,7,4,172,Treatment,55,4.75
Austin,7,5,173,Treatment,0,4.23
Austin,7,5,173,Treatment,5,4.44
Austin,7,5,173,Treatment,10,4.61
Austin,7,5,173,Treatment,15,4.92
Austin,7,5,173,Treatment,20,4.37
Austin,7,5,173,Treatment,25,4.61
Austin,7,5,173,Treatment,30,4.8
Austin,7,5,173,Treatment,35,4.03
Austin,7,5,173,Treatment,40,4.89
Austin,7,5,173,Treatment,45,4.33
Austin,7,5,173,Treatment,50,4.71
Austin,7,5,173,Treatment,55,4.69
Austin,7,6,174,Control,0,4.77
Austin,7,6,174,Control,5,4.22
Austin,7,6,174,Control,10,4.81
Austin,7,6,174,Control,15,5.23
Austin,7,6,174,Control,20,5.15
Austin,7,6,174,Control,25,5.32
Austin,7,6,174,Control,30,5.4
Austin,7,6,174,Control,35,5.35
Austin,7,6,174,Control,40,5.15
Austin,7,6,174,Control,45,4.74
Austin,7,6,174,Control,50,5.09
Austin,7,6,174,Control,55,5.3
Austin,7,7,175,Treatment,0,5.36
Austin,7,7,175,Treatment,5,5.24
Austin,7,7,175,Treatment,10,4.85
Austin,7,7,175,Treatment,15,3.86
Austin,7,7,175,Treatment,20,4.31
Austin,7,7,175,Treatment,25,5.1
Austin,7,7,175,Treatment,30,4.49
Austin,7,7,175,Treatment,35,4.13
Austin,7,7,175,Treatment,40,4.94
Austin,7,7,175,Treatment,45,4.63
Austin,7,7,175,Treatment,50,4.9
Austin,7,7,175,Treatment,55,4.7
Austin,7,8,176,Treatment,0,4.72
Austin,7,8,176,Treatment,5,4.8
Austin,7,8,176,Treatment,10,5.2
Austin,7,8,176,Treatment,15,4.87
Austin,7,8,176,Treatment,20,4.23
Austin,7,8,176,Treatment,25,4.74
Austin,7,8,176,Treatment,30,4.91
Austin,7,8,176,Treatment,35,4.93
Austin,7,8,176,Treatment,40,4.52
Austin,7,8,176,Treatment,45,4.92
Austin,7,8,176,Treatment,50,4.86
Austin,7,8,176,Treatment,55,5.27
Austin,7,9,177,Control,0,4.5
Austin,7,9,177,Control,5,4.74
Austin,7,9,177,Control,10,4.89
Austin,7,9,177,Control,15,4.98
Austin,7,9,177,Control,20,4.51
Austin,7,9,177,Control,25,5.09
Austin,7,9,177,Control,30,5.29
Austin,7,9,177,Control,35,5.08
Austin,7,9,177,Control,40,5.68
Austin,7,9,177,Control,45,5.2
Austin,7,9,177,Control,50,5.52
Austin,7,9,177,Control,55,5.27
Austin,7,10,178,Control,0,5.27
Austin,7,10,178,Control,5,5.54
Austin,7,10,178,Control,10,5.21
Austin,7,10,178,Control,15,5.32
Austin,7,10,178,Control,20,5.29
Austin,7,10,178,Control,25,5.13
Austin,7,10,178,Control,30,5.3
Austin,7,10,178,Control,35,5.76
Austin,7,10,178,Control,40,5.13
Austin,7,10,178,Control,45,5.3
Austin,7,10,178,Control,50,5.51
Austin,7,10,178,Control,55,5.49
Austin,7,11,179,Treatment,0,4.6
Austin,7,11,179,Treatment,5,5.14
Austin,7,11,179,Treatment,10,4.26
Austin,7,11,179,Treatment,15,5.0
Austin,7,11,179,Treatment,20,4.67
Austin,7,11,179,Treatment,25,4.88
Austin,7,11,179,Treatment,30,4.4
Austin,7,11,179,Treatment,35,4.24
Austin,7,11,179,Treatment,40,4.69
Austin,7,11,179,Treatment,45,4.62
Austin,7,11,179,Treatment,50,4.51
Austin,7,11,179,Treatment,55,4.65
Austin,7,12,180,Control,0,4.84
Austin,7,12,180,Control,5,5.08
Austin,7,12,180,Control,10,5.22
Austin,7,12,180,Control,15,5.57
Austin,7,12,180,Control,20,5.15
Austin,7,12,180,Control,25,4.69
Austin,7,12,180,Control,30,5.15
Austin,7,12,180,Control,35,5.4
Austin,7,12,180,Control,40,4.96
Austin,7,12,180,Control,45,5.16
Austin,7,12,180,Control,50,5.03
Austin,7,12,180,Control,55,5.58
Austin,7,13,181,Control,0,5.36
Austin,7,13,181,Control,5,5.36
Austin,7,13,181,Control,10,5.19
Austin,7,13,181,Control,15,5.25
Austin,7,13,181,Control,20,4.9
Austin,7,13,181,Control,25,4.65
Austin,7,13,181,Control,30,5.24
Austin,7,13,181,Control,35,5.28
Austin,7,13,181,Control,40,5.5
Austin,7,13,181,Control,45,5.59
Austin,7,13,181,Control,50,5.59
Austin,7,13,181,Control,55,4.95
Austin,7,14,182,Treatment,0,5.32
Austin,7,14,182,Treatment,5,5.64
Austin,7,14,182,Treatment,10,5.19
Austin,7,14,182,Treatment,15,4.91
Austin,7,14,182,Treatment,20,4.53
Austin,7,14,182,Treatment,25,4.41
Austin,7,14,182,Treatment,30,4.83
Austin,7,14,182,Treatment,35,4.35
Austin,7,14,182,Treatment,40,4.57
Austin,7,14,182,Treatment,45,4.6
Austin,7,14,182,Treatment,50,5.03
Austin,7,14,182,Treatment,55,4.54
Austin,7,15,183,Control,0,4.75
Austin,7,15,183,Control,5,4.64
Austin,7,15,183,Control,10,5.02
Austin,7,15,183,Control,15,5.18
Austin,7,15,183,Control,20,5.13
Austin,7,15,183,Control,25,5.4
Austin,7,15,183,Control,30,4.82
Austin,7,15,183,Control,35,5.07
Austin,7,15,183,Control,40,5.37
Austin,7,15,183,Control,45,5.05
Austin,7,15,183,Control,50,4.8
Austin,7,15,183,Control,55,5.37
Austin,7,16,184,Treatment,0,5.19
Austin,7,16,184,Treatment,5,4.52
Austin,7,16,184,Treatment,10,5.0
Austin,7,16,184,Treatment,15,4.21
Austin,7,16,184,Treatment,20,4.71
Austin,7,16,184,Treatment,25,4.41
Austin,7,16,184,Treatment,30,4.34
Austin,7,16,184,Treatment,35,4.52
Austin,7,16,184,Treatment,40,4.58
Austin,7,16,184,Treatment,45,4.47
Austin,7,16,184,Treatment,50,4.78
Austin,7,16,184,Treatment,55,4.52
Austin,7,17,185,Control,0,4.7
Austin,7,17,185,Control,5,4.64
Austin,7,17,185,Control,10,4.79
Austin,7,17,185,Control,15,4.79
Austin,7,17,185,Control,20,5.27
Austin,7,17,185,Control,25,5.11
Austin,7,17,185,Control,30,4.61
Austin,7,17,185,Control,35,5.07
Austin,7,17,185,Control,40,4.97
Austin,7,17,185,Control,45,5.59
Austin,7,17,185,Control,50,4.77
Austin,7,17,185,Control,55,4.84
Austin,7,18,186,Control,0,5.54
Austin,7,18,186,Control,5,5.01
Austin,7,18,186,Control,10,5.04
Austin,7,18,186,Control,15,5.35
Austin,7,18,186,Control,20,4.62
Austin,7,18,186,Control,25,4.73
Austin,7,18,186,Control,30,5.13
Austin,7,18,186,Control,35,5.59
Austin,7,18,186,Control,40,5.09
Austin,7,18,186,Control,45,5.23
Austin,7,18,186,Control,50,5.48
Austin,7,18,186,Control,55,5.73
Austin,7,19,187,Control,0,5.2
Austin,7,19,187,Control,5,5.66
Austin,7,19,187,Control,10,4.82
Austin,7,19,187,Control,15,5.46
Austin,7,19,187,Control,20,4.95
Austin,7,19,187,Control,25,5.23
Austin,7,19,187,Control,30,5.14
Austin,7,19,187,Control,35,4.96
Austin,7,19,187,Control,40,4.95
Austin,7,19,187,Control,45,5.27
Austin,7,19,187,Control,50,5.45
Austin,7,19,187,Control,55,5.17
Austin,7,20,188,Control,0,5.34
Austin,7,20,188,Control,5,4.96
Austin,7,20,188,Control,10,5.38
Austin,7,20,188,Control,15,5.4
Austin,7,20,188,Control,20,5.85
Austin,7,20,188,Control,25,5.11
Austin,7,20,188,Control,30,5.09
Austin,7,20,188,Control,35,5.39
Austin,7,20,188,Control,40,5.4
Austin,7,20,188,Control,45,5.07
Austin,7,20,188,Control,50,5.1
Austin,7,20,188,Control,55,5.34
Austin,7,21,189,Control,0,5.1
Austin,7,21,189,Control,5,5.22
Austin,7,21,189,Control,10,5.45
Austin,7,21,189,Control,15,5.05
Austin,7,21,189,Control,20,4.74
Austin,7,21,189,Control,25,4.72
Austin,7,21,189,Control,30,4.89
Austin,7,21,189,Control,35,4.87
Austin,7,21,189,Control,40,5.16
Austin,7,21,189,Control,45,4.9
Austin,7,21,189,Control,50,5.02
Austin,7,21,189,Control,55,5.01
Austin,7,22,190,Treatment,0,5.53
Austin,7,22,190,Treatment,5,5.17
Austin,7,22,190,Treatment,10,4.82
Austin,7,22,190,Treatment,15,4.51
Austin,7,22,190,Treatment,20,4.52
Austin,7,22,190,Treatment,25,4.71
Austin,7,22,190,Treatment,30,4.77
Austin,7,22,190,Treatment,35,4.4
Austin,7,22,190,Treatment,40,4.64
Austin,7,22,190,Treatment,45,4.12
Austin,7,22,190,Treatment,50,4.68
Austin,7,22,190,Treatment,55,4.82
Austin,7,23,191,Treatment,0,5.08
Austin,7,23,191,Treatment,5,4.41
Austin,7,23,191,Treatment,10,4.68
Austin,7,23,191,Treatment,15,4.62
Austin,7,23,191,Treatment,20,4.6
Austin,7,23,191,Treatment,25,4.6
Austin,7,23,191,Treatment,30,4.65
Austin,7,23,191,Treatment,35,4.84
Austin,7,23,191,Treatment,40,4.97
Austin,7,23,191,Treatment,45,4.63
Austin,7,23,191,Treatment,50,4.83
Austin,7,23,191,Treatment,55,4.45
Austin,8,0,192,Treatment,0,4.44
Austin,8,0,192,Treatment,5,4.9
Austin,8,0,192,Treatment,10,5.18
Austin,8,0,192,Treatment,15,4.6
Austin,8,0,192,Treatment,20,4.08
Austin,8,0,192,Treatment,25,4.49
Austin,8,0,192,Treatment,30,4.94
Austin,8,0,192,Treatment,35,4.77
Austin,8,0,192,Treatment,40,4.69
Austin,8,0,192,Treatment,45,4.88
Austin,8,0,192,Treatment,50,4.75
Austin,8,0,192,Treatment,55,4.93
Austin,8,1,193,Control,0,5.01
Austin,8,1,193,Control,5,4.91
Austin,8,1,193,Control,10,5.24
Austin,8,1,193,Control,15,5.12
Austin,8,1,193,Control,20,5.05
Austin,8,1,193,Control,25,5.63
Austin,8,1,193,Control,30,5.25
Austin,8,1,193,Control,35,5.4
Austin,8,1,193,Control,40,5.23
Austin,8,1,193,Control,45,5.05
Austin,8,1,193,Control,50,5.2
Austin,8,1,193,Control,55,5.56
Austin,8,2,194,Control,0,4.77
Austin,8,2,194,Control,5,5.15
Austin,8,2,194,Control,10,5.65
Austin,8,2,194,Control,15,5.15
Austin,8,2,194,Control,20,4.75
Austin,8,2,194,Control,25,5.67
Austin,8,2,194,Control,30,5.37
Austin,8,2,194,Control,35,5.18
Austin,8,2,194,Control,40,5.11
Austin,8,2,194,Control,45,5.47
Austin,8,2,194,Control,50,5.06
Austin,8,2,194,Control,55,5.49
Austin,8,3,195,Treatment,0,5.26
Austin,8,3,195,Treatment,5,5.05
Austin,8,3,195,Treatment,10,4.77
Austin,8,3,195,Treatment,15,4.89
Austin,8,3,195,Treatment,20,4.41
Austin,8,3,195,Treatment,25,4.22
Austin,8,3,195,Treatment,30,4.78
Austin,8,3,195,Treatment,35,4.79
Austin,8,3,195,Treatment,40,4.75
Austin,8,3,195,Treatment,45,4.73
Austin,8,3,195,Treatment,50,4.55
Austin,8,3,195,Treatment,55,4.82
Austin,8,4,196,Control,0,4.51
Austin,8,4,196,Control,5,4.74
Austin,8,4,196,Control,10,5.51
Austin,8,4,196,Control,15,4.77
Austin,8,4,196,Control,20,5.32
Austin,8,4,196,Control,25,4.78
Austin,8,4,196,Control,30,5.17
Austin,8,4,196,Control,35,5.09
Austin,8,4,196,Control,40,4.68
Austin,8,4,196,Control,45,5.3
Austin,8,4,196,Control,50,5.1
Austin,8,4,196,Control,55,4.68
Austin,8,5,197,Treatment,0,5.56
Austin,8,5,197,Treatment,5,5.38
Austin,8,5,197,Treatment,10,4.91
Austin,8,5,197,Treatment,15,4.64
Austin,8,5,197,Treatment,20,4.96
Austin,8,5,197,Treatment,25,5.05
Austin,8,5,197,Treatment,30,4.91
Austin,8,5,197,Treatment,35,4.39
Austin,8,5,197,Treatment,40,4.68
Austin,8,5,197,Treatment,45,4.74
Austin,8,5,197,Treatment,50,4.18
Austin,8,5,197,Treatment,55,4.75
Austin,8,6,198,Treatment,0,4.79
Austin,8,6,198,Treatment,5,5.0
Austin,8,6,198,Treatment,10,4.67
Austin,8,6,198,Treatment,15,4.61
Austin,8,6,198,Treatment,20,4.72
Austin,8,6,198,Treatment,25,4.42
Austin,8,6,198,Treatment,30,4.39
Austin,8,6,198,Treatment,35,4.94
Austin,8,6,198,Treatment,40,4.97
Austin,8,6,198,Treatment,45,4.38
Austin,8,6,198,Treatment,50,4.87
Austin,8,6,198,Treatment,55,4.61
Austin,8,7,199,Control,0,4.74
Austin,8,7,199,Control,5,5.07
Austin,8,7,199,Control,10,5.03
Austin,8,7,199,Control,15,5.55
Austin,8,7,199,Control,20,5.28
Austin,8,7,199,Control,25,5.36
Austin,8,7,199,Control,30,4.99
Austin,8,7,199,Control,35,5.74
Austin,8,7,199,Control,40,5.32
Austin,8,7,199,Control,45,5.38
Austin,8,7,199,Control,50,4.8
Austin,8,7,199,Control,55,4.99
Austin,8,8,200,Control,0,5.27
Austin,8,8,200,Control,5,4.72
Austin,8,8,200,Control,10,5.46
Austin,8,8,200,Control,15,5.06
Austin,8,8,200,Control,20,5.55
Austin,8,8,200,Control,25,5.18
Austin,8,8,200,Control,30,5.25
Austin,8,8,200,Control,35,5.49
Austin,8,8,200,Control,40,4.98
Austin,8,8,200,Control,45,4.95
Austin,8,8,200,Control,50,5.15
Austin,8,8,200,Control,55,5.41
Austin,8,9,201,Control,0,4.78
Austin,8,9,201,Control,5,5.41
Austin,8,9,201,Control,10,5.05
Austin,8,9,201,Control,15,5.1
Austin,8,9,201,Control,20,4.74
Austin,8,9,201,Control,25,5.03
Austin,8,9,201,Control,30,5.2
Austin,8,9,201,Control,35,5.43
Austin,8,9,201,Control,40,5.01
Austin,8,9,201,Control,45,5.61
Austin,8,9,201,Control,50,5.03
Austin,8,9,201,Control,55,5.03
Austin,8,10,202,Control,0,5.25
Austin,8,10,202,Control,5,5.06
Austin,8,10,202,Control,10,5.16
Austin,8,10,202,Control,15,5.54
Austin,8,10,202,Control,20,5.57
Austin,8,10,202,Control,25,5.0
Austin,8,10,202,Control,30,5.19
Austin,8,10,202,Control,35,5.22
Austin,8,10,202,Control,40,4.95
Austin,8,10,202,Control,45,5.19
Austin,8,10,202,Control,50,5.2
Austin,8,10,202,Control,55,5.49
Austin,8,11,203,Control,0,5.37
Austin,8,11,203,Control,5,5.5
Austin,8,11,203,Control,10,5.12
Austin,8,11,203,Control,15,5.15
Austin,8,11,203,Control,20,5.37
Austin,8,11,203,Control,25,5.05
Austin,8,11,203,Control,30,5.35
Austin,8,11,203,Control,35,5.18
Austin,8,11,203,Control,40,4.96
Austin,8,11,203,Control,45,4.96
Austin,8,11,203,Control,50,5.56
Austin,8,11,203,Control,55,5.16
Austin,8,12,204,Treatment,0,5.07
Austin,8,12,204,Treatment,5,5.08
Austin,8,12,204,Treatment,10,5.42
Austin,8,12,204,Treatment,15,4.36
Austin,8,12,204,Treatment,20,4.15
Austin,8,12,204,Treatment,25,4.95
Austin,8,12,204,Treatment,30,4.42
Austin,8,12,204,Treatment,35,4.62
Austin,8,12,204,Treatment,40,4.48
Austin,8,12,204,Treatment,45,4.7
Austin,8,12,204,Treatment,50,4.39
Austin,8,12,204,Treatment,55,4.58
Austin,8,13,205,Control,0,4.38
Austin,8,13,205,Control,5,4.64
Austin,8,13,205,Control,10,4.92
Austin,8,13,205,Control,15,4.84
Austin,8,13,205,Control,20,5.09
Austin,8,13,205,Control,25,5.23
Austin,8,13,205,Control,30,5.1
Austin,8,13,205,Control,35,5.13
Austin,8,13,205,Control,40,5.2
Austin,8,13,205,Control,45,5.04
Austin,8,13,205,Control,50,5.37
Austin,8,13,205,Control,55,5.56
Austin,8,14,206,Treatment,0,5.32
Austin,8,14,206,Treatment,5,4.95
Austin,8,14,206,Treatment,10,4.91
Austin,8,14,206,Treatment,15,5.02
Austin,8,14,206,Treatment,20,4.76
Austin,8,14,206,Treatment,25,4.18
Austin,8,14,206,Treatment,30,4.74
Austin,8,14,206,Treatment,35,4.94
Austin,8,14,206,Treatment,40,4.57
Austin,8,14,206,Treatment,45,4.88
Austin,8,14,206,Treatment,50,4.46
Austin,8,14,206,Treatment,55,4.26
Austin,8,15,207,Treatment,0,4.19
Austin,8,15,207,Treatment,5,4.57
Austin,8,15,207,Treatment,10,4.95
Austin,8,15,207,Treatment,15,4.15
Austin,8,15,207,Treatment,20,4.31
Austin,8,15,207,Treatment,25,4.37
Austin,8,15,207,Treatment,30,4.61
Austin,8,15,207,Treatment,35,4.54
Austin,8,15,207,Treatment,40,4.98
Austin,8,15,207,Treatment,45,4.87
Austin,8,15,207,Treatment,50,4.75
Austin,8,15,207,Treatment,55,4.66
Austin,8,16,208,Control,0,4.41
Austin,8,16,208,Control,5,5.03
Austin,8,16,208,Control,10,4.73
Austin,8,16,208,Control,15,5.41
Austin,8,16,208,Control,20,5.5
Austin,8,16,208,Control,25,5.25
Austin,8,16,208,Control,30,5.16
Austin,8,16,208,Control,35,5.3
Austin,8,16,208,Control,40,4.48
Austin,8,16,208,Control,45,5.28
Austin,8,16,208,Control,50,5.17
Austin,8,16,208,Control,55,5.19
Austin,8,17,209,Treatment,0,5.18
Austin,8,17,209,Treatment,5,4.72
Austin,8,17,209,Treatment,10,4.78
Austin,8,17,209,Treatment,15,4.64
Austin,8,17,209,Treatment,20,4.66
Austin,8,17,209,Treatment,25,4.67
Austin,8,17,209,Treatment,30,4.89
Austin,8,17,209,Treatment,35,4.36
Austin,8,17,209,Treatment,40,4.67
Austin,8,17,209,Treatment,45,4.95
Austin,8,17,209,Treatment,50,4.19
Austin,8,17,209,Treatment,55,4.67
Austin,8,18,210,Control,0,4.54
Austin,8,18,210,Control,5,4.59
Austin,8,18,210,Control,10,4.97
Austin,8,18,210,Control,15,5.66
Austin,8,18,210,Control,20,4.88
Austin,8,18,210,Control,25,4.91
Austin,8,18,210,Control,30,4.87
Austin,8,18,210,Control,35,5.63
Austin,8,18,210,Control,40,5.08
Austin,8,18,210,Control,45,5.19
Austin,8,18,210,Control,50,5.1
Austin,8,18,210,Control,55,4.96
Austin,8,19,211,Control,0,5.81
Austin,8,19,211,Control,5,5.55
Austin,8,19,211,Control,10,4.99
Austin,8,19,211,Control,15,5.36
Austin,8,19,211,Control,20,4.99
Austin,8,19,211,Control,25,4.76
Austin,8,19,211,Control,30,5.45
Austin,8,19,211,Control,35,5.49
Austin,8,19,211,Control,40,5.46
Austin,8,19,211,Control,45,5.08
Austin,8,19,211,Control,50,5.16
Austin,8,19,211,Control,55,5.39
Austin,8,20,212,Treatment,0,5.1
Austin,8,20,212,Treatment,5,4.6
Austin,8,20,212,Treatment,10,4.85
Austin,8,20,212,Treatment,15,4.9
Austin,8,20,212,Treatment,20,4.33
Austin,8,20,212,Treatment,25,4.79
Austin,8,20,212,Treatment,30,4.71
Austin,8,20,212,Treatment,35,4.82
Austin,8,20,212,Treatment,40,4.85
Austin,8,20,212,Treatment,45,4.45
Austin,8,20,212,Treatment,50,4.22
Austin,8,20,212,Treatment,55,4.49
Austin,8,21,213,Treatment,0,4.49
Austin,8,21,213,Treatment,5,4.45
Austin,8,21,213,Treatment,10,4.17
Austin,8,21,213,Treatment,15,5.07
Austin,8,21,213,Treatment,20,4.83
Austin,8,21,213,Treatment,25,4.82
Austin,8,21,213,Treatment,30,4.87
Austin,8,21,213,Treatment,35,4.77
Austin,8,21,213,Treatment,40,4.57
Austin,8,21,213,Treatment,45,4.59
Austin,8,21,213,Treatment,50,4.52
Austin,8,21,213,Treatment,55,5.29
Austin,8,22,214,Treatment,0,4.51
Austin,8,22,214,Treatment,5,4.74
Austin,8,22,214,Treatment,10,4.38
Austin,8,22,214,Treatment,15,5.0
Austin,8,22,214,Treatment,20,4.46
Austin,8,22,214,Treatment,25,4.75
Austin,8,22,214,Treatment,30,4.89
Austin,8,22,214,Treatment,35,4.72
Austin,8,22,214,Treatment,40,4.65
Austin,8,22,214,Treatment,45,4.63
Austin,8,22,214,Treatment,50,4.61
Austin,8,22,214,Treatment,55,4.48
Austin,8,23,215,Control,0,5.0
Austin,8,23,215,Control,5,4.79
Austin,8,23,215,Control,10,4.81
Austin,8,23,215,Control,15,5.07
Austin,8,23,215,Control,20,5.48
Austin,8,23,215,Control,25,5.37
Austin,8,23,215,Control,30,5.34
Austin,8,23,215,Control,35,5.14
Austin,8,23,215,Control,40,5.34
Austin,8,23,215,Control,45,5.04
Austin,8,23,215,Control,50,5.14
Austin,8,23,215,Control,55,5.44
Austin,9,0,216,Treatment,0,4.95
Austin,9,0,216,Treatment,5,4.8
Austin,9,0,216,Treatment,10,4.85
Austin,9,0,216,Treatment,15,5.06
Austin,9,0,216,Treatment,20,4.15
Austin,9,0,216,Treatment,25,4.7
Austin,9,0,216,Treatment,30,4.28
Austin,9,0,216,Treatment,35,4.47
Austin,9,0,216,Treatment,40,4.54
Austin,9,0,216,Treatment,45,4.52
Austin,9,0,216,Treatment,50,4.49
Austin,9,0,216,Treatment,55,4.63
Austin,9,1,217,Treatment,0,4.26
Austin,9,1,217,Treatment,5,4.82
Austin,9,1,217,Treatment,10,4.82
Austin,9,1,217,Treatment,15,4.84
Austin,9,1,217,Treatment,20,4.24
Austin,9,1,217,Treatment,25,4.7
Austin,9,1,217,Treatment,30,4.8
Austin,9,1,217,Treatment,35,4.37
Austin,9,1,217,Treatment,40,4.63
Austin,9,1,217,Treatment,45,4.6
Austin,9,1,217,Treatment,50,5.09
Austin,9,1,217,Treatment,55,5.11
Austin,9,2,218,Control,0,5.25
Austin,9,2,218,Control,5,4.59
Austin,9,2,218,Control,10,5.25
Austin,9,2,218,Control,15,5.44
Austin,9,2,218,Control,20,4.95
Austin,9,2,218,Control,25,5.32
Austin,9,2,218,Control,30,5.17
Austin,9,2,218,Control,35,5.34
Austin,9,2,218,Control,40,5.26
Austin,9,2,218,Control,45,5.5
Austin,9,2,218,Control,50,5.22
Austin,9,2,218,Control,55,5.16
Austin,9,3,219,Control,0,5.35
Austin,9,3,219,Control,5,5.38
Austin,9,3,219,Control,10,5.03
Austin,9,3,219,Control,15,4.94
Austin,9,3,219,Control,20,5.06
Austin,9,3,219,Control,25,5.04
Austin,9,3,219,Control,30,5.4
Austin,9,3,219,Control,35,5.44
Austin,9,3,219,Control,40,5.16
Austin,9,3,219,Control,45,5.56
Austin,9,3,219,Control,50,5.54
Austin,9,3,219,Control,55,5.26
Austin,9,4,220,Control,0,5.59
Austin,9,4,220,Control,5,5.18
Austin,9,4,220,Control,10,5.23
Austin,9,4,220,Control,15,5.12
Austin,9,4,220,Control,20,4.98
Austin,9,4,220,Control,25,4.83
Austin,9,4,220,Control,30,5.36
Austin,9,4,220,Control,35,5.0
Austin,9,4,220,Control,40,5.96
Austin,9,4,220,Control,45,4.93
Austin,9,4,220,Control,50,4.89
Austin,9,4,220,Control,55,5.33
Austin,9,5,221,Control,0,5.22
Austin,9,5,221,Control,5,5.34
Austin,9,5,221,Control,10,4.74
Austin,9,5,221,Control,15,5.03
Austin,9,5,221,Control,20,4.93
Austin,9,5,221,Control,25,4.73
Austin,9,5,221,Control,30,5.23
Austin,9,5,221,Control,35,4.64
Austin,9,5,221,Control,40,4.87
Austin,9,5,221,Control,45,5.07
Austin,9,5,221,Control,50,4.99
Austin,9,5,221,Control,55,5.3
Austin,9,6,222,Treatment,0,5.42
Austin,9,6,222,Treatment,5,5.2
Austin,9,6,222,Treatment,10,5.1
Austin,9,6,222,Treatment,15,4.63
Austin,9,6,222,Treatment,20,4.7
Austin,9,6,222,Treatment,25,4.76
Austin,9,6,222,Treatment,30,4.66
Austin,9,6,222,Treatment,35,4.53
Austin,9,6,222,Treatment,40,4.54
Austin,9,6,222,Treatment,45,4.42
Austin,9,6,222,Treatment,50,4.73
Austin,9,6,222,Treatment,55,4.6
Austin,9,7,223,Treatment,0,4.47
Austin,9,7,223,Treatment,5,4.46
Austin,9,7,223,Treatment,10,4.46
Austin,9,7,223,Treatment,15,4.33
Austin,9,7,223,Treatment,20,4.87
Austin,9,7,223,Treatment,25,4.65
Austin,9,7,223,Treatment,30,4.41
Austin,9,7,223,Treatment,35,4.83
Austin,9,7,223,Treatment,40,4.49
Austin,9,7,223,Treatment,45,4.28
Austin,9,7,223,Treatment,50,4.88
Austin,9,7,223,Treatment,55,4.49
Austin,9,8,224,Control,0,4.64
Austin,9,8,224,Control,5,5.1
Austin,9,8,224,Control,10,5.01
Austin,9,8,224,Control,15,4.9
Austin,9,8,224,Control,20,5.34
Austin,9,8,224,Control,25,5.08
Austin,9,8,224,Control,30,5.67
Austin,9,8,224,Control,35,5.2
Austin,9,8,224,Control,40,4.64
Austin,9,8,224,Control,45,5.29
Austin,9,8,224,Control,50,5.69
Austin,9,8,224,Control,55,5.59
Austin,9,9,225,Treatment,0,4.95
Austin,9,9,225,Treatment,5,5.24
Austin,9,9,225,Treatment,10,4.64
Austin,9,9,225,Treatment,15,4.68
Austin,9,9,225,Treatment,20,4.31
Austin,9,9,225,Treatment,25,4.47
Austin,9,9,225,Treatment,30,4.46
Austin,9,9,225,Treatment,35,4.85
Austin,9,9,225,Treatment,40,4.83
Austin,9,9,225,Treatment,45,4.7
Austin,9,9,225,Treatment,50,4.29
Austin,9,9,225,Treatment,55,4.55
Austin,9,10,226,Treatment,0,4.85
Austin,9,10,226,Treatment,5,4.92
Austin,9,10,226,Treatment,10,4.89
Austin,9,10,226,Treatment,15,4.44
Austin,9,10,226,Treatment,20,3.94
Austin,9,10,226,Treatment,25,4.19
Austin,9,10,226,Treatment,30,4.98
Austin,9,10,226,Treatment,35,4.53
Austin,9,10,226,Treatment,40,4.44
Austin,9,10,226,Treatment,45,5.04
Austin,9,10,226,Treatment,50,4.94
Austin,9,10,226,Treatment,55,4.63
Austin,9,11,227,Treatment,0,4.59
Austin,9,11,227,Treatment,5,4.68
Austin,9,11,227,Treatment,10,5.03
Austin,9,11,227,Treatment,15,4.73
Austin,9,11,227,Treatment,20,4.81
Austin,9,11,227,Treatment,25,4.92
Austin,9,11,227,Treatment,30,4.34
Austin,9,11,227,Treatment,35,4.82
Austin,9,11,227,Treatment,40,4.55
Austin,9,11,227,Treatment,45,4.0
Austin,9,11,227,Treatment,50,4.1
Austin,9,11,227,Treatment,55,4.37
Austin,9,12,228,Treatment,0,4.66
Austin,9,12,228,Treatment,5,4.67
Austin,9,12,228,Treatment,10,5.12
Austin,9,12,228,Treatment,15,4.31
Austin,9,12,228,Treatment,20,4.62
Austin,9,12,228,Treatment,25,4.7
Austin,9,12,228,Treatment,30,4.44
Austin,9,12,228,Treatment,35,4.64
Austin,9,12,228,Treatment,40,4.23
Austin,9,12,228,Treatment,45,4.98
Austin,9,12,228,Treatment,50,4.46
Austin,9,12,228,Treatment,55,5.14
Austin,9,13,229,Treatment,0,4.89
Austin,9,13,229,Treatment,5,4.61
Austin,9,13,229,Treatment,10,4.62
Austin,9,13,229,Treatment,15,4.48
Austin,9,13,229,Treatment,20,4.66
Austin,9,13,229,Treatment,25,4.71
Austin,9,13,229,Treatment,30,4.43
Austin,9,13,229,Treatment,35,4.6
Austin,9,13,229,Treatment,40,4.48
Austin,9,13,229,Treatment,45,5.2
Austin,9,13,229,Treatment,50,4.61
Austin,9,13,229,Treatment,55,5.01
Austin,9,14,230,Control,0,4.69
Austin,9,14,230,Control,5,4.49
Austin,9,14,230,Control,10,4.9
Austin,9,14,230,Control,15,5.25
Austin,9,14,230,Control,20,5.6
Austin,9,14,230,Control,25,5.26
Austin,9,14,230,Control,30,5.55
Austin,9,14,230,Control,35,5.36
Austin,9,14,230,Control,40,5.61
Austin,9,14,230,Control,45,5.19
Austin,9,14,230,Control,50,5.8
Austin,9,14,230,Control,55,5.08
Austin,9,15,231,Treatment,0,4.9
Austin,9,15,231,Treatment,5,5.59
Austin,9,15,231,Treatment,10,5.02
Austin,9,15,231,Treatment,15,4.54
Austin,9,15,231,Treatment,20,4.94
Austin,9,15,231,Treatment,25,4.8
Austin,9,15,231,Treatment,30,5.12
Austin,9,15,231,Treatment,35,4.24
Austin,9,15,231,Treatment,40,4.56
Austin,9,15,231,Treatment,45,4.51
Austin,9,15,231,Treatment,50,4.13
Austin,9,15,231,Treatment,55,4.89
Austin,9,16,232,Treatment,0,4.81
Austin,9,16,232,Treatment,5,5.22
Austin,9,16,232,Treatment,10,4.54
Austin,9,16,232,Treatment,15,4.52
Austin,9,16,232,Treatment,20,4.66
Austin,9,16,232,Treatment,25,4.87
Austin,9,16,232,Treatment,30,4.49
Austin,9,16,232,Treatment,35,4.47
Austin,9,16,232,Treatment,40,4.89
Austin,9,16,232,Treatment,45,4.72
Austin,9,16,232,Treatment,50,4.12
Austin,9,16,232,Treatment,55,4.32
Austin,9,17,233,Treatment,0,4.73
Austin,9,17,233,Treatment,5,4.44
Austin,9,17,233,Treatment,10,4.59
Austin,9,17,233,Treatment,15,4.63
Austin,9,17,233,Treatment,20,4.81
Austin,9,17,233,Treatment,25,4.29
Austin,9,17,233,Treatment,30,4.42
Austin,9,17,233,Treatment,35,4.7
Austin,9,17,233,Treatment,40,4.6
Austin,9,17,233,Treatment,45,4.77
Austin,9,17,233,Treatment,50,4.32
Austin,9,17,233,Treatment,55,4.72
Austin,9,18,234,Treatment,0,4.75
Austin,9,18,234,Treatment,5,4.66
Austin,9,18,234,Treatment,10,4.6
Austin,9,18,234,Treatment,15,4.42
Austin,9,18,234,Treatment,20,4.61
Austin,9,18,234,Treatment,25,4.94
Austin,9,18,234,Treatment,30,4.6
Austin,9,18,234,Treatment,35,4.41
Austin,9,18,234,Treatment,40,4.5
Austin,9,18,234,Treatment,45,4.68
Austin,9,18,234,Treatment,50,4.53
Austin,9,18,234,Treatment,55,4.75
Austin,9,19,235,Treatment,0,4.85
Austin,9,19,235,Treatment,5,4.98
Austin,9,19,235,Treatment,10,4.88
Austin,9,19,235,Treatment,15,4.39
Austin,9,19,235,Treatment,20,4.4
Austin,9,19,235,Treatment,25,4.61
Austin,9,19,235,Treatment,30,4.52
Austin,9,19,235,Treatment,35,4.34
Austin,9,19,235,Treatment,40,4.52
Austin,9,19,235,Treatment,45,4.51
Austin,9,19,235,Treatment,50,4.46
Austin,9,19,235,Treatment,55,4.55
Austin,9,20,236,Control,0,4.68
Austin,9,20,236,Control,5,5.44
Austin,9,20,236,Control,10,5.05
Austin,9,20,236,Control,15,5.13
Austin,9,20,236,Control,20,5.2
Austin,9,20,236,Control,25,5.26
Austin,9,20,236,Control,30,5.31
Austin,9,20,236,Control,35,5.72
Austin,9,20,236,Control,40,4.99
Austin,9,20,236,Control,45,5.41
Austin,9,20,236,Control,50,5.25
Austin,9,20,236,Control,55,4.81
Austin,9,21,237,Control,0,5.52
Austin,9,21,237,Control,5,4.99
Austin,9,21,237,Control,10,5.2
Austin,9,21,237,Control,15,4.77
Austin,9,21,237,Control,20,4.89
Austin,9,21,237,Control,25,5.46
Austin,9,21,237,Control,30,5.08
Austin,9,21,237,Control,35,4.92
Austin,9,21,237,Control,40,5.26
Austin,9,21,237,Control,45,5.07
Austin,9,21,237,Control,50,5.08
Austin,9,21,237,Control,55,5.38
Austin,9,22,238,Control,0,4.97
Austin,9,22,238,Control,5,5.24
Austin,9,22,238,Control,10,5.44
Austin,9,22,238,Control,15,5.51
Austin,9,22,238,Control,20,5.03
Austin,9,22,238,Control,25,5.43
Austin,9,22,238,Control,30,5.0
Austin,9,22,238,Control,35,5.66
Austin,9,22,238,Control,40,4.92
Austin,9,22,238,Control,45,5.53
Austin,9,22,238,Control,50,5.04
Austin,9,22,238,Control,55,5.7
Austin,9,23,239,Control,0,4.95
Austin,9,23,239,Control,5,5.07
Austin,9,23,239,Control,10,5.4
Austin,9,23,239,Control,15,5.46
Austin,9,23,239,Control,20,5.18
Austin,9,23,239,Control,25,5.21
Austin,9,23,239,Control,30,5.39
Austin,9,23,239,Control,35,5.23
Austin,9,23,239,Control,40,4.88
Austin,9,23,239,Control,45,5.0
Austin,9,23,239,Control,50,5.26
Austin,9,23,239,Control,55,5.5
Austin,10,0,240,Control,0,5.39
Austin,10,0,240,Control,5,5.27
Austin,10,0,240,Control,10,5.39
Austin,10,0,240,Control,15,5.03
Austin,10,0,240,Control,20,5.16
Austin,10,0,240,Control,25,4.99
Austin,10,0,240,Control,30,4.89
Austin,10,0,240,Control,35,5.28
Austin,10,0,240,Control,40,5.25
Austin,10,0,240,Control,45,5.37
Austin,10,0,240,Control,50,5.34
Austin,10,0,240,Control,55,5.26
Austin,10,1,241,Control,0,5.19
Austin,10,1,241,Control,5,5.3
Austin,10,1,241,Control,10,5.02
Austin,10,1,241,Control,15,5.29
Austin,10,1,241,Control,20,5.37
Austin,10,1,241,Control,25,5.03
Austin,10,1,241,Control,30,5.21
Austin,10,1,241,Control,35,5.04
Austin,10,1,241,Control,40,5.07
Austin,10,1,241,Control,45,4.92
Austin,10,1,241,Control,50,5.52
Austin,10,1,241,Control,55,5.47
Austin,10,2,242,Control,0,5.69
Austin,10,2,242,Control,5,5.15
Austin,10,2,242,Control,10,5.96
Austin,10,2,242,Control,15,5.14
Austin,10,2,242,Control,20,5.26
Austin,10,2,242,Control,25,5.1
Austin,10,2,242,Control,30,5.29
Austin,10,2,242,Control,35,5.41
Austin,10,2,242,Control,40,5.17
Austin,10,2,242,Control,45,5.64
Austin,10,2,242,Control,50,5.26
Austin,10,2,242,Control,55,5.27
Austin,10,3,243,Control,0,5.3
Austin,10,3,243,Control,5,5.17
Austin,10,3,243,Control,10,5.05
Austin,10,3,243,Control,15,5.01
Austin,10,3,243,Control,20,5.87
Austin,10,3,243,Control,25,5.13
Austin,10,3,243,Control,30,4.84
Austin,10,3,243,Control,35,5.03
Austin,10,3,243,Control,40,5.19
Austin,10,3,243,Control,45,5.34
Austin,10,3,243,Control,50,5.34
Austin,10,3,243,Control,55,5.37
Austin,10,4,244,Treatment,0,5.29
Austin,10,4,244,Treatment,5,4.79
Austin,10,4,244,Treatment,10,4.66
Austin,10,4,244,Treatment,15,4.4
Austin,10,4,244,Treatment,20,4.33
Austin,10,4,244,Treatment,25,4.89
Austin,10,4,244,Treatment,30,4.8
Austin,10,4,244,Treatment,35,4.87
Austin,10,4,244,Treatment,40,4.64
Austin,10,4,244,Treatment,45,4.82
Austin,10,4,244,Treatment,50,4.19
Austin,10,4,244,Treatment,55,4.84
Austin,10,5,245,Treatment,0,4.78
Austin,10,5,245,Treatment,5,4.72
Austin,10,5,245,Treatment,10,4.38
Austin,10,5,245,Treatment,15,4.25
Austin,10,5,245,Treatment,20,4.45
Austin,10,5,245,Treatment,25,4.77
Austin,10,5,245,Treatment,30,4.8
Austin,10,5,245,Treatment,35,4.29
Austin,10,5,245,Treatment,40,4.38
Austin,10,5,245,Treatment,45,4.45
Austin,10,5,245,Treatment,50,4.54
Austin,10,5,245,Treatment,55,4.29
Austin,10,6,246,Treatment,0,4.42
Austin,10,6,246,Treatment,5,4.65
Austin,10,6,246,Treatment,10,4.33
Austin,10,6,246,Treatment,15,4.6
Austin,10,6,246,Treatment,20,4.89
Austin,10,6,246,Treatment,25,4.3
Austin,10,6,246,Treatment,30,4.58
Austin,10,6,246,Treatment,35,4.88
Austin,10,6,246,Treatment,40,4.52
Austin,10,6,246,Treatment,45,4.48
Austin,10,6,246,Treatment,50,4.92
Austin,10,6,246,Treatment,55,4.55
Austin,10,7,247,Treatment,0,4.74
Austin,10,7,247,Treatment,5,4.54
Austin,10,7,247,Treatment,10,4.75
Austin,10,7,247,Treatment,15,4.71
Austin,10,7,247,Treatment,20,4.88
Austin,10,7,247,Treatment,25,4.49
Austin,10,7,247,Treatment,30,4.64
Austin,10,7,247,Treatment,35,4.61
Austin,10,7,247,Treatment,40,4.8
Austin,10,7,247,Treatment,45,4.37
Austin,10,7,247,Treatment,50,4.88
Austin,10,7,247,Treatment,55,4.74
Austin,10,8,248,Control,0,4.93
Austin,10,8,248,Control,5,5.38
Austin,10,8,248,Control,10,5.26
Austin,10,8,248,Control,15,5.56
Austin,10,8,248,Control,20,5.22
Austin,10,8,248,Control,25,4.78
Austin,10,8,248,Control,30,4.74
Austin,10,8,248,Control,35,5.26
Austin,10,8,248,Control,40,5.05
Austin,10,8,248,Control,45,4.97
Austin,10,8,248,Control,50,5.18
Austin,10,8,248,Control,55,5.35
Austin,10,9,249,Treatment,0,5.09
Austin,10,9,249,Treatment,5,5.39
Austin,10,9,249,Treatment,10,4.55
Austin,10,9,249,Treatment,15,4.85
Austin,10,9,249,Treatment,20,4.51
Austin,10,9,249,Treatment,25,4.76
Austin,10,9,249,Treatment,30,4.9
Austin,10,9,249,Treatment,35,4.81
Austin,10,9,249,Treatment,40,4.86
Austin,10,9,249,Treatment,45,4.34
Austin,10,9,249,Treatment,50,4.91
Austin,10,9,249,Treatment,55,4.41
Austin,10,10,250,Treatment,0,4.69
Austin,10,10,250,Treatment,5,4.75
Austin,10,10,250,Treatment,10,4.71
Austin,10,10,250,Treatment,15,4.42
Austin,10,10,250,Treatment,20,4.29
Austin,10,10,250,Treatment,25,4.85
Austin,10,10,250,Treatment,30,4.67
Austin,10,10,250,Treatment,35,4.92
Austin,10,10,250,Treatment,40,4.62
Austin,10,10,250,Treatment,45,4.28
Austin,10,10,250,Treatment,50,4.87
Austin,10,10,250,Treatment,55,4.54
Austin,10,11,251,Treatment,0,4.47
Austin,10,11,251,Treatment,5,5.04
Austin,10,11,251,Treatment,10,4.41
Austin,10,11,251,Treatment,15,4.54
Austin,10,11,251,Treatment,20,4.65
Austin,10,11,251,Treatment,25,4.35
Austin,10,11,251,Treatment,30,4.71
Austin,10,11,251,Treatment,35,5.03
Austin,10,11,251,Treatment,40,4.51
Austin,10,11,251,Treatment,45,4.73
Austin,10,11,251,Treatment,50,3.94
Austin,10,11,251,Treatment,55,4.62
Austin,10,12,252,Control,0,4.42
Austin,10,12,252,Control,5,5.09
Austin,10,12,252,Control,10,4.93
Austin,10,12,252,Control,15,5.16
Austin,10,12,252,Control,20,5.11
Austin,10,12,252,Control,25,4.72
Austin,10,12,252,Control,30,4.92
Austin,10,12,252,Control,35,5.44
Austin,10,12,252,Control,40,4.67
Austin,10,12,252,Control,45,5.01
Austin,10,12,252,Control,50,5.1
Austin,10,12,252,Control,55,5.64
Austin,10,13,253,Control,0,5.06
Austin,10,13,253,Control,5,5.53
Austin,10,13,253,Control,10,5.01
Austin,10,13,253,Control,15,5.45
Austin,10,13,253,Control,20,4.86
Austin,10,13,253,Control,25,5.47
Austin,10,13,253,Control,30,5.1
Austin,10,13,253,Control,35,4.94
Austin,10,13,253,Control,40,5.15
Austin,10,13,253,Control,45,5.27
Austin,10,13,253,Control,50,5.08
Austin,10,13,253,Control,55,5.34
Austin,10,14,254,Treatment,0,5.36
Austin,10,14,254,Treatment,5,5.12
Austin,10,14,254,Treatment,10,4.8
Austin,10,14,254,Treatment,15,4.52
Austin,10,14,254,Treatment,20,4.67
Austin,10,14,254,Treatment,25,4.77
Austin,10,14,254,Treatment,30,5.14
Austin,10,14,254,Treatment,35,4.86
Austin,10,14,254,Treatment,40,4.87
Austin,10,14,254,Treatment,45,5.4
Austin,10,14,254,Treatment,50,4.76
Austin,10,14,254,Treatment,55,4.75
Austin,10,15,255,Treatment,0,4.38
Austin,10,15,255,Treatment,5,4.52
Austin,10,15,255,Treatment,10,4.5
Austin,10,15,255,Treatment,15,4.79
Austin,10,15,255,Treatment,20,4.58
Austin,10,15,255,Treatment,25,4.66
Austin,10,15,255,Treatment,30,4.9
Austin,10,15,255,Treatment,35,4.84
Austin,10,15,255,Treatment,40,4.59
Austin,10,15,255,Treatment,45,4.46
Austin,10,15,255,Treatment,50,4.91
Austin,10,15,255,Treatment,55,4.82
Austin,10,16,256,Treatment,0,4.55
Austin,10,16,256,Treatment,5,4.67
Austin,10,16,256,Treatment,10,4.82
Austin,10,16,256,Treatment,15,4.86
Austin,10,16,256,Treatment,20,4.7
Austin,10,16,256,Treatment,25,4.77
Austin,10,16,256,Treatment,30,4.64
Austin,10,16,256,Treatment,35,4.46
Austin,10,16,256,Treatment,40,4.56
Austin,10,16,256,Treatment,45,4.63
Austin,10,16,256,Treatment,50,4.62
Austin,10,16,256,Treatment,55,4.16
Austin,10,17,257,Control,0,4.64
Austin,10,17,257,Control,5,4.75
Austin,10,17,257,Control,10,4.95
Austin,10,17,257,Control,15,5.32
Austin,10,17,257,Control,20,4.93
Austin,10,17,257,Control,25,4.79
Austin,10,17,257,Control,30,5.11
Austin,10,17,257,Control,35,5.39
Austin,10,17,257,Control,40,5.62
Austin,10,17,257,Control,45,5.4
Austin,10,17,257,Control,50,4.83
Austin,10,17,257,Control,55,5.14
Austin,10,18,258,Treatment,0,5.24
Austin,10,18,258,Treatment,5,5.14
Austin,10,18,258,Treatment,10,4.59
Austin,10,18,258,Treatment,15,4.64
Austin,10,18,258,Treatment,20,4.73
Austin,10,18,258,Treatment,25,4.83
Austin,10,18,258,Treatment,30,4.43
Austin,10,18,258,Treatment,35,4.54
Austin,10,18,258,Treatment,40,3.95
Austin,10,18,258,Treatment,45,4.47
Austin,10,18,258,Treatment,50,4.5
Austin,10,18,258,Treatment,55,4.37
Austin,10,19,259,Treatment,0,4.61
Austin,10,19,259,Treatment,5,4.06
Austin,10,19,259,Treatment,10,4.68
Austin,10,19,259,Treatment,15,4.4
Austin,10,19,259,Treatment,20,4.75
Austin,10,19,259,Treatment,25,4.31
Austin,10,19,259,Treatment,30,4.64
Austin,10,19,259,Treatment,35,4.56
Austin,10,19,259,Treatment,40,4.7
Austin,10,19,259,Treatment,45,4.66
Austin,10,19,259,Treatment,50,4.56
Austin,10,19,259,Treatment,55,4.24
Austin,10,20,260,Control,0,4.48
Austin,10,20,260,Control,5,4.82
Austin,10,20,260,Control,10,4.86
Austin,10,20,260,Control,15,5.36
Austin,10,20,260,Control,20,5.13
Austin,10,20,260,Control,25,4.96
Austin,10,20,260,Control,30,5.13
Austin,10,20,260,Control,35,5.26
Austin,10,20,260,Control,40,5.28
Austin,10,20,260,Control,45,5.67
Austin,10,20,260,Control,50,5.03
Austin,10,20,260,Control,55,5.18
Austin,10,21,261,Treatment,0,5.19
Austin,10,21,261,Treatment,5,4.88
Austin,10,21,261,Treatment,10,4.43
Austin,10,21,261,Treatment,15,4.5
Austin,10,21,261,Treatment,20,4.36
Austin,10,21,261,Treatment,25,4.2
Austin,10,21,261,Treatment,30,4.43
Austin,10,21,261,Treatment,35,4.37
Austin,10,21,261,Treatment,40,4.77
Austin,10,21,261,Treatment,45,4.78
Austin,10,21,261,Treatment,50,4.4
Austin,10,21,261,Treatment,55,4.56
Austin,10,22,262,Control,0,4.5
Austin,10,22,262,Control,5,4.92
Austin,10,22,262,Control,10,5.22
Austin,10,22,262,Control,15,5.02
Austin,10,22,262,Control,20,5.46
Austin,10,22,262,Control,25,4.82
Austin,10,22,262,Control,30,4.89
Austin,10,22,262,Control,35,5.38
Austin,10,22,262,Control,40,5.62
Austin,10,22,262,Control,45,5.32
Austin,10,22,262,Control,50,5.19
Austin,10,22,262,Control,55,4.65
Austin,10,23,263,Control,0,5.23
Austin,10,23,263,Control,5,5.11
Austin,10,23,263,Control,10,4.92
Austin,10,23,263,Control,15,5.22
Austin,10,23,263,Control,20,5.23
Austin,10,23,263,Control,25,5.44
Austin,10,23,263,Control,30,5.23
Austin,10,23,263,Control,35,5.51
Austin,10,23,263,Control,40,5.2
Austin,10,23,263,Control,45,5.17
Austin,10,23,263,Control,50,5.47
Austin,10,23,263,Control,55,4.96
Austin,11,0,264,Treatment,0,5.29
Austin,11,0,264,Treatment,5,5.1
Austin,11,0,264,Treatment,10,4.95
Austin,11,0,264,Treatment,15,5.1
Austin,11,0,264,Treatment,20,4.83
Austin,11,0,264,Treatment,25,4.23
Austin,11,0,264,Treatment,30,4.98
Austin,11,0,264,Treatment,35,4.54
Austin,11,0,264,Treatment,40,4.65
Austin,11,0,264,Treatment,45,4.31
Austin,11,0,264,Treatment,50,4.76
Austin,11,0,264,Treatment,55,4.47
Austin,11,1,265,Control,0,4.56
Austin,11,1,265,Control,5,5.3
Austin,11,1,265,Control,10,5.5
Austin,11,1,265,Control,15,5.21
Austin,11,1,265,Control,20,5.22
Austin,11,1,265,Control,25,5.11
Austin,11,1,265,Control,30,5.48
Austin,11,1,265,Control,35,5.12
Austin,11,1,265,Control,40,5.09
Austin,11,1,265,Control,45,5.44
Austin,11,1,265,Control,50,5.07
Austin,11,1,265,Control,55,5.19
Austin,11,2,266,Treatment,0,5.38
Austin,11,2,266,Treatment,5,5.49
Austin,11,2,266,Treatment,10,5.0
Austin,11,2,266,Treatment,15,4.99
Austin,11,2,266,Treatment,20,4.42
Austin,11,2,266,Treatment,25,4.69
Austin,11,2,266,Treatment,30,4.39
Austin,11,2,266,Treatment,35,4.57
Austin,11,2,266,Treatment,40,4.82
Austin,11,2,266,Treatment,45,4.65
Austin,11,2,266,Treatment,50,4.27
Austin,11,2,266,Treatment,55,4.3
Austin,11,3,267,Treatment,0,4.75
Austin,11,3,267,Treatment,5,5.14
Austin,11,3,267,Treatment,10,4.97
Austin,11,3,267,Treatment,15,4.15
Austin,11,3,267,Treatment,20,4.98
Austin,11,3,267,Treatment,25,4.86
Austin,11,3,267,Treatment,30,4.24
Austin,11,3,267,Treatment,35,4.55
Austin,11,3,267,Treatment,40,4.9
Austin,11,3,267,Treatment,45,4.77
Austin,11,3,267,Treatment,50,4.3
Austin,11,3,267,Treatment,55,4.78
Austin,11,4,268,Control,0,4.57
Austin,11,4,268,Control,5,5.1
Austin,11,4,268,Control,10,5.01
Austin,11,4,268,Control,15,5.08
Austin,11,4,268,Control,20,5.42
Austin,11,4,268,Control,25,5.44
Austin,11,4,268,Control,30,5.53
Austin,11,4,268,Control,35,5.42
Austin,11,4,268,Control,40,5.47
Austin,11,4,268,Control,45,5.38
Austin,11,4,268,Control,50,5.27
Austin,11,4,268,Control,55,5.22
Austin,11,5,269,Treatment,0,4.9
Austin,11,5,269,Treatment,5,4.77
Austin,11,5,269,Treatment,10,4.75
Austin,11,5,269,Treatment,15,4.69
Austin,11,5,269,Treatment,20,4.99
Austin,11,5,269,Treatment,25,4.62
Austin,11,5,269,Treatment,30,4.88
Austin,11,5,269,Treatment,35,4.9
Austin,11,5,269,Treatment,40,4.57
Austin,11,5,269,Treatment,45,4.78
Austin,11,5,269,Treatment,50,4.57
Austin,11,5,269,Treatment,55,4.96
Austin,11,6,270,Control,0,4.33
Austin,11,6,270,Control,5,4.86
Austin,11,6,270,Control,10,5.42
Austin,11,6,270,Control,15,5.15
Austin,11,6,270,Control,20,5.31
Austin,11,6,270,Control,25,5.34
Austin,11,6,270,Control,30,4.94
Austin,11,6,270,Control,35,5.33
Austin,11,6,270,Control,40,4.85
Austin,11,6,270,Control,45,5.04
Austin,11,6,270,Control,50,5.47
Austin,11,6,270,Control,55,5.29
Austin,11,7,271,Treatment,0,5.31
Austin,11,7,271,Treatment,5,4.99
Austin,11,7,271,Treatment,10,4.82
Austin,11,7,271,Treatment,15,4.79
Austin,11,7,271,Treatment,20,4.45
Austin,11,7,271,Treatment,25,4.64
Austin,11,7,271,Treatment,30,4.55
Austin,11,7,271,Treatment,35,4.23
Austin,11,7,271,Treatment,40,4.4
Austin,11,7,271,Treatment,45,5.02
Austin,11,7,271,Treatment,50,4.72
Austin,11,7,271,Treatment,55,4.3
Austin,11,8,272,Control,0,4.6
Austin,11,8,272,Control,5,5.21
Austin,11,8,272,Control,10,4.96
Austin,11,8,272,Control,15,5.53
Austin,11,8,272,Control,20,5.29
Austin,11,8,272,Control,25,5.32
Austin,11,8,272,Control,30,4.87
Austin,11,8,272,Control,35,5.43
Austin,11,8,272,Control,40,5.12
Austin,11,8,272,Control,45,5.42
Austin,11,8,272,Control,50,5.0
Austin,11,8,272,Control,55,5.24
Austin,11,9,273,Control,0,5.16
Austin,11,9,273,Control,5,5.3
Austin,11,9,273,Control,10,5.13
Austin,11,9,273,Control,15,5.04
Austin,11,9,273,Control,20,5.6
Austin,11,9,273,Control,25,5.46
Austin,11,9,273,Control,30,5.01
Austin,11,9,273,Control,35,5.34
Austin,11,9,273,Control,40,5.01
Austin,11,9,273,Control,45,4.9
Austin,11,9,273,Control,50,5.46
Austin,11,9,273,Control,55,4.77
Austin,11,10,274,Control,0,5.14
Austin,11,10,274,Control,5,5.15
Austin,11,10,274,Control,10,5.3
Austin,11,10,274,Control,15,5.35
Austin,11,10,274,Control,20,4.99
Austin,11,10,274,Control,25,5.38
Austin,11,10,274,Control,30,5.23
Austin,11,10,274,Control,35,4.89
Austin,11,10,274,Control,40,5.16
Austin,11,10,274,Control,45,5.55
Austin,11,10,274,Control,50,5.62
Austin,11,10,274,Control,55,5.38
Austin,11,11,275,Treatment,0,5.32
Austin,11,11,275,Treatment,5,5.22
Austin,11,11,275,Treatment,10,5.0
Austin,11,11,275,Treatment,15,4.82
Austin,11,11,275,Treatment,20,4.72
Austin,11,11,275,Treatment,25,4.61
Austin,11,11,275,Treatment,30,4.48
Austin,11,11,275,Treatment,35,4.15
Austin,11,11,275,Treatment,40,4.71
Austin,11,11,275,Treatment,45,4.67
Austin,11,11,275,Treatment,50,4.77
Austin,11,11,275,Treatment,55,4.29
Austin,11,12,276,Treatment,0,5.14
Austin,11,12,276,Treatment,5,4.65
Austin,11,12,276,Treatment,10,4.61
Austin,11,12,276,Treatment,15,4.71
Austin,11,12,276,Treatment,20,5.14
Austin,11,12,276,Treatment,25,4.37
Austin,11,12,276,Treatment,30,4.68
Austin,11,12,276,Treatment,35,4.43
Austin,11,12,276,Treatment,40,4.49
Austin,11,12,276,Treatment,45,4.62
Austin,11,12,276,Treatment,50,4.96
Austin,11,12,276,Treatment,55,5.08
Austin,11,13,277,Treatment,0,4.53
Austin,11,13,277,Treatment,5,5.25
Austin,11,13,277,Treatment,10,4.52
Austin,11,13,277,Treatment,15,4.49
Austin,11,13,277,Treatment,20,4.18
Austin,11,13,277,Treatment,25,4.98
Austin,11,13,277,Treatment,30,4.87
Austin,11,13,277,Treatment,35,5.23
Austin,11,13,277,Treatment,40,4.28
Austin,11,13,277,Treatment,45,4.99
Austin,11,13,277,Treatment,50,4.65
Austin,11,13,277,Treatment,55,4.83
Austin,11,14,278,Control,0,5.0
Austin,11,14,278,Control,5,5.02
Austin,11,14,278,Control,10,5.0
Austin,11,14,278,Control,15,5.36
Austin,11,14,278,Control,20,5.01
Austin,11,14,278,Control,25,5.06
Austin,11,14,278,Control,30,5.08
Austin,11,14,278,Control,35,4.74
Austin,11,14,278,Control,40,5.42
Austin,11,14,278,Control,45,5.5
Austin,11,14,278,Control,50,5.02
Austin,11,14,278,Control,55,5.29
Austin,11,15,279,Treatment,0,5.28
Austin,11,15,279,Treatment,5,4.85
Austin,11,15,279,Treatment,10,4.6
Austin,11,15,279,Treatment,15,4.89
Austin,11,15,279,Treatment,20,4.61
Austin,11,15,279,Treatment,25,5.13
Austin,11,15,279,Treatment,30,4.64
Austin,11,15,279,Treatment,35,4.4
Austin,11,15,279,Treatment,40,4.93
Austin,11,15,279,Treatment,45,4.79
Austin,11,15,279,Treatment,50,4.81
Austin,11,15,279,Treatment,55,4.93
Austin,11,16,280,Treatment,0,4.6
Austin,11,16,280,Treatment,5,4.59
Austin,11,16,280,Treatment,10,4.31
Austin,11,16,280,Treatment,15,4.56
Austin,11,16,280,Treatment,20,4.96
Austin,11,16,280,Treatment,25,4.69
Austin,11,16,280,Treatment,30,4.29
Austin,11,16,280,Treatment,35,4.24
Austin,11,16,280,Treatment,40,5.04
Austin,11,16,280,Treatment,45,4.61
Austin,11,16,280,Treatment,50,4.47
Austin,11,16,280,Treatment,55,4.56
Austin,11,17,281,Control,0,4.98
Austin,11,17,281,Control,5,4.72
Austin,11,17,281,Control,10,5.35
Austin,11,17,281,Control,15,5.21
Austin,11,17,281,Control,20,5.56
Austin,11,17,281,Control,25,5.26
Austin,11,17,281,Control,30,5.41
Austin,11,17,281,Control,35,5.38
Austin,11,17,281,Control,40,5.36
Austin,11,17,281,Control,45,5.29
Austin,11,17,281,Control,50,5.14
Austin,11,17,281,Control,55,5.68
Austin,11,18,282,Control,0,5.2
Austin,11,18,282,Control,5,5.2
Austin,11,18,282,Control,10,5.3
Austin,11,18,282,Control,15,5.09
Austin,11,18,282,Control,20,5.28
Austin,11,18,282,Control,25,5.16
Austin,11,18,282,Control,30,4.8
Austin,11,18,282,Control,35,5.2
Austin,11,18,282,Control,40,4.92
Austin,11,18,282,Control,45,4.77
Austin,11,18,282,Control,50,5.23
Austin,11,18,282,Control,55,5.32
Austin,11,19,283,Control,0,5.34
Austin,11,19,283,Control,5,4.72
Austin,11,19,283,Control,10,4.86
Austin,11,19,283,Control,15,5.69
Austin,11,19,283,Control,20,4.94
Austin,11,19,283,Control,25,5.35
Austin,11,19,283,Control,30,5.03
Austin,11,19,283,Control,35,5.22
Austin,11,19,283,Control,40,5.04
Austin,11,19,283,Control,45,5.34
Austin,11,19,283,Control,50,5.23
Austin,11,19,283,Control,55,5.09
Austin,11,20,284,Control,0,5.27
Austin,11,20,284,Control,5,4.9
Austin,11,20,284,Control,10,5.31
Austin,11,20,284,Control,15,5.86
Austin,11,20,284,Control,20,5.54
Austin,11,20,284,Control,25,5.38
Austin,11,20,284,Control,30,5.18
Austin,11,20,284,Control,35,4.72
Austin,11,20,284,Control,40,4.87
Austin,11,20,284,Control,45,5.52
Austin,11,20,284,Control,50,5.0
Austin,11,20,284,Control,55,5.03
Austin,11,21,285,Control,0,4.93
Austin,11,21,285,Control,5,4.89
Austin,11,21,285,Control,10,5.19
Austin,11,21,285,Control,15,4.98
Austin,11,21,285,Control,20,5.01
Austin,11,21,285,Control,25,5.0
Austin,11,21,285,Control,30,5.33
Austin,11,21,285,Control,35,5.14
Austin,11,21,285,Control,40,5.16
Austin,11,21,285,Control,45,5.35
Austin,11,21,285,Control,50,5.16
Austin,11,21,285,Control,55,5.13
Austin,11,22,286,Control,0,5.37
Austin,11,22,286,Control,5,5.16
Austin,11,22,286,Control,10,5.22
Austin,11,22,286,Control,15,5.0
Austin,11,22,286,Control,20,4.98
Austin,11,22,286,Control,25,5.39
Austin,11,22,286,Control,30,5.31
Austin,11,22,286,Control,35,5.31
Austin,11,22,286,Control,40,5.27
Austin,11,22,286,Control,45,5.21
Austin,11,22,286,Control,50,5.37
Austin,11,22,286,Control,55,5.43
Austin,11,23,287,Control,0,5.17
Austin,11,23,287,Control,5,5.55
Austin,11,23,287,Control,10,5.26
Austin,11,23,287,Control,15,5.36
Austin,11,23,287,Control,20,5.27
Austin,11,23,287,Control,25,5.26
Austin,11,23,287,Control,30,5.02
Austin,11,23,287,Control,35,5.38
Austin,11,23,287,Control,40,5.91
Austin,11,23,287,Control,45,5.11
Austin,11,23,287,Control,50,5.22
Austin,11,23,287,Control,55,5.09
Austin,12,0,288,Treatment,0,5.59
Austin,12,0,288,Treatment,5,4.84
Austin,12,0,288,Treatment,10,4.7
Austin,12,0,288,Treatment,15,4.23
Austin,12,0,288,Treatment,20,4.44
Austin,12,0,288,Treatment,25,4.2
Austin,12,0,288,Treatment,30,4.79
Austin,12,0,288,Treatment,35,5.33
Austin,12,0,288,Treatment,40,4.54
Austin,12,0,288,Treatment,45,4.21
Austin,12,0,288,Treatment,50,4.85
Austin,12,0,288,Treatment,55,4.45
Austin,12,1,289,Control,0,4.56
Austin,12,1,289,Control,5,4.66
Austin,12,1,289,Control,10,4.96
Austin,12,1,289,Control,15,5.39
Austin,12,1,289,Control,20,5.14
Austin,12,1,289,Control,25,5.08
Austin,12,1,289,Control,30,5.15
Austin,12,1,289,Control,35,4.88
Austin,12,1,289,Control,40,5.3
Austin,12,1,289,Control,45,4.75
Austin,12,1,289,Control,50,5.09
Austin,12,1,289,Control,55,5.39
Austin,12,2,290,Treatment,0,5.35
Austin,12,2,290,Treatment,5,4.99
Austin,12,2,290,Treatment,10,5.11
Austin,12,2,290,Treatment,15,4.86
Austin,12,2,290,Treatment,20,4.74
Austin,12,2,290,Treatment,25,4.86
Austin,12,2,290,Treatment,30,4.82
Austin,12,2,290,Treatment,35,4.52
Austin,12,2,290,Treatment,40,4.29
Austin,12,2,290,Treatment,45,4.73
Austin,12,2,290,Treatment,50,4.76
Austin,12,2,290,Treatment,55,4.9
Austin,12,3,291,Control,0,4.4
Austin,12,3,291,Control,5,4.93
Austin,12,3,291,Control,10,4.99
Austin,12,3,291,Control,15,4.73
Austin,12,3,291,Control,20,5.29
Austin,12,3,291,Control,25,4.74
Austin,12,3,291,Control,30,4.96
Austin,12,3,291,Control,35,5.54
Austin,12,3,291,Control,40,5.66
Austin,12,3,291,Control,45,4.9
Austin,12,3,291,Control,50,5.12
Austin,12,3,291,Control,55,5.21
Austin,12,4,292,Control,0,5.08
Austin,12,4,292,Control,5,5.08
Austin,12,4,292,Control,10,5.59
Austin,12,4,292,Control,15,5.11
Austin,12,4,292,Control,20,5.38
Austin,12,4,292,Control,25,4.83
Austin,12,4,292,Control,30,5.16
Austin,12,4,292,Control,35,4.79
Austin,12,4,292,Control,40,4.94
Austin,12,4,292,Control,45,5.41
Austin,12,4,292,Control,50,5.19
Austin,12,4,292,Control,55,5.12
Austin,12,5,293,Control,0,5.14
Austin,12,5,293,Control,5,5.28
Austin,12,5,293,Control,10,5.45
Austin,12,5,293,Control,15,4.54
Austin,12,5,293,Control,20,4.99
Austin,12,5,293,Control,25,5.24
Austin,12,5,293,Control,30,5.18
Austin,12,5,293,Control,35,5.3
Austin,12,5,293,Control,40,5.27
Austin,12,5,293,Control,45,5.12
Austin,12,5,293,Control,50,5.07
Austin,12,5,293,Control,55,5.14
Austin,12,6,294,Treatment,0,5.09
Austin,12,6,294,Treatment,5,4.83
Austin,12,6,294,Treatment,10,4.8
Austin,12,6,294,Treatment,15,4.67
Austin,12,6,294,Treatment,20,5.02
Austin,12,6,294,Treatment,25,4.55
Austin,12,6,294,Treatment,30,4.87
Austin,12,6,294,Treatment,35,4.94
Austin,12,6,294,Treatment,40,4.61
Austin,12,6,294,Treatment,45,4.58
Austin,12,6,294,Treatment,50,4.55
Austin,12,6,294,Treatment,55,4.56
Austin,12,7,295,Control,0,4.69
Austin,12,7,295,Control,5,4.88
Austin,12,7,295,Control,10,4.73
Austin,12,7,295,Control,15,4.96
Austin,12,7,295,Control,20,5.74
Austin,12,7,295,Control,25,5.16
Austin,12,7,295,Control,30,5.01
Austin,12,7,295,Control,35,5.56
Austin,12,7,295,Control,40,5.27
Austin,12,7,295,Control,45,5.34
Austin,12,7,295,Control,50,5.17
Austin,12,7,295,Control,55,5.12
Austin,12,8,296,Control,0,4.85
Austin,12,8,296,Control,5,5.18
Austin,12,8,296,Control,10,5.27
Austin,12,8,296,Control,15,5.66
Austin,12,8,296,Control,20,5.22
Austin,12,8,296,Control,25,4.62
Austin,12,8,296,Control,30,5.18
Austin,12,8,296,Control,35,5.88
Austin,12,8,296,Control,40,5.42
Austin,12,8,296,Control,45,5.0
Austin,12,8,296,Control,50,5.35
Austin,12,8,296,Control,55,5.01
Austin,12,9,297,Control,0,5.11
Austin,12,9,297,Control,5,5.22
Austin,12,9,297,Control,10,4.73
Austin,12,9,297,Control,15,4.91
Austin,12,9,297,Control,20,5.2
Austin,12,9,297,Control,25,5.1
Austin,12,9,297,Control,30,5.3
Austin,12,9,297,Control,35,4.9
Austin,12,9,297,Control,40,5.38
Austin,12,9,297,Control,45,4.9
Austin,12,9,297,Control,50,5.61
Austin,12,9,297,Control,55,4.77
Austin,12,10,298,Control,0,5.3
Austin,12,10,298,Control,5,5.62
Austin,12,10,298,Control,10,5.28
Austin,12,10,298,Control,15,5.34
Austin,12,10,298,Control,20,5.2
Austin,12,10,298,Control,25,4.94
Austin,12,10,298,Control,30,5.08
Austin,12,10,298,Control,35,4.9
Austin,12,10,298,Control,40,4.88
Austin,12,10,298,Control,45,5.3
Austin,12,10,298,Control,50,4.92
Austin,12,10,298,Control,55,5.28
Austin,12,11,299,Control,0,5.27
Austin,12,11,299,Control,5,5.08
Austin,12,11,299,Control,10,5.55
Austin,12,11,299,Control,15,5.28
Austin,12,11,299,Control,20,5.51
Austin,12,11,299,Control,25,5.01
Austin,12,11,299,Control,30,5.21
Austin,12,11,299,Control,35,4.95
Austin,12,11,299,Control,40,5.1
Austin,12,11,299,Control,45,5.13
Austin,12,11,299,Control,50,5.02
Austin,12,11,299,Control,55,4.9
Austin,12,12,300,Treatment,0,4.62
Austin,12,12,300,Treatment,5,4.75
Austin,12,12,300,Treatment,10,4.98
Austin,12,12,300,Treatment,15,4.23
Austin,12,12,300,Treatment,20,4.29
Austin,12,12,300,Treatment,25,5.08
Austin,12,12,300,Treatment,30,4.47
Austin,12,12,300,Treatment,35,4.71
Austin,12,12,300,Treatment,40,4.79
Austin,12,12,300,Treatment,45,4.79
Austin,12,12,300,Treatment,50,4.25
Austin,12,12,300,Treatment,55,4.57
Austin,12,13,301,Treatment,0,5.24
Austin,12,13,301,Treatment,5,4.23
Austin,12,13,301,Treatment,10,4.37
Austin,12,13,301,Treatment,15,4.37
Austin,12,13,301,Treatment,20,4.25
Austin,12,13,301,Treatment,25,4.97
Austin,12,13,301,Treatment,30,5.23
Austin,12,13,301,Treatment,35,4.51
Austin,12,13,301,Treatment,40,4.3
Austin,12,13,301,Treatment,45,4.07
Austin,12,13,301,Treatment,50,4.57
Austin,12,13,301,Treatment,55,4.55
Austin,12,14,302,Control,0,4.68
Austin,12,14,302,Control,5,4.92
Austin,12,14,302,Control,10,5.09
Austin,12,14,302,Control,15,5.12
Austin,12,14,302,Control,20,4.92
Austin,12,14,302,Control,25,5.37
Austin,12,14,302,Control,30,5.2
Austin,12,14,302,Control,35,5.42
Austin,12,14,302,Control,40,5.4
Austin,12,14,302,Control,45,4.84
Austin,12,14,302,Control,50,4.84
Austin,12,14,302,Control,55,5.01
Austin,12,15,303,Treatment,0,5.39
Austin,12,15,303,Treatment,5,5.1
Austin,12,15,303,Treatment,10,5.09
Austin,12,15,303,Treatment,15,4.73
Austin,12,15,303,Treatment,20,4.68
Austin,12,15,303,Treatment,25,4.93
Austin,12,15,303,Treatment,30,4.75
Austin,12,15,303,Treatment,35,4.65
Austin,12,15,303,Treatment,40,5.0
Austin,12,15,303,Treatment,45,4.66
Austin,12,15,303,Treatment,50,4.55
Austin,12,15,303,Treatment,55,4.42
Austin,12,16,304,Treatment,0,4.94
Austin,12,16,304,Treatment,5,4.62
Austin,12,16,304,Treatment,10,4.95
Austin,12,16,304,Treatment,15,4.14
Austin,12,16,304,Treatment,20,4.61
Austin,12,16,304,Treatment,25,4.62
Austin,12,16,304,Treatment,30,4.45
Austin,12,16,304,Treatment,35,5.22
Austin,12,16,304,Treatment,40,4.61
Austin,12,16,304,Treatment,45,4.53
Austin,12,16,304,Treatment,50,4.63
Austin,12,16,304,Treatment,55,4.13
Austin,12,17,305,Control,0,4.87
Austin,12,17,305,Control,5,4.66
Austin,12,17,305,Control,10,4.8
Austin,12,17,305,Control,15,5.53
Austin,12,17,305,Control,20,5.54
Austin,12,17,305,Control,25,5.33
Austin,12,17,305,Control,30,5.09
Austin,12,17,305,Control,35,5.14
Austin,12,17,305,Control,40,5.0
Austin,12,17,305,Control,45,4.95
Austin,12,17,305,Control,50,4.94
Austin,12,17,305,Control,55,5.05
Austin,12,18,306,Control,0,4.81
Austin,12,18,306,Control,5,5.25
Austin,12,18,306,Control,10,5.26
Austin,12,18,306,Control,15,5.63
Austin,12,18,306,Control,20,5.03
Austin,12,18,306,Control,25,5.27
Austin,12,18,306,Control,30,5.28
Austin,12,18,306,Control,35,5.14
Austin,12,18,306,Control,40,5.39
Austin,12,18,306,Control,45,5.39
Austin,12,18,306,Control,50,5.28
Austin,12,18,306,Control,55,5.14
Austin,12,19,307,Control,0,4.86
Austin,12,19,307,Control,5,5.0
Austin,12,19,307,Control,10,5.04
Austin,12,19,307,Control,15,4.92
Austin,12,19,307,Control,20,5.31
Austin,12,19,307,Control,25,5.5
Austin,12,19,307,Control,30,4.97
Austin,12,19,307,Control,35,5.27
Austin,12,19,307,Control,40,4.94
Austin,12,19,307,Control,45,5.12
Austin,12,19,307,Control,50,5.03
Austin,12,19,307,Control,55,5.35
Austin,12,20,308,Treatment,0,5.45
Austin,12,20,308,Treatment,5,4.95
Austin,12,20,308,Treatment,10,4.66
Austin,12,20,308,Treatment,15,4.31
Austin,12,20,308,Treatment,20,4.69
Austin,12,20,308,Treatment,25,4.85
Austin,12,20,308,Treatment,30,4.7
Austin,12,20,308,Treatment,35,5.19
Austin,12,20,308,Treatment,40,4.99
Austin,12,20,308,Treatment,45,4.55
Austin,12,20,308,Treatment,50,4.55
Austin,12,20,308,Treatment,55,4.75
Austin,12,21,309,Control,0,4.92
Austin,12,21,309,Control,5,4.91
Austin,12,21,309,Control,10,5.07
Austin,12,21,309,Control,15,5.37
Austin,12,21,309,Control,20,5.63
Austin,12,21,309,Control,25,5.24
Austin,12,21,309,Control,30,5.17
Austin,12,21,309,Control,35,5.58
Austin,12,21,309,Control,40,5.44
Austin,12,21,309,Control,45,5.12
Austin,12,21,309,Control,50,5.2
Austin,12,21,309,Control,55,5.25
Austin,12,22,310,Treatment,0,4.86
Austin,12,22,310,Treatment,5,4.62
Austin,12,22,310,Treatment,10,4.6
Austin,12,22,310,Treatment,15,4.39
Austin,12,22,310,Treatment,20,4.47
Austin,12,22,310,Treatment,25,4.79
Austin,12,22,310,Treatment,30,4.59
Austin,12,22,310,Treatment,35,4.68
Austin,12,22,310,Treatment,40,4.32
Austin,12,22,310,Treatment,45,4.51
Austin,12,22,310,Treatment,50,4.77
Austin,12,22,310,Treatment,55,4.78
Austin,12,23,311,Control,0,4.67
Austin,12,23,311,Control,5,5.37
Austin,12,23,311,Control,10,5.0
Austin,12,23,311,Control,15,5.03
Austin,12,23,311,Control,20,5.16
Austin,12,23,311,Control,25,5.22
Austin,12,23,311,Control,30,5.16
Austin,12,23,311,Control,35,5.19
Austin,12,23,311,Control,40,4.84
Austin,12,23,311,Control,45,4.96
Austin,12,23,311,Control,50,5.16
Austin,12,23,311,Control,55,5.16
Austin,13,0,312,Control,0,5.16
Austin,13,0,312,Control,5,5.22
Austin,13,0,312,Control,10,5.42
Austin,13,0,312,Control,15,5.18
Austin,13,0,312,Control,20,5.3
Austin,13,0,312,Control,25,5.06
Austin,13,0,312,Control,30,5.34
Austin,13,0,312,Control,35,5.29
Austin,13,0,312,Control,40,5.42
Austin,13,0,312,Control,45,5.38
Austin,13,0,312,Control,50,5.35
Austin,13,0,312,Control,55,5.18
Austin,13,1,313,Control,0,5.47
Austin,13,1,313,Control,5,5.04
Austin,13,1,313,Control,10,5.04
Austin,13,1,313,Control,15,5.25
Austin,13,1,313,Control,20,5.3
Austin,13,1,313,Control,25,4.99
Austin,13,1,313,Control,30,5.18
Austin,13,1,313,Control,35,5.18
Austin,13,1,313,Control,40,4.65
Austin,13,1,313,Control,45,5.15
Austin,13,1,313,Control,50,5.16
Austin,13,1,313,Control,55,5.16
Austin,13,2,314,Treatment,0,4.9
Austin,13,2,314,Treatment,5,4.8
Austin,13,2,314,Treatment,10,4.17
Austin,13,2,314,Treatment,15,4.51
Austin,13,2,314,Treatment,20,4.53
Austin,13,2,314,Treatment,25,4.5
Austin,13,2,314,Treatment,30,4.9
Austin,13,2,314,Treatment,35,4.84
Austin,13,2,314,Treatment,40,4.65
Austin,13,2,314,Treatment,45,4.54
Austin,13,2,314,Treatment,50,4.88
Austin,13,2,314,Treatment,55,4.62
Austin,13,3,315,Control,0,4.2
Austin,13,3,315,Control,5,4.71
Austin,13,3,315,Control,10,5.2
Austin,13,3,315,Control,15,5.77
Austin,13,3,315,Control,20,5.22
Austin,13,3,315,Control,25,5.01
Austin,13,3,315,Control,30,4.9
Austin,13,3,315,Control,35,5.34
Austin,13,3,315,Control,40,4.76
Austin,13,3,315,Control,45,5.34
Austin,13,3,315,Control,50,5.4
Austin,13,3,315,Control,55,5.31
Austin,13,4,316,Control,0,5.34
Austin,13,4,316,Control,5,5.24
Austin,13,4,316,Control,10,5.01
Austin,13,4,316,Control,15,5.66
Austin,13,4,316,Control,20,5.11
Austin,13,4,316,Control,25,5.39
Austin,13,4,316,Control,30,4.6
Austin,13,4,316,Control,35,5.52
Austin,13,4,316,Control,40,5.57
Austin,13,4,316,Control,45,5.21
Austin,13,4,316,Control,50,5.34
Austin,13,4,316,Control,55,5.34
Austin,13,5,317,Treatment,0,5.34
Austin,13,5,317,Treatment,5,4.81
Austin,13,5,317,Treatment,10,4.67
Austin,13,5,317,Treatment,15,4.91
Austin,13,5,317,Treatment,20,4.87
Austin,13,5,317,Treatment,25,4.45
Austin,13,5,317,Treatment,30,4.44
Austin,13,5,317,Treatment,35,4.47
Austin,13,5,317,Treatment,40,4.81
Austin,13,5,317,Treatment,45,4.38
Austin,13,5,317,Treatment,50,4.72
Austin,13,5,317,Treatment,55,4.81
Austin,13,6,318,Treatment,0,4.88
Austin,13,6,318,Treatment,5,4.55
Austin,13,6,318,Treatment,10,4.57
Austin,13,6,318,Treatment,15,4.38
Austin,13,6,318,Treatment,20,4.88
Austin,13,6,318,Treatment,25,4.44
Austin,13,6,318,Treatment,30,4.72
Austin,13,6,318,Treatment,35,4.61
Austin,13,6,318,Treatment,40,4.36
Austin,13,6,318,Treatment,45,4.48
Austin,13,6,318,Treatment,50,4.97
Austin,13,6,318,Treatment,55,4.68
Austin,13,7,319,Treatment,0,4.7
Austin,13,7,319,Treatment,5,4.59
Austin,13,7,319,Treatment,10,5.49
Austin,13,7,319,Treatment,15,4.7
Austin,13,7,319,Treatment,20,4.53
Austin,13,7,319,Treatment,25,4.98
Austin,13,7,319,Treatment,30,4.17
Austin,13,7,319,Treatment,35,4.65
Austin,13,7,319,Treatment,40,5.13
Austin,13,7,319,Treatment,45,4.6
Austin,13,7,319,Treatment,50,4.19
Austin,13,7,319,Treatment,55,4.53
Austin,13,8,320,Treatment,0,4.72
Austin,13,8,320,Treatment,5,4.42
Austin,13,8,320,Treatment,10,4.46
Austin,13,8,320,Treatment,15,4.49
Austin,13,8,320,Treatment,20,4.72
Austin,13,8,320,Treatment,25,4.96
Austin,13,8,320,Treatment,30,4.89
Austin,13,8,320,Treatment,35,4.74
Austin,13,8,320,Treatment,40,4.3
Austin,13,8,320,Treatment,45,4.3
Austin,13,8,320,Treatment,50,4.76
Austin,13,8,320,Treatment,55,4.29
Austin,13,9,321,Control,0,4.7
Austin,13,9,321,Control,5,4.53
Austin,13,9,321,Control,10,4.75
Austin,13,9,321,Control,15,5.18
Austin,13,9,321,Control,20,5.33
Austin,13,9,321,Control,25,5.47
Austin,13,9,321,Control,30,5.35
Austin,13,9,321,Control,35,5.22
Austin,13,9,321,Control,40,5.01
Austin,13,9,321,Control,45,4.93
Austin,13,9,321,Control,50,5.07
Austin,13,9,321,Control,55,5.3
Austin,13,10,322,Treatment,0,4.68
Austin,13,10,322,Treatment,5,4.81
Austin,13,10,322,Treatment,10,5.12
Austin,13,10,322,Treatment,15,4.65
Austin,13,10,322,Treatment,20,4.27
Austin,13,10,322,Treatment,25,5.22
Austin,13,10,322,Treatment,30,4.62
Austin,13,10,322,Treatment,35,4.72
Austin,13,10,322,Treatment,40,4.73
Austin,13,10,322,Treatment,45,4.54
Austin,13,10,322,Treatment,50,4.45
Austin,13,10,322,Treatment,55,5.16
Austin,13,11,323,Control,0,4.83
Austin,13,11,323,Control,5,4.96
Austin,13,11,323,Control,10,4.76
Austin,13,11,323,Control,15,5.52
Austin,13,11,323,Control,20,4.99
Austin,13,11,323,Control,25,5.27
Austin,13,11,323,Control,30,4.79
Austin,13,11,323,Control,35,4.69
Austin,13,11,323,Control,40,5.28
Austin,13,11,323,Control,45,5.0
Austin,13,11,323,Control,50,4.7
Austin,13,11,323,Control,55,5.34
Austin,13,12,324,Control,0,5.55
Austin,13,12,324,Control,5,5.14
Austin,13,12,324,Control,10,5.2
Austin,13,12,324,Control,15,5.42
Austin,13,12,324,Control,20,5.48
Austin,13,12,324,Control,25,5.11
Austin,13,12,324,Control,30,5.21
Austin,13,12,324,Control,35,5.28
Austin,13,12,324,Control,40,5.34
Austin,13,12,324,Control,45,5.17
Austin,13,12,324,Control,50,5.17
Austin,13,12,324,Control,55,5.54
Austin,13,13,325,Control,0,5.32
Austin,13,13,325,Control,5,5.63
Austin,13,13,325,Control,10,5.1
Austin,13,13,325,Control,15,5.61
Austin,13,13,325,Control,20,5.34
Austin,13,13,325,Control,25,6.02
Austin,13,13,325,Control,30,4.9
Austin,13,13,325,Control,35,5.03
Austin,13,13,325,Control,40,5.3
Austin,13,13,325,Control,45,5.3
Austin,13,13,325,Control,50,5.69
Austin,13,13,325,Control,55,5.03
Austin,13,14,326,Control,0,5.49
Austin,13,14,326,Control,5,5.38
Austin,13,14,326,Control,10,4.96
Austin,13,14,326,Control,15,5.55
Austin,13,14,326,Control,20,5.51
Austin,13,14,326,Control,25,5.35
Austin,13,14,326,Control,30,5.25
Austin,13,14,326,Control,35,5.26
Austin,13,14,326,Control,40,5.18
Austin,13,14,326,Control,45,5.36
Austin,13,14,326,Control,50,5.21
Austin,13,14,326,Control,55,4.99
Austin,13,15,327,Control,0,5.01
Austin,13,15,327,Control,5,5.26
Austin,13,15,327,Control,10,5.19
Austin,13,15,327,Control,15,5.25
Austin,13,15,327,Control,20,5.33
Austin,13,15,327,Control,25,5.04
Austin,13,15,327,Control,30,5.57
Austin,13,15,327,Control,35,5.13
Austin,13,15,327,Control,40,5.09
Austin,13,15,327,Control,45,5.32
Austin,13,15,327,Control,50,4.74
Austin,13,15,327,Control,55,5.0
Austin,13,16,328,Treatment,0,4.77
Austin,13,16,328,Treatment,5,5.29
Austin,13,16,328,Treatment,10,5.2
Austin,13,16,328,Treatment,15,4.54
Austin,13,16,328,Treatment,20,4.7
Austin,13,16,328,Treatment,25,4.91
Austin,13,16,328,Treatment,30,4.51
Austin,13,16,328,Treatment,35,4.84
Austin,13,16,328,Treatment,40,4.46
Austin,13,16,328,Treatment,45,4.51
Austin,13,16,328,Treatment,50,4.43
Austin,13,16,328,Treatment,55,4.71
Austin,13,17,329,Treatment,0,4.58
Austin,13,17,329,Treatment,5,4.31
Austin,13,17,329,Treatment,10,4.36
Austin,13,17,329,Treatment,15,4.73
Austin,13,17,329,Treatment,20,5.09
Austin,13,17,329,Treatment,25,4.73
Austin,13,17,329,Treatment,30,4.53
Austin,13,17,329,Treatment,35,4.82
Austin,13,17,329,Treatment,40,4.57
Austin,13,17,329,Treatment,45,4.53
Austin,13,17,329,Treatment,50,4.39
Austin,13,17,329,Treatment,55,4.98
Austin,13,18,330,Control,0,4.83
Austin,13,18,330,Control,5,4.7
Austin,13,18,330,Control,10,4.91
Austin,13,18,330,Control,15,5.62
Austin,13,18,330,Control,20,5.02
Austin,13,18,330,Control,25,5.03
Austin,13,18,330,Control,30,5.17
Austin,13,18,330,Control,35,5.3
Austin,13,18,330,Control,40,5.09
Austin,13,18,330,Control,45,4.81
Austin,13,18,330,Control,50,4.98
Austin,13,18,330,Control,55,5.52
Austin,13,19,331,Control,0,5.31
Austin,13,19,331,Control,5,5.13
Austin,13,19,331,Control,10,5.04
Austin,13,19,331,Control,15,5.62
Austin,13,19,331,Control,20,5.15
Austin,13,19,331,Control,25,5.09
Austin,13,19,331,Control,30,5.47
Austin,13,19,331,Control,35,5.02
Austin,13,19,331,Control,40,5.05
Austin,13,19,331,Control,45,5.2
Austin,13,19,331,Control,50,5.2
Austin,13,19,331,Control,55,5.26
Austin,13,20,332,Treatment,0,5.28
Austin,13,20,332,Treatment,5,4.41
Austin,13,20,332,Treatment,10,4.9
Austin,13,20,332,Treatment,15,4.64
Austin,13,20,332,Treatment,20,4.64
Austin,13,20,332,Treatment,25,4.69
Austin,13,20,332,Treatment,30,4.62
Austin,13,20,332,Treatment,35,4.61
Austin,13,20,332,Treatment,40,4.78
Austin,13,20,332,Treatment,45,4.49
Austin,13,20,332,Treatment,50,4.39
Austin,13,20,332,Treatment,55,5.38
Austin,13,21,333,Control,0,4.65
Austin,13,21,333,Control,5,4.44
Austin,13,21,333,Control,10,5.04
Austin,13,21,333,Control,15,4.97
Austin,13,21,333,Control,20,5.09
Austin,13,21,333,Control,25,5.46
Austin,13,21,333,Control,30,5.32
Austin,13,21,333,Control,35,5.34
Austin,13,21,333,Control,40,4.76
Austin,13,21,333,Control,45,5.66
Austin,13,21,333,Control,50,4.9
Austin,13,21,333,Control,55,5.58
Austin,13,22,334,Treatment,0,5.34
Austin,13,22,334,Treatment,5,4.8
Austin,13,22,334,Treatment,10,4.86
Austin,13,22,334,Treatment,15,4.51
Austin,13,22,334,Treatment,20,4.64
Austin,13,22,334,Treatment,25,4.57
Austin,13,22,334,Treatment,30,4.12
Austin,13,22,334,Treatment,35,4.91
Austin,13,22,334,Treatment,40,4.61
Austin,13,22,334,Treatment,45,4.51
Austin,13,22,334,Treatment,50,4.49
Austin,13,22,334,Treatment,55,4.72
Austin,13,23,335,Control,0,4.06
Austin,13,23,335,Control,5,4.92
Austin,13,23,335,Control,10,5.14
Austin,13,23,335,Control,15,5.15
Austin,13,23,335,Control,20,4.91
Austin,13,23,335,Control,25,5.22
Austin,13,23,335,Control,30,4.83
Austin,13,23,335,Control,35,4.94
Austin,13,23,335,Control,40,5.01
Austin,13,23,335,Control,45,5.41
Austin,13,23,335,Control,50,5.11
Austin,13,23,335,Control,55,5.09
Denver,0,0,0,Control,0,4.69
Denver,0,0,0,Control,5,4.68
Denver,0,0,0,Control,10,4.51
Denver,0,0,0,Control,15,4.45
Denver,0,0,0,Control,20,4.05
Denver,0,0,0,Control,25,4.84
Denver,0,0,0,Control,30,4.71
Denver,0,0,0,Control,35,4.56
Denver,0,0,0,Control,40,4.57
Denver,0,0,0,Control,45,4.78
Denver,0,0,0,Control,50,4.21
Denver,0,0,0,Control,55,4.45
Denver,0,1,1,Control,0,5.04
Denver,0,1,1,Control,5,4.82
Denver,0,1,1,Control,10,4.05
Denver,0,1,1,Control,15,4.22
Denver,0,1,1,Control,20,4.57
Denver,0,1,1,Control,25,4.48
Denver,0,1,1,Control,30,4.27
Denver,0,1,1,Control,35,5.09
Denver,0,1,1,Control,40,4.68
Denver,0,1,1,Control,45,4.72
Denver,0,1,1,Control,50,4.43
Denver,0,1,1,Control,55,4.78
Denver,0,2,2,Control,0,4.53
Denver,0,2,2,Control,5,4.75
Denver,0,2,2,Control,10,4.19
Denver,0,2,2,Control,15,5.0
Denver,0,2,2,Control,20,4.65
Denver,0,2,2,Control,25,4.92
Denver,0,2,2,Control,30,4.33
Denver,0,2,2,Control,35,4.37
Denver,0,2,2,Control,40,4.31
Denver,0,2,2,Control,45,4.66
Denver,0,2,2,Control,50,4.62
Denver,0,2,2,Control,55,4.48
Denver,0,3,3,Control,0,4.28
Denver,0,3,3,Control,5,4.59
Denver,0,3,3,Control,10,4.48
Denver,0,3,3,Control,15,4.43
Denver,0,3,3,Control,20,4.99
Denver,0,3,3,Control,25,4.58
Denver,0,3,3,Control,30,4.92
Denver,0,3,3,Control,35,4.47
Denver,0,3,3,Control,40,4.66
Denver,0,3,3,Control,45,4.59
Denver,0,3,3,Control,50,4.18
Denver,0,3,3,Control,55,4.96
Denver,0,4,4,Treatment,0,4.79
Denver,0,4,4,Treatment,5,4.27
Denver,0,4,4,Treatment,10,4.28
Denver,0,4,4,Treatment,15,3.97
Denver,0,4,4,Treatment,20,4.49
Denver,0,4,4,Treatment,25,4.26
Denver,0,4,4,Treatment,30,4.28
Denver,0,4,4,Treatment,35,4.53
Denver,0,4,4,Treatment,40,4.48
Denver,0,4,4,Treatment,45,4.38
Denver,0,4,4,Treatment,50,3.83
Denver,0,4,4,Treatment,55,4.01
Denver,0,5,5,Treatment,0,4.37
Denver,0,5,5,Treatment,5,4.23
Denver,0,5,5,Treatment,10,3.84
Denver,0,5,5,Treatment,15,4.14
Denver,0,5,5,Treatment,20,3.81
Denver,0,5,5,Treatment,25,4.17
Denver,0,5,5,Treatment,30,3.77
Denver,0,5,5,Treatment,35,4.32
Denver,0,5,5,Treatment,40,4.28
Denver,0,5,5,Treatment,45,4.66
Denver,0,5,5,Treatment,50,4.4
Denver,0,5,5,Treatment,55,4.08
Denver,0,6,6,Control,0,3.84
Denver,0,6,6,Control,5,4.08
Denver,0,6,6,Control,10,4.55
Denver,0,6,6,Control,15,4.06
Denver,0,6,6,Control,20,4.59
Denver,0,6,6,Control,25,4.34
Denver,0,6,6,Control,30,4.63
Denver,0,6,6,Control,35,4.33
Denver,0,6,6,Control,40,4.71
Denver,0,6,6,Control,45,4.6
Denver,0,6,6,Control,50,4.95
Denver,0,6,6,Control,55,4.6
Denver,0,7,7,Control,0,4.54
Denver,0,7,7,Control,5,4.26
Denver,0,7,7,Control,10,4.7
Denver,0,7,7,Control,15,4.75
Denver,0,7,7,Control,20,5.22
Denver,0,7,7,Control,25,4.44
Denver,0,7,7,Control,30,4.53
Denver,0,7,7,Control,35,4.46
Denver,0,7,7,Control,40,4.65
Denver,0,7,7,Control,45,4.7
Denver,0,7,7,Control,50,4.59
Denver,0,7,7,Control,55,4.87
Denver,0,8,8,Control,0,4.85
Denver,0,8,8,Control,5,4.73
Denver,0,8,8,Control,10,4.6
Denver,0,8,8,Control,15,4.52
Denver,0,8,8,Control,20,5.21
Denver,0,8,8,Control,25,4.4
Denver,0,8,8,Control,30,4.67
Denver,0,8,8,Control,35,4.41
Denver,0,8,8,Control,40,5.05
Denver,0,8,8,Control,45,4.82
Denver,0,8,8,Control,50,4.43
Denver,0,8,8,Control,55,4.73
Denver,0,9,9,Control,0,4.47
Denver,0,9,9,Control,5,4.79
Denver,0,9,9,Control,10,4.7
Denver,0,9,9,Control,15,4.65
Denver,0,9,9,Control,20,4.59
Denver,0,9,9,Control,25,4.71
Denver,0,9,9,Control,30,4.66
Denver,0,9,9,Control,35,4.61
Denver,0,9,9,Control,40,4.44
Denver,0,9,9,Control,45,5.02
Denver,0,9,9,Control,50,4.34
Denver,0,9,9,Control,55,4.71
Denver,0,10,10,Treatment,0,5.04
Denver,0,10,10,Treatment,5,4.24
Denver,0,10,10,Treatment,10,4.14
Denver,0,10,10,Treatment,15,3.94
Denver,0,10,10,Treatment,20,4.27
Denver,0,10,10,Treatment,25,3.84
Denver,0,10,10,Treatment,30,4.07
Denver,0,10,10,Treatment,35,3.65
Denver,0,10,10,Treatment,40,4.25
Denver,0,10,10,Treatment,45,4.06
Denver,0,10,10,Treatment,50,3.81
Denver,0,10,10,Treatment,55,4.46
Denver,0,11,11,Treatment,0,4.39
Denver,0,11,11,Treatment,5,4.01
Denver,0,11,11,Treatment,10,4.59
Denver,0,11,11,Treatment,15,4.37
Denver,0,11,11,Treatment,20,3.93
Denver,0,11,11,Treatment,25,3.96
Denver,0,11,11,Treatment,30,4.34
Denver,0,11,11,Treatment,35,4.12
Denver,0,11,11,Treatment,40,4.14
Denver,0,11,11,Treatment,45,4.5
Denver,0,11,11,Treatment,50,4.0
Denver,0,11,11,Treatment,55,4.21
Denver,0,12,12,Treatment,0,4.39
Denver,0,12,12,Treatment,5,4.15
Denver,0,12,12,Treatment,10,4.11
Denver,0,12,12,Treatment,15,3.75
Denver,0,12,12,Treatment,20,3.92
Denver,0,12,12,Treatment,25,4.27
Denver,0,12,12,Treatment,30,4.15
Denver,0,12,12,Treatment,35,4.2
Denver,0,12,12,Treatment,40,4.45
Denver,0,12,12,Treatment,45,3.89
Denver,0,12,12,Treatment,50,4.13
Denver,0,12,12,Treatment,55,4.23
Denver,0,13,13,Treatment,0,4.54
Denver,0,13,13,Treatment,5,4.41
Denver,0,13,13,Treatment,10,4.26
Denver,0,13,13,Treatment,15,4.63
Denver,0,13,13,Treatment,20,3.81
Denver,0,13,13,Treatment,25,4.18
Denver,0,13,13,Treatment,30,4.28
Denver,0,13,13,Treatment,35,3.96
Denver,0,13,13,Treatment,40,4.26
Denver,0,13,13,Treatment,45,3.91
Denver,0,13,13,Treatment,50,4.36
Denver,0,13,13,Treatment,55,4.45
Denver,0,14,14,Treatment,0,3.72
Denver,0,14,14,Treatment,5,3.94
Denver,0,14,14,Treatment,10,4.33
Denver,0,14,14,Treatment,15,4.19
Denver,0,14,14,Treatment,20,3.51
Denver,0,14,14,Treatment,25,4.5
Denver,0,14,14,Treatment,30,4.22
Denver,0,14,14,Treatment,35,3.98
Denver,0,14,14,Treatment,40,4.43
Denver,0,14,14,Treatment,45,4.02
Denver,0,14,14,Treatment,50,4.01
Denver,0,14,14,Treatment,55,4.28
Denver,0,15,15,Treatment,0,4.59
Denver,0,15,15,Treatment,5,4.28
Denver,0,15,15,Treatment,10,4.3
Denver,0,15,15,Treatment,15,4.38
Denver,0,15,15,Treatment,20,3.87
Denver,0,15,15,Treatment,25,4.35
Denver,0,15,15,Treatment,30,4.0
Denver,0,15,15,Treatment,35,4.27
Denver,0,15,15,Treatment,40,4.13
Denver,0,15,15,Treatment,45,4.31
Denver,0,15,15,Treatment,50,4.22
Denver,0,15,15,Treatment,55,3.42
Denver,0,16,16,Treatment,0,4.35
Denver,0,16,16,Treatment,5,4.3
Denver,0,16,16,Treatment,10,4.16
Denver,0,16,16,Treatment,15,4.6
Denver,0,16,16,Treatment,20,4.26
Denver,0,16,16,Treatment,25,4.3
Denver,0,16,16,Treatment,30,4.45
Denver,0,16,16,Treatment,35,4.28
Denver,0,16,16,Treatment,40,3.96
Denver,0,16,16,Treatment,45,3.58
Denver,0,16,16,Treatment,50,4.07
Denver,0,16,16,Treatment,55,4.38
Denver,0,17,17,Treatment,0,4.39
Denver,0,17,17,Treatment,5,4.22
Denver,0,17,17,Treatment,10,4.51
Denver,0,17,17,Treatment,15,4.11
Denver,0,17,17,Treatment,20,4.3
Denver,0,17,17,Treatment,25,4.31
Denver,0,17,17,Treatment,30,4.56
Denver,0,17,17,Treatment,35,3.76
Denver,0,17,17,Treatment,40,4.07
Denver,0,17,17,Treatment,45,4.4
Denver,0,17,17,Treatment,50,4.57
Denver,0,17,17,Treatment,55,4.25
Denver,0,18,18,Treatment,0,4.38
Denver,0,18,18,Treatment,5,4.4
Denver,0,18,18,Treatment,10,4.1
Denver,0,18,18,Treatment,15,4.27
Denver,0,18,18,Treatment,20,4.48
Denver,0,18,18,Treatment,25,4.66
Denver,0,18,18,Treatment,30,4.37
Denver,0,18,18,Treatment,35,4.2
Denver,0,18,18,Treatment,40,4.17
Denver,0,18,18,Treatment,45,4.33
Denver,0,18,18,Treatment,50,4.16
Denver,0,18,18,Treatment,55,4.23
Denver,0,19,19,Control,0,4.51
Denver,0,19,19,Control,5,4.04
Denver,0,19,19,Control,10,4.35
Denver,0,19,19,Control,15,4.62
Denver,0,19,19,Control,20,5.1
Denver,0,19,19,Control,25,4.49
Denver,0,19,19,Control,30,4.43
Denver,0,19,19,Control,35,4.46
Denver,0,19,19,Control,40,5.01
Denver,0,19,19,Control,45,3.9
Denver,0,19,19,Control,50,4.35
Denver,0,19,19,Control,55,5.28
Denver,0,20,20,Control,0,4.32
Denver,0,20,20,Control,5,4.59
Denver,0,20,20,Control,10,4.62
Denver,0,20,20,Control,15,4.81
Denver,0,20,20,Control,20,5.06
Denver,0,20,20,Control,25,4.7
Denver,0,20,20,Control,30,4.47
Denver,0,20,20,Control,35,4.8
Denver,0,20,20,Control,40,4.43
Denver,0,20,20,Control,45,4.34
Denver,0,20,20,Control,50,4.16
Denver,0,20,20,Control,55,4.21
Denver,0,21,21,Treatment,0,4.31
Denver,0,21,21,Treatment,5,4.54
Denver,0,21,21,Treatment,10,4.02
Denver,0,21,21,Treatment,15,3.4
Denver,0,21,21,Treatment,20,3.93
Denver,0,21,21,Treatment,25,4.07
Denver,0,21,21,Treatment,30,4.03
Denver,0,21,21,Treatment,35,4.57
Denver,0,21,21,Treatment,40,4.03
Denver,0,21,21,Treatment,45,4.41
Denver,0,21,21,Treatment,50,4.18
Denver,0,21,21,Treatment,55,4.18
Denver,0,22,22,Control,0,4.17
Denver,0,22,22,Control,5,4.13
Denver,0,22,22,Control,10,4.5
Denver,0,22,22,Control,15,4.54
Denver,0,22,22,Control,20,4.36
Denver,0,22,22,Control,25,4.85
Denver,0,22,22,Control,30,4.71
Denver,0,22,22,Control,35,4.49
Denver,0,22,22,Control,40,4.64
Denver,0,22,22,Control,45,4.58
Denver,0,22,22,Control,50,4.38
Denver,0,22,22,Control,55,4.62
Denver,0,23,23,Treatment,0,4.36
Denver,0,23,23,Treatment,5,4.06
Denver,0,23,23,Treatment,10,4.23
Denver,0,23,23,Treatment,15,4.33
Denver,0,23,23,Treatment,20,4.01
Denver,0,23,23,Treatment,25,4.82
Denver,0,23,23,Treatment,30,4.41
Denver,0,23,23,Treatment,35,4.51
Denver,0,23,23,Treatment,40,4.38
Denver,0,23,23,Treatment,45,4.65
Denver,0,23,23,Treatment,50,3.99
Denver,0,23,23,Treatment,55,3.55
Denver,1,0,24,Control,0,4.33
Denver,1,0,24,Control,5,4.36
Denver,1,0,24,Control,10,4.53
Denver,1,0,24,Control,15,4.93
Denver,1,0,24,Control,20,4.7
Denver,1,0,24,Control,25,4.8
Denver,1,0,24,Control,30,4.37
Denver,1,0,24,Control,35,4.33
Denver,1,0,24,Control,40,5.0
Denver,1,0,24,Control,45,4.63
Denver,1,0,24,Control,50,4.44
Denver,1,0,24,Control,55,4.44
Denver,1,1,25,Treatment,0,4.42
Denver,1,1,25,Treatment,5,4.14
Denver,1,1,25,Treatment,10,3.95
Denver,1,1,25,Treatment,15,4.14
Denver,1,1,25,Treatment,20,4.04
Denver,1,1,25,Treatment,25,4.46
Denver,1,1,25,Treatment,30,4.26
Denver,1,1,25,Treatment,35,4.25
Denver,1,1,25,Treatment,40,4.0
Denver,1,1,25,Treatment,45,4.16
Denver,1,1,25,Treatment,50,4.28
Denver,1,1,25,Treatment,55,4.37
Denver,1,2,26,Treatment,0,4.46
Denver,1,2,26,Treatment,5,4.19
Denver,1,2,26,Treatment,10,4.38
Denver,1,2,26,Treatment,15,4.06
Denver,1,2,26,Treatment,20,3.73
Denver,1,2,26,Treatment,25,4.25
Denver,1,2,26,Treatment,30,4.37
Denver,1,2,26,Treatment,35,4.33
Denver,1,2,26,Treatment,40,4.29
Denver,1,2,26,Treatment,45,4.1
Denver,1,2,26,Treatment,50,3.98
Denver,1,2,26,Treatment,55,4.32
Denver,1,3,27,Control,0,4.05
Denver,1,3,27,Control,5,4.6
Denver,1,3,27,Control,10,4.24
Denver,1,3,27,Control,15,4.45
Denver,1,3,27,Control,20,5.01
Denver,1,3,27,Control,25,4.82
Denver,1,3,27,Control,30,4.51
Denver,1,3,27,Control,35,4.67
Denver,1,3,27,Control,40,4.64
Denver,1,3,27,Control,45,3.91
Denver,1,3,27,Control,50,4.37
Denver,1,3,27,Control,55,4.59
Denver,1,4,28,Treatment,0,4.66
Denver,1,4,28,Treatment,5,4.74
Denver,1,4,28,Treatment,10,4.24
Denver,1,4,28,Treatment,15,3.92
Denver,1,4,28,Treatment,20,4.27
Denver,1,4,28,Treatment,25,4.1
Denver,1,4,28,Treatment,30,4.15
Denver,1,4,28,Treatment,35,4.11
Denver,1,4,28,Treatment,40,4.75
Denver,1,4,28,Treatment,45,3.63
Denver,1,4,28,Treatment,50,4.09
Denver,1,4,28,Treatment,55,4.19
Denver,1,5,29,Treatment,0,4.41
Denver,1,5,29,Treatment,5,4.39
Denver,1,5,29,Treatment,10,4.17
Denver,1,5,29,Treatment,15,4.12
Denver,1,5,29,Treatment,20,4.16
Denver,1,5,29,Treatment,25,4.16
Denver,1,5,29,Treatment,30,4.17
Denver,1,5,29,Treatment,35,4.14
Denver,1,5,29,Treatment,40,4.25
Denver,1,5,29,Treatment,45,4.37
Denver,1,5,29,Treatment,50,3.88
Denver,1,5,29,Treatment,55,3.92
Denver,1,6,30,Treatment,0,4.4
Denver,1,6,30,Treatment,5,4.25
Denver,1,6,30,Treatment,10,4.31
Denver,1,6,30,Treatment,15,3.83
Denver,1,6,30,Treatment,20,4.63
Denver,1,6,30,Treatment,25,4.03
Denver,1,6,30,Treatment,30,4.23
Denver,1,6,30,Treatment,35,4.4
Denver,1,6,30,Treatment,40,3.94
Denver,1,6,30,Treatment,45,4.05
Denver,1,6,30,Treatment,50,4.23
Denver,1,6,30,Treatment,55,4.9
Denver,1,7,31,Treatment,0,4.59
Denver,1,7,31,Treatment,5,4.49
Denver,1,7,31,Treatment,10,4.28
Denver,1,7,31,Treatment,15,3.94
Denver,1,7,31,Treatment,20,4.45
Denver,1,7,31,Treatment,25,3.81
Denver,1,7,31,Treatment,30,4.59
Denver,1,7,31,Treatment,35,4.24
Denver,1,7,31,Treatment,40,3.52
Denver,1,7,31,Treatment,45,4.1
Denver,1,7,31,Treatment,50,4.35
Denver,1,7,31,Treatment,55,4.13
Denver,1,8,32,Control,0,3.97
Denver,1,8,32,Control,5,4.0
Denver,1,8,32,Control,10,4.44
Denver,1,8,32,Control,15,4.61
Denver,1,8,32,Control,20,4.51
Denver,1,8,32,Control,25,4.91
Denver,1,8,32,Control,30,4.39
Denver,1,8,32,Control,35,4.68
Denver,1,8,32,Control,40,4.62
Denver,1,8,32,Control,45,4.21
Denver,1,8,32,Control,50,4.27
Denver,1,8,32,Control,55,4.6
Denver,1,9,33,Treatment,0,4.74
Denver,1,9,33,Treatment,5,4.03
Denver,1,9,33,Treatment,10,3.55
Denver,1,9,33,Treatment,15,4.37
Denver,1,9,33,Treatment,20,4.16
Denver,1,9,33,Treatment,25,4.47
Denver,1,9,33,Treatment,30,3.97
Denver,1,9,33,Treatment,35,4.27
Denver,1,9,33,Treatment,40,4.4
Denver,1,9,33,Treatment,45,4.07
Denver,1,9,33,Treatment,50,4.08
Denver,1,9,33,Treatment,55,4.19
Denver,1,10,34,Treatment,0,4.18
Denver,1,10,34,Treatment,5,4.43
Denver,1,10,34,Treatment,10,4.07
Denver,1,10,34,Treatment,15,3.85
Denver,1,10,34,Treatment,20,4.68
Denver,1,10,34,Treatment,25,4.03
Denver,1,10,34,Treatment,30,4.04
Denver,1,10,34,Treatment,35,4.17
Denver,1,10,34,Treatment,40,4.2
Denver,1,10,34,Treatment,45,4.09
Denver,1,10,34,Treatment,50,4.18
Denver,1,10,34,Treatment,55,4.18
Denver,1,11,35,Treatment,0,3.6
Denver,1,11,35,Treatment,5,4.66
Denver,1,11,35,Treatment,10,4.15
Denver,1,11,35,Treatment,15,4.33
Denver,1,11,35,Treatment,20,3.84
Denver,1,11,35,Treatment,25,4.07
Denver,1,11,35,Treatment,30,4.02
Denver,1,11,35,Treatment,35,4.55
Denver,1,11,35,Treatment,40,4.04
Denver,1,11,35,Treatment,45,4.38
Denver,1,11,35,Treatment,50,4.02
Denver,1,11,35,Treatment,55,4.07
Denver,1,12,36,Control,0,4.51
Denver,1,12,36,Control,5,3.85
Denver,1,12,36,Control,10,4.13
Denver,1,12,36,Control,15,4.11
Denver,1,12,36,Control,20,4.33
Denver,1,12,36,Control,25,4.4
Denver,1,12,36,Control,30,4.2
Denver,1,12,36,Control,35,4.42
Denver,1,12,36,Control,40,4.1
Denver,1,12,36,Control,45,4.35
Denver,1,12,36,Control,50,4.9
Denver,1,12,36,Control,55,4.7
Denver,1,13,37,Treatment,0,4.35
Denver,1,13,37,Treatment,5,4.08
Denver,1,13,37,Treatment,10,4.04
Denver,1,13,37,Treatment,15,4.18
Denver,1,13,37,Treatment,20,4.4
Denver,1,13,37,Treatment,25,4.41
Denver,1,13,37,Treatment,30,4.34
Denver,1,13,37,Treatment,35,4.0
Denver,1,13,37,Treatment,40,4.19
Denver,1,13,37,Treatment,45,4.11
Denver,1,13,37,Treatment,50,4.14
Denver,1,13,37,Treatment,55,4.7
Denver,1,14,38,Control,0,4.13
Denver,1,14,38,Control,5,4.63
Denver,1,14,38,Control,10,4.1
Denver,1,14,38,Control,15,4.44
Denver,1,14,38,Control,20,4.47
Denver,1,14,38,Control,25,4.54
Denver,1,14,38,Control,30,4.2
Denver,1,14,38,Control,35,4.75
Denver,1,14,38,Control,40,4.77
Denver,1,14,38,Control,45,4.73
Denver,1,14,38,Control,50,4.38
Denver,1,14,38,Control,55,4.62
Denver,1,15,39,Treatment,0,4.52
Denver,1,15,39,Treatment,5,5.0
Denver,1,15,39,Treatment,10,4.35
Denver,1,15,39,Treatment,15,3.89
Denver,1,15,39,Treatment,20,4.23
Denver,1,15,39,Treatment,25,3.85
Denver,1,15,39,Treatment,30,3.89
Denver,1,15,39,Treatment,35,3.93
Denver,1,15,39,Treatment,40,4.07
Denver,1,15,39,Treatment,45,4.42
Denver,1,15,39,Treatment,50,4.33
Denver,1,15,39,Treatment,55,4.32
Denver,1,16,40,Treatment,0,4.05
Denver,1,16,40,Treatment,5,4.25
Denver,1,16,40,Treatment,10,4.03
Denver,1,16,40,Treatment,15,4.12
Denver,1,16,40,Treatment,20,4.3
Denver,1,16,40,Treatment,25,4.1
Denver,1,16,40,Treatment,30,4.24
Denver,1,16,40,Treatment,35,4.58
Denver,1,16,40,Treatment,40,4.14
Denver,1,16,40,Treatment,45,4.48
Denver,1,16,40,Treatment,50,4.33
Denver,1,16,40,Treatment,55,3.82
Denver,1,17,41,Control,0,3.98
Denver,1,17,41,Control,5,4.11
Denver,1,17,41,Control,10,4.44
Denver,1,17,41,Control,15,4.75
Denver,1,17,41,Control,20,4.91
Denver,1,17,41,Control,25,4.68
Denver,1,17,41,Control,30,4.49
Denver,1,17,41,Control,35,4.08
Denver,1,17,41,Control,40,4.62
Denver,1,17,41,Control,45,4.61
Denver,1,17,41,Control,50,4.65
Denver,1,17,41,Control,55,5.13
Denver,1,18,42,Treatment,0,4.8
Denver,1,18,42,Treatment,5,4.22
Denver,1,18,42,Treatment,10,4.2
Denver,1,18,42,Treatment,15,4.16
Denver,1,18,42,Treatment,20,3.99
Denver,1,18,42,Treatment,25,4.31
Denver,1,18,42,Treatment,30,4.28
Denver,1,18,42,Treatment,35,3.91
Denver,1,18,42,Treatment,40,4.49
Denver,1,18,42,Treatment,45,4.21
Denver,1,18,42,Treatment,50,3.75
Denver,1,18,42,Treatment,55,4.17
Denver,1,19,43,Control,0,4.43
Denver,1,19,43,Control,5,4.24
Denver,1,19,43,Control,10,4.67
Denver,1,19,43,Control,15,4.65
Denver,1,19,43,Control,20,4.27
Denver,1,19,43,Control,25,4.25
Denver,1,19,43,Control,30,4.88
Denver,1,19,43,Control,35,4.9
Denver,1,19,43,Control,40,4.68
Denver,1,19,43,Control,45,4.97
Denver,1,19,43,Control,50,4.86
Denver,1,19,43,Control,55,4.77
Denver,1,20,44,Control,0,5.03
Denver,1,20,44,Control,5,4.73
Denver,1,20,44,Control,10,4.5
Denver,1,20,44,Control,15,4.43
Denver,1,20,44,Control,20,4.66
Denver,1,20,44,Control,25,4.18
Denver,1,20,44,Control,30,4.77
Denver,1,20,44,Control,35,4.36
Denver,1,20,44,Control,40,4.69
Denver,1,20,44,Control,45,4.47
Denver,1,20,44,Control,50,4.53
Denver,1,20,44,Control,55,4.41
Denver,1,21,45,Control,0,5.07
Denver,1,21,45,Control,5,4.95
Denver,1,21,45,Control,10,4.69
Denver,1,21,45,Control,15,4.59
Denver,1,21,45,Control,20,4.81
Denver,1,21,45,Control,25,4.88
Denver,1,21,45,Control,30,4.39
Denver,1,21,45,Control,35,4.58
Denver,1,21,45,Control,40,4.14
Denver,1,21,45,Control,45,4.88
Denver,1,21,45,Control,50,5.12
Denver,1,21,45,Control,55,4.62
Denver,1,22,46,Treatment,0,4.75
Denver,1,22,46,Treatment,5,4.24
Denver,1,22,46,Treatment,10,4.16
Denver,1,22,46,Treatment,15,4.34
Denver,1,22,46,Treatment,20,4.25
Denver,1,22,46,Treatment,25,4.06
Denver,1,22,46,Treatment,30,4.02
Denver,1,22,46,Treatment,35,4.22
Denver,1,22,46,Treatment,40,4.08
Denver,1,22,46,Treatment,45,3.91
Denver,1,22,46,Treatment,50,4.1
Denver,1,22,46,Treatment,55,4.27
Denver,1,23,47,Control,0,3.83
Denver,1,23,47,Control,5,4.57
Denver,1,23,47,Control,10,3.78
Denver,1,23,47,Control,15,4.49
Denver,1,23,47,Control,20,4.44
Denver,1,23,47,Control,25,4.64
Denver,1,23,47,Control,30,4.74
Denver,1,23,47,Control,35,4.88
Denver,1,23,47,Control,40,4.42
Denver,1,23,47,Control,45,4.75
Denver,1,23,47,Control,50,4.65
Denver,1,23,47,Control,55,4.17
Denver,2,0,48,Control,0,4.24
Denver,2,0,48,Control,5,4.7
Denver,2,0,48,Control,10,4.7
Denver,2,0,48,Control,15,4.67
Denver,2,0,48,Control,20,4.48
Denver,2,0,48,Control,25,4.81
Denver,2,0,48,Control,30,4.21
Denver,2,0,48,Control,35,4.58
Denver,2,0,48,Control,40,4.46
Denver,2,0,48,Control,45,4.43
Denver,2,0,48,Control,50,4.71
Denver,2,0,48,Control,55,4.87
Denver,2,1,49,Control,0,4.8
Denver,2,1,49,Control,5,4.61
Denver,2,1,49,Control,10,4.38
Denver,2,1,49,Control,15,4.54
Denver,2,1,49,Control,20,4.53
Denver,2,1,49,Control,25,4.43
Denver,2,1,49,Control,30,4.71
Denver,2,1,49,Control,35,4.66
Denver,2,1,49,Control,40,4.2
Denver,2,1,49,Control,45,4.19
Denver,2,1,49,Control,50,4.71
Denver,2,1,49,Control,55,4.4
Denver,2,2,50,Treatment,0,4.8
Denver,2,2,50,Treatment,5,4.14
Denver,2,2,50,Treatment,10,3.97
Denver,2,2,50,Treatment,15,4.6
Denver,2,2,50,Treatment,20,4.27
Denver,2,2,50,Treatment,25,4.08
Denver,2,2,50,Treatment,30,3.95
Denver,2,2,50,Treatment,35,4.06
Denver,2,2,50,Treatment,40,3.89
Denver,2,2,50,Treatment,45,4.41
Denver,2,2,50,Treatment,50,3.99
Denver,2,2,50,Treatment,55,4.46
Denver,2,3,51,Treatment,0,3.93
Denver,2,3,51,Treatment,5,4.08
Denver,2,3,51,Treatment,10,3.53
Denver,2,3,51,Treatment,15,4.16
Denver,2,3,51,Treatment,20,4.14
Denver,2,3,51,Treatment,25,4.39
Denver,2,3,51,Treatment,30,3.71
Denver,2,3,51,Treatment,35,4.48
Denver,2,3,51,Treatment,40,4.39
Denver,2,3,51,Treatment,45,4.5
Denver,2,3,51,Treatment,50,4.17
Denver,2,3,51,Treatment,55,4.44
Denver,2,4,52,Control,0,4.36
Denver,2,4,52,Control,5,4.13
Denver,2,4,52,Control,10,4.05
Denver,2,4,52,Control,15,4.32
Denver,2,4,52,Control,20,4.6
Denver,2,4,52,Control,25,4.39
Denver,2,4,52,Control,30,4.69
Denver,2,4,52,Control,35,4.15
Denver,2,4,52,Control,40,4.07
Denver,2,4,52,Control,45,4.94
Denver,2,4,52,Control,50,4.83
Denver,2,4,52,Control,55,4.34
Denver,2,5,53,Control,0,4.85
Denver,2,5,53,Control,5,4.7
Denver,2,5,53,Control,10,4.64
Denver,2,5,53,Control,15,4.87
Denver,2,5,53,Control,20,4.42
Denver,2,5,53,Control,25,4.61
Denver,2,5,53,Control,30,4.6
Denver,2,5,53,Control,35,4.53
Denver,2,5,53,Control,40,4.5
Denver,2,5,53,Control,45,4.62
Denver,2,5,53,Control,50,4.61
Denver,2,5,53,Control,55,4.34
Denver,2,6,54,Treatment,0,4.36
Denver,2,6,54,Treatment,5,4.41
Denver,2,6,54,Treatment,10,4.25
Denver,2,6,54,Treatment,15,4.28
Denver,2,6,54,Treatment,20,3.66
Denver,2,6,54,Treatment,25,4.41
Denver,2,6,54,Treatment,30,4.02
Denver,2,6,54,Treatment,35,4.49
Denver,2,6,54,Treatment,40,4.07
Denver,2,6,54,Treatment,45,4.17
Denver,2,6,54,Treatment,50,4.66
Denver,2,6,54,Treatment,55,4.12
Denver,2,7,55,Treatment,0,4.2
Denver,2,7,55,Treatment,5,4.29
Denver,2,7,55,Treatment,10,4.2
Denver,2,7,55,Treatment,15,4.4
Denver,2,7,55,Treatment,20,4.01
Denver,2,7,55,Treatment,25,3.94
Denver,2,7,55,Treatment,30,4.03
Denver,2,7,55,Treatment,35,4.21
Denver,2,7,55,Treatment,40,4.13
Denver,2,7,55,Treatment,45,4.36
Denver,2,7,55,Treatment,50,4.51
Denver,2,7,55,Treatment,55,3.94
Denver,2,8,56,Treatment,0,3.83
Denver,2,8,56,Treatment,5,4.69
Denver,2,8,56,Treatment,10,4.26
Denver,2,8,56,Treatment,15,4.31
Denver,2,8,56,Treatment,20,3.85
Denver,2,8,56,Treatment,25,4.19
Denver,2,8,56,Treatment,30,4.31
Denver,2,8,56,Treatment,35,4.12
Denver,2,8,56,Treatment,40,4.45
Denver,2,8,56,Treatment,45,4.76
Denver,2,8,56,Treatment,50,3.95
Denver,2,8,56,Treatment,55,3.93
Denver,2,9,57,Treatment,0,4.59
Denver,2,9,57,Treatment,5,4.45
Denver,2,9,57,Treatment,10,4.15
Denver,2,9,57,Treatment,15,4.2
Denver,2,9,57,Treatment,20,3.98
Denver,2,9,57,Treatment,25,4.41
Denver,2,9,57,Treatment,30,4.09
Denver,2,9,57,Treatment,35,4.12
Denver,2,9,57,Treatment,40,4.34
Denver,2,9,57,Treatment,45,4.14
Denver,2,9,57,Treatment,50,4.13
Denver,2,9,57,Treatment,55,4.19
Denver,2,10,58,Treatment,0,4.6
Denver,2,10,58,Treatment,5,4.33
Denver,2,10,58,Treatment,10,4.39
Denver,2,10,58,Treatment,15,4.14
Denver,2,10,58,Treatment,20,4.01
Denver,2,10,58,Treatment,25,4.35
Denver,2,10,58,Treatment,30,4.23
Denver,2,10,58,Treatment,35,3.83
Denver,2,10,58,Treatment,40,4.1
Denver,2,10,58,Treatment,45,4.17
Denver,2,10,58,Treatment,50,4.06
Denver,2,10,58,Treatment,55,4.56
Denver,2,11,59,Control,0,4.53
Denver,2,11,59,Control,5,4.39
Denver,2,11,59,Control,10,4.48
Denver,2,11,59,Control,15,4.37
Denver,2,11,59,Control,20,4.6
Denver,2,11,59,Control,25,4.6
Denver,2,11,59,Control,30,4.26
Denver,2,11,59,Control,35,4.47
Denver,2,11,59,Control,40,4.52
Denver,2,11,59,Control,45,4.7
Denver,2,11,59,Control,50,4.72
Denver,2,11,59,Control,55,4.45
Denver,2,12,60,Treatment,0,4.55
Denver,2,12,60,Treatment,5,3.74
Denver,2,12,60,Treatment,10,4.2
Denver,2,12,60,Treatment,15,4.46
Denver,2,12,60,Treatment,20,3.77
Denver,2,12,60,Treatment,25,4.21
Denver,2,12,60,Treatment,30,4.58
Denver,2,12,60,Treatment,35,4.0
Denver,2,12,60,Treatment,40,4.19
Denver,2,12,60,Treatment,45,3.86
Denver,2,12,60,Treatment,50,4.59
Denver,2,12,60,Treatment,55,4.17
Denver,2,13,61,Control,0,4.52
Denver,2,13,61,Control,5,4.49
Denver,2,13,61,Control,10,4.24
Denver,2,13,61,Control,15,4.44
Denver,2,13,61,Control,20,4.72
Denver,2,13,61,Control,25,4.44
Denver,2,13,61,Control,30,4.07
Denver,2,13,61,Control,35,4.59
Denver,2,13,61,Control,40,4.23
Denver,2,13,61,Control,45,5.0
Denver,2,13,61,Control,50,4.64
Denver,2,13,61,Control,55,4.37
Denver,2,14,62,Treatment,0,4.13
Denver,2,14,62,Treatment,5,4.19
Denver,2,14,62,Treatment,10,4.58
Denver,2,14,62,Treatment,15,4.74
Denver,2,14,62,Treatment,20,4.37
Denver,2,14,62,Treatment,25,4.16
Denver,2,14,62,Treatment,30,4.08
Denver,2,14,62,Treatment,35,3.95
Denver,2,14,62,Treatment,40,4.7
Denver,2,14,62,Treatment,45,4.14
Denver,2,14,62,Treatment,50,4.71
Denver,2,14,62,Treatment,55,4.53
Denver,2,15,63,Control,0,4.02
Denver,2,15,63,Control,5,4.16
Denver,2,15,63,Control,10,4.44
Denver,2,15,63,Control,15,4.58
Denver,2,15,63,Control,20,5.35
Denver,2,15,63,Control,25,4.33
Denver,2,15,63,Control,30,4.66
Denver,2,15,63,Control,35,4.75
Denver,2,15,63,Control,40,4.6
Denver,2,15,63,Control,45,4.63
Denver,2,15,63,Control,50,4.34
Denver,2,15,63,Control,55,4.63
Denver,2,16,64,Treatment,0,4.68
Denver,2,16,64,Treatment,5,4.6
Denver,2,16,64,Treatment,10,4.68
Denver,2,16,64,Treatment,15,4.42
Denver,2,16,64,Treatment,20,4.2
Denver,2,16,64,Treatment,25,3.89
Denver,2,16,64,Treatment,30,4.04
Denver,2,16,64,Treatment,35,4.13
Denver,2,16,64,Treatment,40,4.25
Denver,2,16,64,Treatment,45,4.07
Denver,2,16,64,Treatment,50,3.95
Denver,2,16,64,Treatment,55,3.89
Denver,2,17,65,Treatment,0,4.13
Denver,2,17,65,Treatment,5,3.82
Denver,2,17,65,Treatment,10,3.94
Denver,2,17,65,Treatment,15,4.09
Denver,2,17,65,Treatment,20,3.85
Denver,2,17,65,Treatment,25,4.28
Denver,2,17,65,Treatment,30,4.37
Denver,2,17,65,Treatment,35,4.05
Denver,2,17,65,Treatment,40,4.08
Denver,2,17,65,Treatment,45,4.32
Denver,2,17,65,Treatment,50,4.01
Denver,2,17,65,Treatment,55,3.99
Denver,2,18,66,Control,0,4.41
Denver,2,18,66,Control,5,4.47
Denver,2,18,66,Control,10,4.69
Denver,2,18,66,Control,15,4.11
Denver,2,18,66,Control,20,4.94
Denver,2,18,66,Control,25,4.7
Denver,2,18,66,Control,30,4.85
Denver,2,18,66,Control,35,4.7
Denver,2,18,66,Control,40,4.61
Denver,2,18,66,Control,45,4.53
Denver,2,18,66,Control,50,4.69
Denver,2,18,66,Control,55,4.52
Denver,2,19,67,Control,0,4.2
Denver,2,19,67,Control,5,4.46
Denver,2,19,67,Control,10,5.11
Denver,2,19,67,Control,15,4.44
Denver,2,19,67,Control,20,4.54
Denver,2,19,67,Control,25,4.38
Denver,2,19,67,Control,30,4.68
Denver,2,19,67,Control,35,4.42
Denver,2,19,67,Control,40,4.55
Denver,2,19,67,Control,45,4.81
Denver,2,19,67,Control,50,4.43
Denver,2,19,67,Control,55,4.8
Denver,2,20,68,Control,0,4.86
Denver,2,20,68,Control,5,4.64
Denver,2,20,68,Control,10,5.41
Denver,2,20,68,Control,15,4.86
Denver,2,20,68,Control,20,4.68
Denver,2,20,68,Control,25,4.38
Denver,2,20,68,Control,30,4.58
Denver,2,20,68,Control,35,4.96
Denver,2,20,68,Control,40,5.03
Denver,2,20,68,Control,45,4.97
Denver,2,20,68,Control,50,4.8
Denver,2,20,68,Control,55,4.29
Denver,2,21,69,Control,0,4.29
Denver,2,21,69,Control,5,4.23
Denver,2,21,69,Control,10,4.66
Denver,2,21,69,Control,15,4.73
Denver,2,21,69,Control,20,4.83
Denver,2,21,69,Control,25,4.72
Denver,2,21,69,Control,30,4.73
Denver,2,21,69,Control,35,4.35
Denver,2,21,69,Control,40,4.57
Denver,2,21,69,Control,45,4.22
Denver,2,21,69,Control,50,4.1
Denver,2,21,69,Control,55,4.79
Denver,2,22,70,Treatment,0,4.82
Denver,2,22,70,Treatment,5,4.74
Denver,2,22,70,Treatment,10,4.17
Denver,2,22,70,Treatment,15,4.33
Denver,2,22,70,Treatment,20,4.02
Denver,2,22,70,Treatment,25,3.72
Denver,2,22,70,Treatment,30,4.22
Denver,2,22,70,Treatment,35,4.07
Denver,2,22,70,Treatment,40,4.08
Denver,2,22,70,Treatment,45,4.68
Denver,2,22,70,Treatment,50,3.8
Denver,2,22,70,Treatment,55,4.28
Denver,2,23,71,Treatment,0,4.41
Denver,2,23,71,Treatment,5,4.26
Denver,2,23,71,Treatment,10,4.28
Denver,2,23,71,Treatment,15,3.95
Denver,2,23,71,Treatment,20,3.99
Denver,2,23,71,Treatment,25,4.42
Denver,2,23,71,Treatment,30,4.63
Denver,2,23,71,Treatment,35,4.31
Denver,2,23,71,Treatment,40,3.96
Denver,2,23,71,Treatment,45,4.27
Denver,2,23,71,Treatment,50,4.79
Denver,2,23,71,Treatment,55,4.21
Denver,3,0,72,Treatment,0,4.0
Denver,3,0,72,Treatment,5,4.18
Denver,3,0,72,Treatment,10,4.34
Denver,3,0,72,Treatment,15,4.29
Denver,3,0,72,Treatment,20,3.99
Denver,3,0,72,Treatment,25,3.98
Denver,3,0,72,Treatment,30,4.43
Denver,3,0,72,Treatment,35,4.48
Denver,3,0,72,Treatment,40,4.56
Denver,3,0,72,Treatment,45,4.64
Denver,3,0,72,Treatment,50,4.22
Denver,3,0,72,Treatment,55,4.11
Denver,3,1,73,Control,0,4.36
Denver,3,1,73,Control,5,4.08
Denver,3,1,73,Control,10,4.2
Denver,3,1,73,Control,15,4.72
Denver,3,1,73,Control,20,4.56
Denver,3,1,73,Control,25,4.59
Denver,3,1,73,Control,30,4.87
Denver,3,1,73,Control,35,4.79
Denver,3,1,73,Control,40,4.93
Denver,3,1,73,Control,45,4.12
Denver,3,1,73,Control,50,4.66
Denver,3,1,73,Control,55,4.77
Denver,3,2,74,Treatment,0,4.44
Denver,3,2,74,Treatment,5,4.25
Denver,3,2,74,Treatment,10,4.33
Denver,3,2,74,Treatment,15,4.59
Denver,3,2,74,Treatment,20,4.69
Denver,3,2,74,Treatment,25,3.98
Denver,3,2,74,Treatment,30,4.32
Denver,3,2,74,Treatment,35,4.33
Denver,3,2,74,Treatment,40,4.28
Denver,3,2,74,Treatment,45,4.29
Denver,3,2,74,Treatment,50,4.26
Denver,3,2,74,Treatment,55,4.61
Denver,3,3,75,Control,0,3.92
Denver,3,3,75,Control,5,4.52
Denver,3,3,75,Control,10,4.69
Denver,3,3,75,Control,15,4.68
Denver,3,3,75,Control,20,4.88
Denver,3,3,75,Control,25,4.65
Denver,3,3,75,Control,30,4.65
Denver,3,3,75,Control,35,4.63
Denver,3,3,75,Control,40,4.1
Denver,3,3,75,Control,45,4.58
Denver,3,3,75,Control,50,4.43
Denver,3,3,75,Control,55,4.3
Denver,3,4,76,Treatment,0,4.73
Denver,3,4,76,Treatment,5,4.45
Denver,3,4,76,Treatment,10,4.18
Denver,3,4,76,Treatment,15,4.26
Denver,3,4,76,Treatment,20,4.43
Denver,3,4,76,Treatment,25,3.98
Denver,3,4,76,Treatment,30,4.18
Denver,3,4,76,Treatment,35,4.4
Denver,3,4,76,Treatment,40,3.7
Denver,3,4,76,Treatment,45,4.17
Denver,3,4,76,Treatment,50,4.08
Denver,3,4,76,Treatment,55,4.15
Denver,3,5,77,Treatment,0,4.22
Denver,3,5,77,Treatment,5,4.67
Denver,3,5,77,Treatment,10,4.11
Denver,3,5,77,Treatment,15,4.26
Denver,3,5,77,Treatment,20,4.68
Denver,3,5,77,Treatment,25,4.05
Denver,3,5,77,Treatment,30,4.64
Denver,3,5,77,Treatment,35,4.19
Denver,3,5,77,Treatment,40,4.63
Denver,3,5,77,Treatment,45,4.37
Denver,3,5,77,Treatment,50,4.26
Denver,3,5,77,Treatment,55,4.17
Denver,3,6,78,Treatment,0,4.2
Denver,3,6,78,Treatment,5,4.41
Denver,3,6,78,Treatment,10,4.18
Denver,3,6,78,Treatment,15,4.11
Denver,3,6,78,Treatment,20,4.12
Denver,3,6,78,Treatment,25,4.43
Denver,3,6,78,Treatment,30,4.49
Denver,3,6,78,Treatment,35,4.02
Denver,3,6,78,Treatment,40,4.02
Denver,3,6,78,Treatment,45,4.28
Denver,3,6,78,Treatment,50,4.57
Denver,3,6,78,Treatment,55,4.47
Denver,3,7,79,Control,0,4.12
Denver,3,7,79,Control,5,4.09
Denver,3,7,79,Control,10,4.4
Denver,3,7,79,Control,15,5.0
Denver,3,7,79,Control,20,4.24
Denver,3,7,79,Control,25,4.2
Denver,3,7,79,Control,30,4.39
Denver,3,7,79,Control,35,4.67
Denver,3,7,79,Control,40,4.76
Denver,3,7,79,Control,45,4.71
Denver,3,7,79,Control,50,4.89
Denver,3,7,79,Control,55,4.16
Denver,3,8,80,Control,0,4.52
Denver,3,8,80,Control,5,4.78
Denver,3,8,80,Control,10,4.27
Denver,3,8,80,Control,15,4.6
Denver,3,8,80,Control,20,4.66
Denver,3,8,80,Control,25,4.89
Denver,3,8,80,Control,30,4.2
Denver,3,8,80,Control,35,4.61
Denver,3,8,80,Control,40,4.33
Denver,3,8,80,Control,45,4.73
Denver,3,8,80,Control,50,4.79
Denver,3,8,80,Control,55,4.92
Denver,3,9,81,Control,0,4.83
Denver,3,9,81,Control,5,4.94
Denver,3,9,81,Control,10,4.19
Denver,3,9,81,Control,15,4.75
Denver,3,9,81,Control,20,4.84
Denver,3,9,81,Control,25,4.54
Denver,3,9,81,Control,30,4.3
Denver,3,9,81,Control,35,4.84
Denver,3,9,81,Control,40,4.3
Denver,3,9,81,Control,45,4.56
Denver,3,9,81,Control,50,4.59
Denver,3,9,81,Control,55,4.78
Denver,3,10,82,Treatment,0,4.43
Denver,3,10,82,Treatment,5,4.49
Denver,3,10,82,Treatment,10,4.58
Denver,3,10,82,Treatment,15,4.76
Denver,3,10,82,Treatment,20,3.81
Denver,3,10,82,Treatment,25,4.26
Denver,3,10,82,Treatment,30,3.91
Denver,3,10,82,Treatment,35,4.44
Denver,3,10,82,Treatment,40,3.95
Denver,3,10,82,Treatment,45,4.02
Denver,3,10,82,Treatment,50,4.04
Denver,3,10,82,Treatment,55,4.17
Denver,3,11,83,Treatment,0,4.31
Denver,3,11,83,Treatment,5,4.18
Denver,3,11,83,Treatment,10,3.85
Denver,3,11,83,Treatment,15,4.37
Denver,3,11,83,Treatment,20,4.17
Denver,3,11,83,Treatment,25,4.48
Denver,3,11,83,Treatment,30,4.01
Denver,3,11,83,Treatment,35,3.79
Denver,3,11,83,Treatment,40,4.18
Denver,3,11,83,Treatment,45,4.51
Denver,3,11,83,Treatment,50,4.23
Denver,3,11,83,Treatment,55,4.14
Denver,3,12,84,Control,0,4.63
Denver,3,12,84,Control,5,4.07
Denver,3,12,84,Control,10,4.28
Denver,3,12,84,Control,15,4.74
Denver,3,12,84,Control,20,4.14
Denver,3,12,84,Control,25,4.92
Denver,3,12,84,Control,30,4.76
Denver,3,12,84,Control,35,4.82
Denver,3,12,84,Control,40,4.74
Denver,3,12,84,Control,45,4.56
Denver,3,12,84,Control,50,4.33
Denver,3,12,84,Control,55,4.56
Denver,3,13,85,Control,0,4.72
Denver,3,13,85,Control,5,4.8
Denver,3,13,85,Control,10,4.97
Denver,3,13,85,Control,15,4.69
Denver,3,13,85,Control,20,4.83
Denver,3,13,85,Control,25,4.53
Denver,3,13,85,Control,30,4.48
Denver,3,13,85,Control,35,4.72
Denver,3,13,85,Control,40,4.5
Denver,3,13,85,Control,45,4.67
Denver,3,13,85,Control,50,4.33
Denver,3,13,85,Control,55,4.38
Denver,3,14,86,Control,0,4.82
Denver,3,14,86,Control,5,4.35
Denver,3,14,86,Control,10,4.77
Denver,3,14,86,Control,15,4.47
Denver,3,14,86,Control,20,4.6
Denver,3,14,86,Control,25,4.95
Denver,3,14,86,Control,30,4.8
Denver,3,14,86,Control,35,4.8
Denver,3,14,86,Control,40,5.08
Denver,3,14,86,Control,45,4.42
Denver,3,14,86,Control,50,4.35
Denver,3,14,86,Control,55,4.42
Denver,3,15,87,Control,0,4.01
Denver,3,15,87,Control,5,4.55
Denver,3,15,87,Control,10,4.46
Denver,3,15,87,Control,15,4.8
Denver,3,15,87,Control,20,4.69
Denver,3,15,87,Control,25,4.45
Denver,3,15,87,Control,30,4.75
Denver,3,15,87,Control,35,4.78
Denver,3,15,87,Control,40,4.41
Denver,3,15,87,Control,45,4.48
Denver,3,15,87,Control,50,4.04
Denver,3,15,87,Control,55,4.33
Denver,3,16,88,Control,0,4.62
Denver,3,16,88,Control,5,4.36
Denver,3,16,88,Control,10,4.47
Denver,3,16,88,Control,15,4.29
Denver,3,16,88,Control,20,4.64
Denver,3,16,88,Control,25,4.71
Denver,3,16,88,Control,30,4.7
Denver,3,16,88,Control,35,4.6
Denver,3,16,88,Control,40,4.21
Denver,3,16,88,Control,45,4.45
Denver,3,16,88,Control,50,4.5
Denver,3,16,88,Control,55,4.5
Denver,3,17,89,Control,0,4.96
Denver,3,17,89,Control,5,4.8
Denver,3,17,89,Control,10,4.35
Denver,3,17,89,Control,15,4.77
Denver,3,17,89,Control,20,4.76
Denver,3,17,89,Control,25,4.4
Denver,3,17,89,Control,30,4.81
Denver,3,17,89,Control,35,4.56
Denver,3,17,89,Control,40,4.25
Denver,3,17,89,Control,45,4.71
Denver,3,17,89,Control,50,4.65
Denver,3,17,89,Control,55,4.54
Denver,3,18,90,Treatment,0,4.42
Denver,3,18,90,Treatment,5,4.61
Denver,3,18,90,Treatment,10,4.31
Denver,3,18,90,Treatment,15,4.23
Denver,3,18,90,Treatment,20,4.28
Denver,3,18,90,Treatment,25,3.9
Denver,3,18,90,Treatment,30,3.96
Denver,3,18,90,Treatment,35,3.63
Denver,3,18,90,Treatment,40,4.33
Denver,3,18,90,Treatment,45,3.88
Denver,3,18,90,Treatment,50,4.22
Denver,3,18,90,Treatment,55,4.28
Denver,3,19,91,Treatment,0,3.88
Denver,3,19,91,Treatment,5,4.17
Denver,3,19,91,Treatment,10,4.6
Denver,3,19,91,Treatment,15,4.61
Denver,3,19,91,Treatment,20,4.43
Denver,3,19,91,Treatment,25,4.27
Denver,3,19,91,Treatment,30,3.93
Denver,3,19,91,Treatment,35,4.37
Denver,3,19,91,Treatment,40,4.15
Denver,3,19,91,Treatment,45,4.33
Denver,3,19,91,Treatment,50,4.03
Denver,3,19,91,Treatment,55,4.14
Denver,3,20,92,Control,0,4.25
Denver,3,20,92,Control,5,4.45
Denver,3,20,92,Control,10,4.32
Denver,3,20,92,Control,15,4.26
Denver,3,20,92,Control,20,5.01
Denver,3,20,92,Control,25,5.22
Denver,3,20,92,Control,30,4.71
Denver,3,20,92,Control,35,4.27
Denver,3,20,92,Control,40,4.41
Denver,3,20,92,Control,45,4.73
Denver,3,20,92,Control,50,4.94
Denver,3,20,92,Control,55,4.3
Denver,3,21,93,Control,0,4.65
Denver,3,21,93,Control,5,4.82
Denver,3,21,93,Control,10,4.51
Denver,3,21,93,Control,15,4.21
Denver,3,21,93,Control,20,4.76
Denver,3,21,93,Control,25,4.88
Denver,3,21,93,Control,30,4.58
Denver,3,21,93,Control,35,4.7
Denver,3,21,93,Control,40,4.48
Denver,3,21,93,Control,45,4.39
Denver,3,21,93,Control,50,4.86
Denver,3,21,93,Control,55,4.7
Denver,3,22,94,Control,0,4.98
Denver,3,22,94,Control,5,4.34
Denver,3,22,94,Control,10,4.46
Denver,3,22,94,Control,15,4.64
Denver,3,22,94,Control,20,4.46
Denver,3,22,94,Control,25,4.8
Denver,3,22,94,Control,30,4.55
Denver,3,22,94,Control,35,4.35
Denver,3,22,94,Control,40,4.62
Denver,3,22,94,Control,45,4.64
Denver,3,22,94,Control,50,4.83
Denver,3,22,94,Control,55,4.7
Denver,3,23,95,Treatment,0,4.68
Denver,3,23,95,Treatment,5,4.41
Denver,3,23,95,Treatment,10,4.14
Denver,3,23,95,Treatment,15,4.26
Denver,3,23,95,Treatment,20,4.1
Denver,3,23,95,Treatment,25,4.61
Denver,3,23,95,Treatment,30,4.52
Denver,3,23,95,Treatment,35,4.34
Denver,3,23,95,Treatment,40,4.28
Denver,3,23,95,Treatment,45,4.16
Denver,3,23,95,Treatment,50,3.87
Denver,3,23,95,Treatment,55,4.13
Denver,4,0,96,Control,0,4.24
Denver,4,0,96,Control,5,4.44
Denver,4,0,96,Control,10,4.69
Denver,4,0,96,Control,15,4.43
Denver,4,0,96,Control,20,4.43
Denver,4,0,96,Control,25,4.96
Denver,4,0,96,Control,30,4.79
Denver,4,0,96,Control,35,4.5
Denver,4,0,96,Control,40,4.57
Denver,4,0,96,Control,45,4.57
Denver,4,0,96,Control,50,4.61
Denver,4,0,96,Control,55,4.72
Denver,4,1,97,Control,0,4.65
Denver,4,1,97,Control,5,4.77
Denver,4,1,97,Control,10,4.18
Denver,4,1,97,Control,15,4.48
Denver,4,1,97,Control,20,4.91
Denver,4,1,97,Control,25,4.7
Denver,4,1,97,Control,30,3.5
Denver,4,1,97,Control,35,4.77
Denver,4,1,97,Control,40,5.08
Denver,4,1,97,Control,45,4.1
Denver,4,1,97,Control,50,4.98
Denver,4,1,97,Control,55,3.91
Denver,4,2,98,Control,0,4.6
Denver,4,2,98,Control,5,4.01
Denver,4,2,98,Control,10,4.71
Denver,4,2,98,Control,15,4.89
Denver,4,2,98,Control,20,4.69
Denver,4,2,98,Control,25,4.75
Denver,4,2,98,Control,30,4.5
Denver,4,2,98,Control,35,4.13
Denver,4,2,98,Control,40,4.77
Denver,4,2,98,Control,45,5.04
Denver,4,2,98,Control,50,4.88
Denver,4,2,98,Control,55,4.1
Denver,4,3,99,Control,0,4.39
Denver,4,3,99,Control,5,4.2
Denver,4,3,99,Control,10,4.61
Denver,4,3,99,Control,15,4.7
Denver,4,3,99,Control,20,4.24
Denver,4,3,99,Control,25,4.79
Denver,4,3,99,Control,30,4.75
Denver,4,3,99,Control,35,4.46
Denver,4,3,99,Control,40,4.56
Denver,4,3,99,Control,45,4.11
Denver,4,3,99,Control,50,4.52
Denver,4,3,99,Control,55,4.6
Denver,4,4,100,Control,0,4.69
Denver,4,4,100,Control,5,4.66
Denver,4,4,100,Control,10,4.53
Denver,4,4,100,Control,15,4.67
Denver,4,4,100,Control,20,4.85
Denver,4,4,100,Control,25,4.58
Denver,4,4,100,Control,30,4.68
Denver,4,4,100,Control,35,4.55
Denver,4,4,100,Control,40,4.44
Denver,4,4,100,Control,45,4.73
Denver,4,4,100,Control,50,4.46
Denver,4,4,100,Control,55,4.7
Denver,4,5,101,Control,0,4.52
Denver,4,5,101,Control,5,4.52
Denver,4,5,101,Control,10,4.47
Denver,4,5,101,Control,15,4.19
Denver,4,5,101,Control,20,4.7
Denver,4,5,101,Control,25,4.66
Denver,4,5,101,Control,30,4.81
Denver,4,5,101,Control,35,4.47
Denver,4,5,101,Control,40,5.07
Denver,4,5,101,Control,45,4.51
Denver,4,5,101,Control,50,4.38
Denver,4,5,101,Control,55,4.35
Denver,4,6,102,Control,0,4.98
Denver,4,6,102,Control,5,4.94
Denver,4,6,102,Control,10,4.75
Denver,4,6,102,Control,15,4.38
Denver,4,6,102,Control,20,5.05
Denver,4,6,102,Control,25,4.51
Denver,4,6,102,Control,30,4.53
Denver,4,6,102,Control,35,4.96
Denver,4,6,102,Control,40,4.76
Denver,4,6,102,Control,45,5.15
Denver,4,6,102,Control,50,4.66
Denver,4,6,102,Control,55,4.5
Denver,4,7,103,Treatment,0,4.14
Denver,4,7,103,Treatment,5,4.39
Denver,4,7,103,Treatment,10,4.61
Denver,4,7,103,Treatment,15,4.34
Denver,4,7,103,Treatment,20,4.19
Denver,4,7,103,Treatment,25,3.94
Denver,4,7,103,Treatment,30,4.24
Denver,4,7,103,Treatment,35,4.44
Denver,4,7,103,Treatment,40,4.29
Denver,4,7,103,Treatment,45,4.23
Denver,4,7,103,Treatment,50,3.99
Denver,4,7,103,Treatment,55,4.4
Denver,4,8,104,Treatment,0,4.28
Denver,4,8,104,Treatment,5,4.83
Denver,4,8,104,Treatment,10,3.81
Denver,4,8,104,Treatment,15,4.13
Denver,4,8,104,Treatment,20,4.18
Denver,4,8,104,Treatment,25,4.07
Denver,4,8,104,Treatment,30,4.45
Denver,4,8,104,Treatment,35,4.3
Denver,4,8,104,Treatment,40,4.22
Denver,4,8,104,Treatment,45,4.39
Denver,4,8,104,Treatment,50,4.19
Denver,4,8,104,Treatment,55,4.98
Denver,4,9,105,Treatment,0,4.23
Denver,4,9,105,Treatment,5,3.76
Denver,4,9,105,Treatment,10,4.05
Denver,4,9,105,Treatment,15,4.47
Denver,4,9,105,Treatment,20,3.85
Denver,4,9,105,Treatment,25,3.65
Denver,4,9,105,Treatment,30,4.19
Denver,4,9,105,Treatment,35,4.53
Denver,4,9,105,Treatment,40,4.2
Denver,4,9,105,Treatment,45,4.1
Denver,4,9,105,Treatment,50,3.72
Denver,4,9,105,Treatment,55,4.3
Denver,4,10,106,Treatment,0,3.74
Denver,4,10,106,Treatment,5,4.47
Denver,4,10,106,Treatment,10,4.38
Denver,4,10,106,Treatment,15,4.47
Denver,4,10,106,Treatment,20,4.33
Denver,4,10,106,Treatment,25,4.35
Denver,4,10,106,Treatment,30,4.32
Denver,4,10,106,Treatment,35,4.4
Denver,4,10,106,Treatment,40,3.73
Denver,4,10,106,Treatment,45,3.81
Denver,4,10,106,Treatment,50,4.0
Denver,4,10,106,Treatment,55,4.15
Denver,4,11,107,Treatment,0,4.27
Denver,4,11,107,Treatment,5,4.47
Denver,4,11,107,Treatment,10,4.47
Denver,4,11,107,Treatment,15,3.97
Denver,4,11,107,Treatment,20,4.25
Denver,4,11,107,Treatment,25,3.97
Denver,4,11,107,Treatment,30,4.14
Denver,4,11,107,Treatment,35,4.27
Denver,4,11,107,Treatment,40,3.33
Denver,4,11,107,Treatment,45,4.79
Denver,4,11,107,Treatment,50,4.33
Denver,4,11,107,Treatment,55,4.04
Denver,4,12,108,Control,0,4.1
Denver,4,12,108,Control,5,4.36
Denver,4,12,108,Control,10,4.34
Denver,4,12,108,Control,15,5.01
Denver,4,12,108,Control,20,4.57
Denver,4,12,108,Control,25,4.64
Denver,4,12,108,Control,30,4.9
Denver,4,12,108,Control,35,4.75
Denver,4,12,108,Control,40,4.59
Denver,4,12,108,Control,45,4.88
Denver,4,12,108,Control,50,5.23
Denver,4,12,108,Control,55,4.68
Denver,4,13,109,Treatment,0,4.64
Denver,4,13,109,Treatment,5,4.79
Denver,4,13,109,Treatment,10,4.17
Denver,4,13,109,Treatment,15,4.12
Denver,4,13,109,Treatment,20,3.8
Denver,4,13,109,Treatment,25,3.89
Denver,4,13,109,Treatment,30,4.06
Denver,4,13,109,Treatment,35,4.17
Denver,4,13,109,Treatment,40,4.63
Denver,4,13,109,Treatment,45,4.32
Denver,4,13,109,Treatment,50,3.96
Denver,4,13,109,Treatment,55,4.0
Denver,4,14,110,Control,0,4.47
Denver,4,14,110,Control,5,4.33
Denver,4,14,110,Control,10,4.35
Denver,4,14,110,Control,15,4.88
Denver,4,14,110,Control,20,4.35
Denver,4,14,110,Control,25,4.7
Denver,4,14,110,Control,30,5.17
Denver,4,14,110,Control,35,4.65
Denver,4,14,110,Control,40,4.41
Denver,4,14,110,Control,45,4.7
Denver,4,14,110,Control,50,4.48
Denver,4,14,110,Control,55,4.25
Denver,4,15,111,Control,0,4.88
Denver,4,15,111,Control,5,4.52
Denver,4,15,111,Control,10,4.51
Denver,4,15,111,Control,15,4.36
Denver,4,15,111,Control,20,4.56
Denver,4,15,111,Control,25,4.46
Denver,4,15,111,Control,30,4.35
Denver,4,15,111,Control,35,5.07
Denver,4,15,111,Control,40,4.72
Denver,4,15,111,Control,45,4.74
Denver,4,15,111,Control,50,4.82
Denver,4,15,111,Control,55,4.79
Denver,4,16,112,Treatment,0,4.67
Denver,4,16,112,Treatment,5,4.39
Denver,4,16,112,Treatment,10,4.43
Denver,4,16,112,Treatment,15,4.27
Denver,4,16,112,Treatment,20,4.09
Denver,4,16,112,Treatment,25,3.85
Denver,4,16,112,Treatment,30,4.22
Denver,4,16,112,Treatment,35,4.13
Denver,4,16,112,Treatment,40,3.71
Denver,4,16,112,Treatment,45,4.31
Denver,4,16,112,Treatment,50,4.43
Denver,4,16,112,Treatment,55,4.82
Denver,4,17,113,Control,0,4.05
Denver,4,17,113,Control,5,4.05
Denver,4,17,113,Control,10,4.51
Denver,4,17,113,Control,15,4.65
Denver,4,17,113,Control,20,4.4
Denver,4,17,113,Control,25,4.56
Denver,4,17,113,Control,30,4.11
Denver,4,17,113,Control,35,4.83
Denver,4,17,113,Control,40,4.41
Denver,4,17,113,Control,45,4.59
Denver,4,17,113,Control,50,4.24
Denver,4,17,113,Control,55,4.45
Denver,4,18,114,Control,0,4.6
Denver,4,18,114,Control,5,4.72
Denver,4,18,114,Control,10,4.96
Denver,4,18,114,Control,15,4.78
Denver,4,18,114,Control,20,4.84
Denver,4,18,114,Control,25,4.96
Denver,4,18,114,Control,30,4.74
Denver,4,18,114,Control,35,4.59
Denver,4,18,114,Control,40,4.85
Denver,4,18,114,Control,45,4.87
Denver,4,18,114,Control,50,4.76
Denver,4,18,114,Control,55,4.24
Denver,4,19,115,Control,0,4.53
Denver,4,19,115,Control,5,4.79
Denver,4,19,115,Control,10,4.59
Denver,4,19,115,Control,15,4.88
Denver,4,19,115,Control,20,4.93
Denver,4,19,115,Control,25,4.9
Denver,4,19,115,Control,30,4.9
Denver,4,19,115,Control,35,4.34
Denver,4,19,115,Control,40,4.72
Denver,4,19,115,Control,45,4.45
Denver,4,19,115,Control,50,4.19
Denver,4,19,115,Control,55,4.53
Denver,4,20,116,Control,0,4.72
Denver,4,20,116,Control,5,5.1
Denver,4,20,116,Control,10,4.64
Denver,4,20,116,Control,15,5.21
Denver,4,20,116,Control,20,4.64
Denver,4,20,116,Control,25,4.61
Denver,4,20,116,Control,30,4.28
Denver,4,20,116,Control,35,4.88
Denver,4,20,116,Control,40,4.47
Denver,4,20,116,Control,45,4.44
Denver,4,20,116,Control,50,4.92
Denver,4,20,116,Control,55,4.89
Denver,4,21,117,Control,0,4.51
Denver,4,21,117,Control,5,4.59
Denver,4,21,117,Control,10,4.59
Denver,4,21,117,Control,15,4.8
Denver,4,21,117,Control,20,4.99
Denver,4,21,117,Control,25,4.69
Denver,4,21,117,Control,30,5.09
Denver,4,21,117,Control,35,4.82
Denver,4,21,117,Control,40,4.54
Denver,4,21,117,Control,45,4.81
Denver,4,21,117,Control,50,5.03
Denver,4,21,117,Control,55,5.1
Denver,4,22,118,Control,0,4.61
Denver,4,22,118,Control,5,4.55
Denver,4,22,118,Control,10,4.74
Denver,4,22,118,Control,15,5.02
Denver,4,22,118,Control,20,4.71
Denver,4,22,118,Control,25,4.71
Denver,4,22,118,Control,30,4.61
Denver,4,22,118,Control,35,4.52
Denver,4,22,118,Control,40,4.56
Denver,4,22,118,Control,45,4.63
Denver,4,22,118,Control,50,5.03
Denver,4,22,118,Control,55,4.54
Denver,4,23,119,Control,0,4.38
Denver,4,23,119,Control,5,4.78
Denver,4,23,119,Control,10,4.94
Denver,4,23,119,Control,15,5.01
Denver,4,23,119,Control,20,4.65
Denver,4,23,119,Control,25,4.74
Denver,4,23,119,Control,30,4.56
Denver,4,23,119,Control,35,4.73
Denver,4,23,119,Control,40,4.68
Denver,4,23,119,Control,45,4.61
Denver,4,23,119,Control,50,4.63
Denver,4,23,119,Control,55,4.71
Denver,5,0,120,Treatment,0,4.54
Denver,5,0,120,Treatment,5,4.89
Denver,5,0,120,Treatment,10,5.0
Denver,5,0,120,Treatment,15,3.88
Denver,5,0,120,Treatment,20,3.87
Denver,5,0,120,Treatment,25,3.95
Denver,5,0,120,Treatment,30,4.16
Denver,5,0,120,Treatment,35,4.41
Denver,5,0,120,Treatment,40,4.33
Denver,5,0,120,Treatment,45,4.23
Denver,5,0,120,Treatment,50,4.32
Denver,5,0,120,Treatment,55,4.01
Denver,5,1,121,Control,0,4.18
Denver,5,1,121,Control,5,3.93
Denver,5,1,121,Control,10,4.17
Denver,5,1,121,Control,15,4.32
Denver,5,1,121,Control,20,4.79
Denver,5,1,121,Control,25,4.66
Denver,5,1,121,Control,30,4.75
Denver,5,1,121,Control,35,4.14
Denver,5,1,121,Control,40,4.23
Denver,5,1,121,Control,45,4.77
Denver,5,1,121,Control,50,3.91
Denver,5,1,121,Control,55,4.91
Denver,5,2,122,Treatment,0,4.81
Denver,5,2,122,Treatment,5,4.24
Denver,5,2,122,Treatment,10,4.59
Denver,5,2,122,Treatment,15,4.99
Denver,5,2,122,Treatment,20,3.62
Denver,5,2,122,Treatment,25,4.36
Denver,5,2,122,Treatment,30,3.73
Denver,5,2,122,Treatment,35,4.29
Denver,5,2,122,Treatment,40,4.13
Denver,5,2,122,Treatment,45,4.22
Denver,5,2,122,Treatment,50,3.96
Denver,5,2,122,Treatment,55,4.38
Denver,5,3,123,Control,0,4.5
Denver,5,3,123,Control,5,4.22
Denver,5,3,123,Control,10,4.11
Denver,5,3,123,Control,15,5.0
Denver,5,3,123,Control,20,4.58
Denver,5,3,123,Control,25,5.08
Denver,5,3,123,Control,30,4.91
Denver,5,3,123,Control,35,4.4
Denver,5,3,123,Control,40,4.58
Denver,5,3,123,Control,45,4.63
Denver,5,3,123,Control,50,4.98
Denver,5,3,123,Control,55,4.71
Denver,5,4,124,Control,0,4.55
Denver,5,4,124,Control,5,4.59
Denver,5,4,124,Control,10,4.93
Denver,5,4,124,Control,15,4.6
Denver,5,4,124,Control,20,4.5
Denver,5,4,124,Control,25,4.46
Denver,5,4,124,Control,30,4.46
Denver,5,4,124,Control,35,4.25
Denver,5,4,124,Control,40,4.41
Denver,5,4,124,Control,45,4.97
Denver,5,4,124,Control,50,4.55
Denver,5,4,124,Control,55,4.78
Denver,5,5,125,Treatment,0,4.74
Denver,5,5,125,Treatment,5,4.42
Denver,5,5,125,Treatment,10,4.2
Denver,5,5,125,Treatment,15,4.23
Denver,5,5,125,Treatment,20,4.06
Denver,5,5,125,Treatment,25,3.66
Denver,5,5,125,Treatment,30,4.42
Denver,5,5,125,Treatment,35,4.25
Denver,5,5,125,Treatment,40,4.11
Denver,5,5,125,Treatment,45,3.94
Denver,5,5,125,Treatment,50,3.82
Denver,5,5,125,Treatment,55,4.24
Denver,5,6,126,Treatment,0,4.24
Denver,5,6,126,Treatment,5,3.84
Denver,5,6,126,Treatment,10,4.24
Denver,5,6,126,Treatment,15,4.17
Denver,5,6,126,Treatment,20,4.4
Denver,5,6,126,Treatment,25,4.34
Denver,5,6,126,Treatment,30,3.44
Denver,5,6,126,Treatment,35,4.32
Denver,5,6,126,Treatment,40,3.94
Denver,5,6,126,Treatment,45,3.83
Denver,5,6,126,Treatment,50,4.14
Denver,5,6,126,Treatment,55,4.29
Denver,5,7,127,Treatment,0,4.36
Denver,5,7,127,Treatment,5,4.38
Denver,5,7,127,Treatment,10,4.2
Denver,5,7,127,Treatment,15,3.97
Denver,5,7,127,Treatment,20,3.94
Denver,5,7,127,Treatment,25,4.44
Denver,5,7,127,Treatment,30,3.81
Denver,5,7,127,Treatment,35,4.45
Denver,5,7,127,Treatment,40,4.14
Denver,5,7,127,Treatment,45,4.16
Denver,5,7,127,Treatment,50,3.76
Denver,5,7,127,Treatment,55,4.15
Denver,5,8,128,Control,0,3.85
Denver,5,8,128,Control,5,4.45
Denver,5,8,128,Control,10,4.48
Denver,5,8,128,Control,15,4.44
Denver,5,8,128,Control,20,4.81
Denver,5,8,128,Control,25,4.05
Denver,5,8,128,Control,30,4.69
Denver,5,8,128,Control,35,5.0
Denver,5,8,128,Control,40,4.96
Denver,5,8,128,Control,45,4.7
Denver,5,8,128,Control,50,4.52
Denver,5,8,128,Control,55,4.44
Denver,5,9,129,Control,0,4.74
Denver,5,9,129,Control,5,4.4
Denver,5,9,129,Control,10,4.79
Denver,5,9,129,Control,15,5.13
Denver,5,9,129,Control,20,4.58
Denver,5,9,129,Control,25,4.26
Denver,5,9,129,Control,30,4.26
Denver,5,9,129,Control,35,4.79
Denver,5,9,129,Control,40,4.59
Denver,5,9,129,Control,45,4.82
Denver,5,9,129,Control,50,4.47
Denver,5,9,129,Control,55,4.81
Denver,5,10,130,Treatment,0,4.42
Denver,5,10,130,Treatment,5,4.36
Denver,5,10,130,Treatment,10,4.02
Denver,5,10,130,Treatment,15,4.68
Denver,5,10,130,Treatment,20,4.16
Denver,5,10,130,Treatment,25,4.35
Denver,5,10,130,Treatment,30,4.05
Denver,5,10,130,Treatment,35,3.92
Denver,5,10,130,Treatment,40,4.13
Denver,5,10,130,Treatment,45,4.46
Denver,5,10,130,Treatment,50,4.06
Denver,5,10,130,Treatment,55,3.97
Denver,5,11,131,Treatment,0,4.31
Denver,5,11,131,Treatment,5,4.6
Denver,5,11,131,Treatment,10,4.27
Denver,5,11,131,Treatment,15,4.35
Denver,5,11,131,Treatment,20,4.37
Denver,5,11,131,Treatment,25,3.9
Denver,5,11,131,Treatment,30,3.95
Denver,5,11,131,Treatment,35,3.92
Denver,5,11,131,Treatment,40,3.85
Denver,5,11,131,Treatment,45,4.38
Denver,5,11,131,Treatment,50,4.26
Denver,5,11,131,Treatment,55,4.21
Denver,5,12,132,Treatment,0,4.7
Denver,5,12,132,Treatment,5,3.96
Denver,5,12,132,Treatment,10,4.7
Denver,5,12,132,Treatment,15,3.82
Denver,5,12,132,Treatment,20,3.98
Denver,5,12,132,Treatment,25,3.64
Denver,5,12,132,Treatment,30,4.28
Denver,5,12,132,Treatment,35,3.91
Denver,5,12,132,Treatment,40,3.92
Denver,5,12,132,Treatment,45,3.84
Denver,5,12,132,Treatment,50,4.38
Denver,5,12,132,Treatment,55,4.36
Denver,5,13,133,Control,0,4.01
Denver,5,13,133,Control,5,4.38
Denver,5,13,133,Control,10,4.14
Denver,5,13,133,Control,15,4.52
Denver,5,13,133,Control,20,4.47
Denver,5,13,133,Control,25,4.72
Denver,5,13,133,Control,30,4.85
Denver,5,13,133,Control,35,4.85
Denver,5,13,133,Control,40,4.39
Denver,5,13,133,Control,45,4.85
Denver,5,13,133,Control,50,4.59
Denver,5,13,133,Control,55,4.52
Denver,5,14,134,Treatment,0,4.46
Denver,5,14,134,Treatment,5,4.9
Denver,5,14,134,Treatment,10,4.4
Denver,5,14,134,Treatment,15,4.23
Denver,5,14,134,Treatment,20,4.12
Denver,5,14,134,Treatment,25,4.8
Denver,5,14,134,Treatment,30,4.51
Denver,5,14,134,Treatment,35,4.01
Denver,5,14,134,Treatment,40,4.12
Denver,5,14,134,Treatment,45,4.13
Denver,5,14,134,Treatment,50,4.22
Denver,5,14,134,Treatment,55,4.01
Denver,5,15,135,Treatment,0,4.55
Denver,5,15,135,Treatment,5,3.86
Denver,5,15,135,Treatment,10,3.9
Denver,5,15,135,Treatment,15,4.07
Denver,5,15,135,Treatment,20,4.08
Denver,5,15,135,Treatment,25,4.69
Denver,5,15,135,Treatment,30,4.44
Denver,5,15,135,Treatment,35,4.42
Denver,5,15,135,Treatment,40,4.12
Denver,5,15,135,Treatment,45,4.11
Denver,5,15,135,Treatment,50,3.82
Denver,5,15,135,Treatment,55,4.38
Denver,5,16,136,Control,0,4.51
Denver,5,16,136,Control,5,4.27
Denver,5,16,136,Control,10,4.43
Denver,5,16,136,Control,15,4.64
Denver,5,16,136,Control,20,4.82
Denver,5,16,136,Control,25,4.23
Denver,5,16,136,Control,30,4.78
Denver,5,16,136,Control,35,4.59
Denver,5,16,136,Control,40,4.34
Denver,5,16,136,Control,45,4.08
Denver,5,16,136,Control,50,4.57
Denver,5,16,136,Control,55,4.96
Denver,5,17,137,Control,0,4.69
Denver,5,17,137,Control,5,5.09
Denver,5,17,137,Control,10,4.59
Denver,5,17,137,Control,15,4.84
Denver,5,17,137,Control,20,4.49
Denver,5,17,137,Control,25,4.47
Denver,5,17,137,Control,30,4.43
Denver,5,17,137,Control,35,4.08
Denver,5,17,137,Control,40,4.92
Denver,5,17,137,Control,45,4.44
Denver,5,17,137,Control,50,4.4
Denver,5,17,137,Control,55,4.31
Denver,5,18,138,Control,0,5.04
Denver,5,18,138,Control,5,5.12
Denver,5,18,138,Control,10,4.18
Denver,5,18,138,Control,15,4.51
Denver,5,18,138,Control,20,4.34
Denver,5,18,138,Control,25,4.85
Denver,5,18,138,Control,30,4.67
Denver,5,18,138,Control,35,4.44
Denver,5,18,138,Control,40,4.62
Denver,5,18,138,Control,45,4.48
Denver,5,18,138,Control,50,5.0
Denver,5,18,138,Control,55,4.74
Denver,5,19,139,Control,0,3.93
Denver,5,19,139,Control,5,4.58
Denver,5,19,139,Control,10,5.12
Denver,5,19,139,Control,15,4.93
Denver,5,19,139,Control,20,4.14
Denver,5,19,139,Control,25,4.52
Denver,5,19,139,Control,30,4.3
Denver,5,19,139,Control,35,5.03
Denver,5,19,139,Control,40,4.66
Denver,5,19,139,Control,45,4.41
Denver,5,19,139,Control,50,4.61
Denver,5,19,139,Control,55,3.95
Denver,5,20,140,Control,0,4.61
Denver,5,20,140,Control,5,4.81
Denver,5,20,140,Control,10,4.11
Denver,5,20,140,Control,15,4.5
Denver,5,20,140,Control,20,4.85
Denver,5,20,140,Control,25,4.24
Denver,5,20,140,Control,30,4.66
Denver,5,20,140,Control,35,4.62
Denver,5,20,140,Control,40,5.03
Denver,5,20,140,Control,45,4.54
Denver,5,20,140,Control,50,4.56
Denver,5,20,140,Control,55,4.81
Denver,5,21,141,Control,0,4.54
Denver,5,21,141,Control,5,4.49
Denver,5,21,141,Control,10,4.57
Denver,5,21,141,Control,15,4.81
Denver,5,21,141,Control,20,4.74
Denver,5,21,141,Control,25,4.41
Denver,5,21,141,Control,30,4.63
Denver,5,21,141,Control,35,4.97
Denver,5,21,141,Control,40,4.39
Denver,5,21,141,Control,45,4.64
Denver,5,21,141,Control,50,4.55
Denver,5,21,141,Control,55,4.58
Denver,5,22,142,Control,0,4.95
Denver,5,22,142,Control,5,4.41
Denver,5,22,142,Control,10,4.86
Denver,5,22,142,Control,15,4.44
Denver,5,22,142,Control,20,4.44
Denver,5,22,142,Control,25,4.9
Denver,5,22,142,Control,30,4.85
Denver,5,22,142,Control,35,4.65
Denver,5,22,142,Control,40,4.79
Denver,5,22,142,Control,45,4.53
Denver,5,22,142,Control,50,4.6
Denver,5,22,142,Control,55,4.43
Denver,5,23,143,Treatment,0,4.43
Denver,5,23,143,Treatment,5,4.83
Denver,5,23,143,Treatment,10,4.25
Denver,5,23,143,Treatment,15,4.19
Denver,5,23,143,Treatment,20,4.38
Denver,5,23,143,Treatment,25,4.19
Denver,5,23,143,Treatment,30,4.11
Denver,5,23,143,Treatment,35,4.18
Denver,5,23,143,Treatment,40,4.41
Denver,5,23,143,Treatment,45,4.02
Denver,5,23,143,Treatment,50,4.15
Denver,5,23,143,Treatment,55,4.19
Denver,6,0,144,Treatment,0,4.16
Denver,6,0,144,Treatment,5,4.64
Denver,6,0,144,Treatment,10,4.15
Denver,6,0,144,Treatment,15,4.13
Denver,6,0,144,Treatment,20,4.14
Denver,6,0,144,Treatment,25,3.86
Denver,6,0,144,Treatment,30,3.93
Denver,6,0,144,Treatment,35,4.05
Denver,6,0,144,Treatment,40,4.47
Denver,6,0,144,Treatment,45,4.18
Denver,6,0,144,Treatment,50,4.06
Denver,6,0,144,Treatment,55,4.49
Denver,6,1,145,Control,0,4.5
Denver,6,1,145,Control,5,4.11
Denver,6,1,145,Control,10,4.34
Denver,6,1,145,Control,15,5.05
Denver,6,1,145,Control,20,4.66
Denver,6,1,145,Control,25,4.53
Denver,6,1,145,Control,30,4.78
Denver,6,1,145,Control,35,4.85
Denver,6,1,145,Control,40,4.46
Denver,6,1,145,Control,45,4.65
Denver,6,1,145,Control,50,4.83
Denver,6,1,145,Control,55,4.31
Denver,6,2,146,Control,0,4.32
Denver,6,2,146,Control,5,4.35
Denver,6,2,146,Control,10,4.46
Denver,6,2,146,Control,15,4.72
Denver,6,2,146,Control,20,4.52
Denver,6,2,146,Control,25,4.44
Denver,6,2,146,Control,30,4.61
Denver,6,2,146,Control,35,4.31
Denver,6,2,146,Control,40,4.71
Denver,6,2,146,Control,45,4.88
Denver,6,2,146,Control,50,4.58
Denver,6,2,146,Control,55,4.55
Denver,6,3,147,Treatment,0,4.09
Denver,6,3,147,Treatment,5,4.6
Denver,6,3,147,Treatment,10,5.1
Denver,6,3,147,Treatment,15,4.16
Denver,6,3,147,Treatment,20,4.16
Denver,6,3,147,Treatment,25,4.37
Denver,6,3,147,Treatment,30,4.6
Denver,6,3,147,Treatment,35,4.43
Denver,6,3,147,Treatment,40,3.65
Denver,6,3,147,Treatment,45,4.33
Denver,6,3,147,Treatment,50,4.83
Denver,6,3,147,Treatment,55,4.34
Denver,6,4,148,Treatment,0,4.26
Denver,6,4,148,Treatment,5,3.87
Denver,6,4,148,Treatment,10,4.49
Denver,6,4,148,Treatment,15,3.95
Denver,6,4,148,Treatment,20,4.2
Denver,6,4,148,Treatment,25,3.97
Denver,6,4,148,Treatment,30,4.05
Denver,6,4,148,Treatment,35,4.56
Denver,6,4,148,Treatment,40,4.21
Denver,6,4,148,Treatment,45,4.05
Denver,6,4,148,Treatment,50,3.9
Denver,6,4,148,Treatment,55,3.72
Denver,6,5,149,Control,0,4.21
Denver,6,5,149,Control,5,4.57
Denver,6,5,149,Control,10,4.32
Denver,6,5,149,Control,15,4.99
Denver,6,5,149,Control,20,4.42
Denver,6,5,149,Control,25,4.54
Denver,6,5,149,Control,30,4.33
Denver,6,5,149,Control,35,4.85
Denver,6,5,149,Control,40,5.12
Denver,6,5,149,Control,45,4.16
Denver,6,5,149,Control,50,4.51
Denver,6,5,149,Control,55,4.92
Denver,6,6,150,Control,0,4.74
Denver,6,6,150,Control,5,4.91
Denver,6,6,150,Control,10,4.62
Denver,6,6,150,Control,15,4.74
Denver,6,6,150,Control,20,5.04
Denver,6,6,150,Control,25,5.09
Denver,6,6,150,Control,30,4.58
Denver,6,6,150,Control,35,4.47
Denver,6,6,150,Control,40,4.37
Denver,6,6,150,Control,45,4.84
Denver,6,6,150,Control,50,4.26
Denver,6,6,150,Control,55,4.54
Denver,6,7,151,Treatment,0,4.47
Denver,6,7,151,Treatment,5,4.53
Denver,6,7,151,Treatment,10,4.97
Denver,6,7,151,Treatment,15,4.16
Denver,6,7,151,Treatment,20,4.08
Denver,6,7,151,Treatment,25,4.44
Denver,6,7,151,Treatment,30,4.25
Denver,6,7,151,Treatment,35,4.55
Denver,6,7,151,Treatment,40,4.23
Denver,6,7,151,Treatment,45,4.12
Denver,6,7,151,Treatment,50,3.74
Denver,6,7,151,Treatment,55,3.78
Denver,6,8,152,Control,0,4.28
Denver,6,8,152,Control,5,3.98
Denver,6,8,152,Control,10,4.78
Denver,6,8,152,Control,15,4.61
Denver,6,8,152,Control,20,4.54
Denver,6,8,152,Control,25,4.39
Denver,6,8,152,Control,30,4.76
Denver,6,8,152,Control,35,4.4
Denver,6,8,152,Control,40,4.35
Denver,6,8,152,Control,45,4.9
Denver,6,8,152,Control,50,4.69
Denver,6,8,152,Control,55,4.54
Denver,6,9,153,Treatment,0,4.6
Denver,6,9,153,Treatment,5,4.56
Denver,6,9,153,Treatment,10,4.12
Denver,6,9,153,Treatment,15,4.7
Denver,6,9,153,Treatment,20,4.04
Denver,6,9,153,Treatment,25,4.58
Denver,6,9,153,Treatment,30,4.14
Denver,6,9,153,Treatment,35,4.39
Denver,6,9,153,Treatment,40,4.37
Denver,6,9,153,Treatment,45,4.47
Denver,6,9,153,Treatment,50,3.98
Denver,6,9,153,Treatment,55,4.45
Denver,6,10,154,Control,0,4.27
Denver,6,10,154,Control,5,4.26
Denver,6,10,154,Control,10,4.47
Denver,6,10,154,Control,15,4.47
Denver,6,10,154,Control,20,4.51
Denver,6,10,154,Control,25,5.03
Denver,6,10,154,Control,30,4.35
Denver,6,10,154,Control,35,4.36
Denver,6,10,154,Control,40,5.0
Denver,6,10,154,Control,45,4.76
Denver,6,10,154,Control,50,5.13
Denver,6,10,154,Control,55,4.49
Denver,6,11,155,Control,0,4.43
Denver,6,11,155,Control,5,4.64
Denver,6,11,155,Control,10,4.16
Denver,6,11,155,Control,15,4.77
Denver,6,11,155,Control,20,4.68
Denver,6,11,155,Control,25,4.59
Denver,6,11,155,Control,30,4.5
Denver,6,11,155,Control,35,4.38
Denver,6,11,155,Control,40,4.78
Denver,6,11,155,Control,45,4.31
Denver,6,11,155,Control,50,4.73
Denver,6,11,155,Control,55,5.12
Denver,6,12,156,Treatment,0,4.22
Denver,6,12,156,Treatment,5,4.33
Denver,6,12,156,Treatment,10,4.43
Denver,6,12,156,Treatment,15,4.17
Denver,6,12,156,Treatment,20,3.84
Denver,6,12,156,Treatment,25,4.28
Denver,6,12,156,Treatment,30,4.18
Denver,6,12,156,Treatment,35,4.66
Denver,6,12,156,Treatment,40,4.12
Denver,6,12,156,Treatment,45,4.48
Denver,6,12,156,Treatment,50,3.87
Denver,6,12,156,Treatment,55,3.93
Denver,6,13,157,Treatment,0,4.46
Denver,6,13,157,Treatment,5,3.95
Denver,6,13,157,Treatment,10,4.19
Denver,6,13,157,Treatment,15,3.84
Denver,6,13,157,Treatment,20,4.14
Denver,6,13,157,Treatment,25,4.4
Denver,6,13,157,Treatment,30,4.08
Denver,6,13,157,Treatment,35,4.12
Denver,6,13,157,Treatment,40,3.9
Denver,6,13,157,Treatment,45,4.02
Denver,6,13,157,Treatment,50,4.63
Denver,6,13,157,Treatment,55,4.2
Denver,6,14,158,Control,0,4.11
Denver,6,14,158,Control,5,3.92
Denver,6,14,158,Control,10,4.21
Denver,6,14,158,Control,15,4.94
Denver,6,14,158,Control,20,4.56
Denver,6,14,158,Control,25,5.07
Denver,6,14,158,Control,30,4.58
Denver,6,14,158,Control,35,4.59
Denver,6,14,158,Control,40,4.76
Denver,6,14,158,Control,45,3.93
Denver,6,14,158,Control,50,4.65
Denver,6,14,158,Control,55,4.59
Denver,6,15,159,Control,0,4.84
Denver,6,15,159,Control,5,4.32
Denver,6,15,159,Control,10,4.91
Denver,6,15,159,Control,15,4.53
Denver,6,15,159,Control,20,4.37
Denver,6,15,159,Control,25,4.65
Denver,6,15,159,Control,30,4.55
Denver,6,15,159,Control,35,4.98
Denver,6,15,159,Control,40,4.69
Denver,6,15,159,Control,45,4.65
Denver,6,15,159,Control,50,4.83
Denver,6,15,159,Control,55,4.87
Denver,6,16,160,Control,0,4.95
Denver,6,16,160,Control,5,4.75
Denver,6,16,160,Control,10,4.64
Denver,6,16,160,Control,15,4.91
Denver,6,16,160,Control,20,4.58
Denver,6,16,160,Control,25,4.61
Denver,6,16,160,Control,30,5.03
Denver,6,16,160,Control,35,5.01
Denver,6,16,160,Control,40,4.6
Denver,6,16,160,Control,45,4.49
Denver,6,16,160,Control,50,4.97
Denver,6,16,160,Control,55,4.8
Denver,6,17,161,Treatment,0,4.52
Denver,6,17,161,Treatment,5,4.54
Denver,6,17,161,Treatment,10,4.32
Denver,6,17,161,Treatment,15,4.02
Denver,6,17,161,Treatment,20,4.22
Denver,6,17,161,Treatment,25,4.25
Denver,6,17,161,Treatment,30,4.09
Denver,6,17,161,Treatment,35,4.41
Denver,6,17,161,Treatment,40,4.51
Denver,6,17,161,Treatment,45,4.43
Denver,6,17,161,Treatment,50,4.12
Denver,6,17,161,Treatment,55,4.37
Denver,6,18,162,Control,0,3.88
Denver,6,18,162,Control,5,4.49
Denver,6,18,162,Control,10,4.5
Denver,6,18,162,Control,15,5.25
Denver,6,18,162,Control,20,4.96
Denver,6,18,162,Control,25,4.78
Denver,6,18,162,Control,30,4.66
Denver,6,18,162,Control,35,4.64
Denver,6,18,162,Control,40,4.35
Denver,6,18,162,Control,45,4.17
Denver,6,18,162,Control,50,4.38
Denver,6,18,162,Control,55,4.59
Denver,6,19,163,Treatment,0,4.46
Denver,6,19,163,Treatment,5,4.4
Denver,6,19,163,Treatment,10,4.27
Denver,6,19,163,Treatment,15,4.02
Denver,6,19,163,Treatment,20,4.1
Denver,6,19,163,Treatment,25,4.62
Denver,6,19,163,Treatment,30,4.35
Denver,6,19,163,Treatment,35,4.05
Denver,6,19,163,Treatment,40,4.17
Denver,6,19,163,Treatment,45,4.18
Denver,6,19,163,Treatment,50,3.99
Denver,6,19,163,Treatment,55,3.99
Denver,6,20,164,Control,0,4.08
Denver,6,20,164,Control,5,4.05
Denver,6,20,164,Control,10,4.45
Denver,6,20,164,Control,15,4.63
Denver,6,20,164,Control,20,4.11
Denver,6,20,164,Control,25,4.59
Denver,6,20,164,Control,30,4.82
Denver,6,20,164,Control,35,4.71
Denver,6,20,164,Control,40,5.16
Denver,6,20,164,Control,45,4.91
Denver,6,20,164,Control,50,4.96
Denver,6,20,164,Control,55,5.3
Denver,6,21,165,Treatment,0,4.64
Denver,6,21,165,Treatment,5,4.71
Denver,6,21,165,Treatment,10,4.18
Denver,6,21,165,Treatment,15,4.21
Denver,6,21,165,Treatment,20,4.02
Denver,6,21,165,Treatment,25,4.29
Denver,6,21,165,Treatment,30,4.02
Denver,6,21,165,Treatment,35,4.01
Denver,6,21,165,Treatment,40,4.29
Denver,6,21,165,Treatment,45,4.15
Denver,6,21,165,Treatment,50,3.7
Denver,6,21,165,Treatment,55,3.82
Denver,6,22,166,Treatment,0,3.97
Denver,6,22,166,Treatment,5,4.29
Denver,6,22,166,Treatment,10,4.24
Denver,6,22,166,Treatment,15,4.45
Denver,6,22,166,Treatment,20,4.37
Denver,6,22,166,Treatment,25,4.45
Denver,6,22,166,Treatment,30,4.34
Denver,6,22,166,Treatment,35,4.24
Denver,6,22,166,Treatment,40,4.46
Denver,6,22,166,Treatment,45,4.42
Denver,6,22,166,Treatment,50,4.28
Denver,6,22,166,Treatment,55,4.5
Denver,6,23,167,Treatment,0,4.11
Denver,6,23,167,Treatment,5,4.11
Denver,6,23,167,Treatment,10,4.47
Denver,6,23,167,Treatment,15,4.58
Denver,6,23,167,Treatment,20,3.82
Denver,6,23,167,Treatment,25,4.54
Denver,6,23,167,Treatment,30,3.89
Denver,6,23,167,Treatment,35,3.9
Denver,6,23,167,Treatment,40,4.13
Denver,6,23,167,Treatment,45,4.11
Denver,6,23,167,Treatment,50,3.8
Denver,6,23,167,Treatment,55,4.35
Denver,7,0,168,Treatment,0,4.45
Denver,7,0,168,Treatment,5,4.08
Denver,7,0,168,Treatment,10,4.18
Denver,7,0,168,Treatment,15,4.18
Denver,7,0,168,Treatment,20,4.61
Denver,7,0,168,Treatment,25,3.48
Denver,7,0,168,Treatment,30,3.95
Denver,7,0,168,Treatment,35,4.19
Denver,7,0,168,Treatment,40,3.91
Denver,7,0,168,Treatment,45,4.12
Denver,7,0,168,Treatment,50,4.15
Denver,7,0,168,Treatment,55,4.02
Denver,7,1,169,Treatment,0,4.34
Denver,7,1,169,Treatment,5,4.13
Denver,7,1,169,Treatment,10,4.07
Denver,7,1,169,Treatment,15,4.14
Denver,7,1,169,Treatment,20,4.18
Denver,7,1,169,Treatment,25,3.75
Denver,7,1,169,Treatment,30,4.3
Denver,7,1,169,Treatment,35,4.07
Denver,7,1,169,Treatment,40,4.5
Denver,7,1,169,Treatment,45,4.33
Denver,7,1,169,Treatment,50,4.48
Denver,7,1,169,Treatment,55,3.93
Denver,7,2,170,Treatment,0,3.88
Denver,7,2,170,Treatment,5,4.01
Denver,7,2,170,Treatment,10,4.5
Denver,7,2,170,Treatment,15,4.56
Denver,7,2,170,Treatment,20,3.9
Denver,7,2,170,Treatment,25,4.07
Denver,7,2,170,Treatment,30,4.17
Denver,7,2,170,Treatment,35,4.33
Denver,7,2,170,Treatment,40,3.75
Denver,7,2,170,Treatment,45,3.79
Denver,7,2,170,Treatment,50,4.31
Denver,7,2,170,Treatment,55,3.7
Denver,7,3,171,Control,0,4.23
Denver,7,3,171,Control,5,4.43
Denver,7,3,171,Control,10,4.43
Denver,7,3,171,Control,15,4.51
Denver,7,3,171,Control,20,4.81
Denver,7,3,171,Control,25,4.67
Denver,7,3,171,Control,30,4.44
Denver,7,3,171,Control,35,4.61
Denver,7,3,171,Control,40,4.7
Denver,7,3,171,Control,45,5.03
Denver,7,3,171,Control,50,4.8
Denver,7,3,171,Control,55,4.9
Denver,7,4,172,Control,0,4.47
Denver,7,4,172,Control,5,4.54
Denver,7,4,172,Control,10,4.56
Denver,7,4,172,Control,15,4.35
Denver,7,4,172,Control,20,4.92
Denver,7,4,172,Control,25,4.82
Denver,7,4,172,Control,30,4.52
Denver,7,4,172,Control,35,4.76
Denver,7,4,172,Control,40,4.66
Denver,7,4,172,Control,45,4.78
Denver,7,4,172,Control,50,4.26
Denver,7,4,172,Control,55,4.56
Denver,7,5,173,Treatment,0,4.76
Denver,7,5,173,Treatment,5,4.3
Denver,7,5,173,Treatment,10,3.7
Denver,7,5,173,Treatment,15,3.92
Denver,7,5,173,Treatment,20,4.17
Denver,7,5,173,Treatment,25,4.2
Denver,7,5,173,Treatment,30,4.61
Denver,7,5,173,Treatment,35,4.33
Denver,7,5,173,Treatment,40,4.21
Denver,7,5,173,Treatment,45,4.18
Denver,7,5,173,Treatment,50,4.46
Denver,7,5,173,Treatment,55,4.04
Denver,7,6,174,Control,0,3.91
Denver,7,6,174,Control,5,4.68
Denver,7,6,174,Control,10,4.56
Denver,7,6,174,Control,15,4.42
Denver,7,6,174,Control,20,4.57
Denver,7,6,174,Control,25,4.73
Denver,7,6,174,Control,30,4.54
Denver,7,6,174,Control,35,4.47
Denver,7,6,174,Control,40,4.44
Denver,7,6,174,Control,45,4.68
Denver,7,6,174,Control,50,4.51
Denver,7,6,174,Control,55,4.49
Denver,7,7,175,Treatment,0,4.62
Denver,7,7,175,Treatment,5,4.42
Denver,7,7,175,Treatment,10,4.24
Denver,7,7,175,Treatment,15,4.24
Denver,7,7,175,Treatment,20,4.37
Denver,7,7,175,Treatment,25,4.36
Denver,7,7,175,Treatment,30,4.32
Denver,7,7,175,Treatment,35,4.13
Denver,7,7,175,Treatment,40,4.04
Denver,7,7,175,Treatment,45,3.93
Denver,7,7,175,Treatment,50,4.04
Denver,7,7,175,Treatment,55,4.19
Denver,7,8,176,Treatment,0,4.21
Denver,7,8,176,Treatment,5,3.94
Denver,7,8,176,Treatment,10,3.77
Denver,7,8,176,Treatment,15,4.39
Denver,7,8,176,Treatment,20,4.07
Denver,7,8,176,Treatment,25,3.98
Denver,7,8,176,Treatment,30,3.91
Denver,7,8,176,Treatment,35,4.29
Denver,7,8,176,Treatment,40,4.53
Denver,7,8,176,Treatment,45,4.09
Denver,7,8,176,Treatment,50,4.13
Denver,7,8,176,Treatment,55,4.45
Denver,7,9,177,Control,0,4.68
Denver,7,9,177,Control,5,4.94
Denver,7,9,177,Control,10,3.79
Denver,7,9,177,Control,15,4.58
Denver,7,9,177,Control,20,4.42
Denver,7,9,177,Control,25,4.53
Denver,7,9,177,Control,30,4.5
Denver,7,9,177,Control,35,4.8
Denver,7,9,177,Control,40,4.57
Denver,7,9,177,Control,45,4.37
Denver,7,9,177,Control,50,4.56
Denver,7,9,177,Control,55,4.73
Denver,7,10,178,Control,0,4.19
Denver,7,10,178,Control,5,5.1
Denver,7,10,178,Control,10,4.44
Denver,7,10,178,Control,15,4.57
Denver,7,10,178,Control,20,4.5
Denver,7,10,178,Control,25,4.74
Denver,7,10,178,Control,30,5.04
Denver,7,10,178,Control,35,4.74
Denver,7,10,178,Control,40,4.22
Denver,7,10,178,Control,45,4.25
Denver,7,10,178,Control,50,4.5
Denver,7,10,178,Control,55,4.53
Denver,7,11,179,Treatment,0,4.8
Denver,7,11,179,Treatment,5,4.19
Denver,7,11,179,Treatment,10,4.7
Denver,7,11,179,Treatment,15,4.64
Denver,7,11,179,Treatment,20,4.12
Denver,7,11,179,Treatment,25,4.3
Denver,7,11,179,Treatment,30,3.88
Denver,7,11,179,Treatment,35,4.34
Denver,7,11,179,Treatment,40,4.06
Denver,7,11,179,Treatment,45,3.91
Denver,7,11,179,Treatment,50,4.11
Denver,7,11,179,Treatment,55,4.07
Denver,7,12,180,Control,0,4.42
Denver,7,12,180,Control,5,4.13
Denver,7,12,180,Control,10,4.9
Denver,7,12,180,Control,15,4.27
Denver,7,12,180,Control,20,5.0
Denver,7,12,180,Control,25,4.35
Denver,7,12,180,Control,30,4.6
Denver,7,12,180,Control,35,4.48
Denver,7,12,180,Control,40,4.51
Denver,7,12,180,Control,45,4.8
Denver,7,12,180,Control,50,4.97
Denver,7,12,180,Control,55,4.9
Denver,7,13,181,Control,0,4.65
Denver,7,13,181,Control,5,4.4
Denver,7,13,181,Control,10,4.35
Denver,7,13,181,Control,15,4.31
Denver,7,13,181,Control,20,4.49
Denver,7,13,181,Control,25,4.66
Denver,7,13,181,Control,30,4.12
Denver,7,13,181,Control,35,4.59
Denver,7,13,181,Control,40,4.98
Denver,7,13,181,Control,45,4.88
Denver,7,13,181,Control,50,4.45
Denver,7,13,181,Control,55,4.25
Denver,7,14,182,Treatment,0,4.02
Denver,7,14,182,Treatment,5,4.74
Denver,7,14,182,Treatment,10,4.27
Denver,7,14,182,Treatment,15,4.64
Denver,7,14,182,Treatment,20,3.75
Denver,7,14,182,Treatment,25,4.42
Denver,7,14,182,Treatment,30,4.16
Denver,7,14,182,Treatment,35,4.1
Denver,7,14,182,Treatment,40,3.84
Denver,7,14,182,Treatment,45,4.33
Denver,7,14,182,Treatment,50,4.36
Denver,7,14,182,Treatment,55,4.63
Denver,7,15,183,Control,0,4.04
Denver,7,15,183,Control,5,4.07
Denver,7,15,183,Control,10,4.12
Denver,7,15,183,Control,15,4.97
Denver,7,15,183,Control,20,4.41
Denver,7,15,183,Control,25,4.97
Denver,7,15,183,Control,30,4.73
Denver,7,15,183,Control,35,4.68
Denver,7,15,183,Control,40,4.52
Denver,7,15,183,Control,45,4.77
Denver,7,15,183,Control,50,4.6
Denver,7,15,183,Control,55,4.51
Denver,7,16,184,Treatment,0,4.56
Denver,7,16,184,Treatment,5,4.26
Denver,7,16,184,Treatment,10,4.47
Denver,7,16,184,Treatment,15,4.17
Denver,7,16,184,Treatment,20,4.31
Denver,7,16,184,Treatment,25,4.07
Denver,7,16,184,Treatment,30,3.88
Denver,7,16,184,Treatment,35,4.62
Denver,7,16,184,Treatment,40,4.57
Denver,7,16,184,Treatment,45,4.41
Denver,7,16,184,Treatment,50,4.09
Denver,7,16,184,Treatment,55,4.11
Denver,7,17,185,Control,0,4.1
Denver,7,17,185,Control,5,4.17
Denver,7,17,185,Control,10,4.93
Denver,7,17,185,Control,15,4.59
Denver,7,17,185,Control,20,5.04
Denver,7,17,185,Control,25,4.25
Denver,7,17,185,Control,30,4.73
Denver,7,17,185,Control,35,5.12
Denver,7,17,185,Control,40,4.61
Denver,7,17,185,Control,45,4.53
Denver,7,17,185,Control,50,4.31
Denver,7,17,185,Control,55,4.87
Denver,7,18,186,Control,0,4.58
Denver,7,18,186,Control,5,4.29
Denver,7,18,186,Control,10,4.99
Denver,7,18,186,Control,15,4.89
Denver,7,18,186,Control,20,4.59
Denver,7,18,186,Control,25,4.31
Denver,7,18,186,Control,30,4.98
Denver,7,18,186,Control,35,4.51
Denver,7,18,186,Control,40,4.32
Denver,7,18,186,Control,45,4.16
Denver,7,18,186,Control,50,4.44
Denver,7,18,186,Control,55,4.24
Denver,7,19,187,Treatment,0,4.79
Denver,7,19,187,Treatment,5,4.37
Denver,7,19,187,Treatment,10,4.41
Denver,7,19,187,Treatment,15,4.01
Denver,7,19,187,Treatment,20,4.2
Denver,7,19,187,Treatment,25,4.67
Denver,7,19,187,Treatment,30,4.1
Denver,7,19,187,Treatment,35,4.28
Denver,7,19,187,Treatment,40,3.79
Denver,7,19,187,Treatment,45,4.57
Denver,7,19,187,Treatment,50,4.07
Denver,7,19,187,Treatment,55,4.45
Denver,7,20,188,Treatment,0,4.34
Denver,7,20,188,Treatment,5,4.35
Denver,7,20,188,Treatment,10,4.07
Denver,7,20,188,Treatment,15,4.46
Denver,7,20,188,Treatment,20,4.0
Denver,7,20,188,Treatment,25,4.38
Denver,7,20,188,Treatment,30,4.09
Denver,7,20,188,Treatment,35,4.27
Denver,7,20,188,Treatment,40,4.07
Denver,7,20,188,Treatment,45,4.2
Denver,7,20,188,Treatment,50,3.92
Denver,7,20,188,Treatment,55,4.25
Denver,7,21,189,Treatment,0,4.05
Denver,7,21,189,Treatment,5,4.17
Denver,7,21,189,Treatment,10,4.22
Denver,7,21,189,Treatment,15,4.03
Denver,7,21,189,Treatment,20,4.15
Denver,7,21,189,Treatment,25,3.93
Denver,7,21,189,Treatment,30,4.77
Denver,7,21,189,Treatment,35,4.45
Denver,7,21,189,Treatment,40,4.25
Denver,7,21,189,Treatment,45,4.48
Denver,7,21,189,Treatment,50,3.69
Denver,7,21,189,Treatment,55,3.55
Denver,7,22,190,Control,0,3.84
Denver,7,22,190,Control,5,4.26
Denver,7,22,190,Control,10,4.51
Denver,7,22,190,Control,15,4.83
Denver,7,22,190,Control,20,4.32
Denver,7,22,190,Control,25,4.7
Denver,7,22,190,Control,30,4.6
Denver,7,22,190,Control,35,4.69
Denver,7,22,190,Control,40,4.47
Denver,7,22,190,Control,45,4.95
Denver,7,22,190,Control,50,4.57
Denver,7,22,190,Control,55,5.04
Denver,7,23,191,Treatment,0,4.79
Denver,7,23,191,Treatment,5,4.45
Denver,7,23,191,Treatment,10,4.24
Denver,7,23,191,Treatment,15,4.34
Denver,7,23,191,Treatment,20,4.11
Denver,7,23,191,Treatment,25,3.52
Denver,7,23,191,Treatment,30,3.42
Denver,7,23,191,Treatment,35,4.5
Denver,7,23,191,Treatment,40,4.49
Denver,7,23,191,Treatment,45,4.66
Denver,7,23,191,Treatment,50,4.18
Denver,7,23,191,Treatment,55,3.86
Denver,8,0,192,Control,0,4.19
Denver,8,0,192,Control,5,4.07
Denver,8,0,192,Control,10,4.87
Denver,8,0,192,Control,15,5.16
Denver,8,0,192,Control,20,4.72
Denver,8,0,192,Control,25,4.6
Denver,8,0,192,Control,30,4.28
Denver,8,0,192,Control,35,4.99
Denver,8,0,192,Control,40,4.62
Denver,8,0,192,Control,45,4.53
Denver,8,0,192,Control,50,4.72
Denver,8,0,192,Control,55,4.45
Denver,8,1,193,Treatment,0,4.76
Denver,8,1,193,Treatment,5,4.1
Denver,8,1,193,Treatment,10,4.6
Denver,8,1,193,Treatment,15,4.16
Denver,8,1,193,Treatment,20,4.48
Denver,8,1,193,Treatment,25,4.14
Denver,8,1,193,Treatment,30,4.15
Denver,8,1,193,Treatment,35,3.88
Denver,8,1,193,Treatment,40,4.38
Denver,8,1,193,Treatment,45,3.97
Denver,8,1,193,Treatment,50,4.06
Denver,8,1,193,Treatment,55,4.19
Denver,8,2,194,Treatment,0,3.76
Denver,8,2,194,Treatment,5,4.13
Denver,8,2,194,Treatment,10,4.38
Denver,8,2,194,Treatment,15,4.09
Denver,8,2,194,Treatment,20,4.13
Denver,8,2,194,Treatment,25,4.23
Denver,8,2,194,Treatment,30,4.15
Denver,8,2,194,Treatment,35,3.93
Denver,8,2,194,Treatment,40,4.18
Denver,8,2,194,Treatment,45,4.43
Denver,8,2,194,Treatment,50,3.92
Denver,8,2,194,Treatment,55,4.09
Denver,8,3,195,Treatment,0,4.42
Denver,8,3,195,Treatment,5,4.16
Denver,8,3,195,Treatment,10,3.97
Denver,8,3,195,Treatment,15,4.21
Denver,8,3,195,Treatment,20,3.89
Denver,8,3,195,Treatment,25,3.93
Denver,8,3,195,Treatment,30,3.82
Denver,8,3,195,Treatment,35,3.92
Denver,8,3,195,Treatment,40,4.53
Denver,8,3,195,Treatment,45,4.0
Denver,8,3,195,Treatment,50,4.3
Denver,8,3,195,Treatment,55,3.98
Denver,8,4,196,Control,0,3.93
Denver,8,4,196,Control,5,4.33
Denver,8,4,196,Control,10,4.48
Denver,8,4,196,Control,15,5.18
Denver,8,4,196,Control,20,4.76
Denver,8,4,196,Control,25,4.45
Denver,8,4,196,Control,30,4.77
Denver,8,4,196,Control,35,5.13
Denver,8,4,196,Control,40,4.19
Denver,8,4,196,Control,45,4.39
Denver,8,4,196,Control,50,4.54
Denver,8,4,196,Control,55,4.5
Denver,8,5,197,Treatment,0,4.27
Denver,8,5,197,Treatment,5,4.81
Denver,8,5,197,Treatment,10,3.97
Denver,8,5,197,Treatment,15,4.14
Denver,8,5,197,Treatment,20,4.45
Denver,8,5,197,Treatment,25,4.18
Denver,8,5,197,Treatment,30,3.94
Denver,8,5,197,Treatment,35,3.85
Denver,8,5,197,Treatment,40,4.13
Denver,8,5,197,Treatment,45,4.0
Denver,8,5,197,Treatment,50,4.24
Denver,8,5,197,Treatment,55,3.84
Denver,8,6,198,Treatment,0,4.21
Denver,8,6,198,Treatment,5,4.23
Denver,8,6,198,Treatment,10,4.55
Denver,8,6,198,Treatment,15,4.08
Denver,8,6,198,Treatment,20,4.0
Denver,8,6,198,Treatment,25,4.05
Denver,8,6,198,Treatment,30,4.14
Denver,8,6,198,Treatment,35,4.16
Denver,8,6,198,Treatment,40,3.98
Denver,8,6,198,Treatment,45,3.68
Denver,8,6,198,Treatment,50,4.05
Denver,8,6,198,Treatment,55,4.28
Denver,8,7,199,Treatment,0,4.49
Denver,8,7,199,Treatment,5,4.67
Denver,8,7,199,Treatment,10,4.38
Denver,8,7,199,Treatment,15,4.53
Denver,8,7,199,Treatment,20,4.38
Denver,8,7,199,Treatment,25,4.61
Denver,8,7,199,Treatment,30,4.65
Denver,8,7,199,Treatment,35,4.42
Denver,8,7,199,Treatment,40,4.36
Denver,8,7,199,Treatment,45,4.13
Denver,8,7,199,Treatment,50,4.18
Denver,8,7,199,Treatment,55,4.1
Denver,8,8,200,Treatment,0,4.01
Denver,8,8,200,Treatment,5,4.14
Denver,8,8,200,Treatment,10,3.6
Denver,8,8,200,Treatment,15,4.62
Denver,8,8,200,Treatment,20,4.13
Denver,8,8,200,Treatment,25,4.3
Denver,8,8,200,Treatment,30,4.55
Denver,8,8,200,Treatment,35,4.26
Denver,8,8,200,Treatment,40,4.55
Denver,8,8,200,Treatment,45,3.88
Denver,8,8,200,Treatment,50,4.79
Denver,8,8,200,Treatment,55,4.46
Denver,8,9,201,Control,0,4.54
Denver,8,9,201,Control,5,4.03
Denver,8,9,201,Control,10,4.39
Denver,8,9,201,Control,15,4.96
Denver,8,9,201,Control,20,4.13
Denver,8,9,201,Control,25,4.74
Denver,8,9,201,Control,30,4.73
Denver,8,9,201,Control,35,5.09
Denver,8,9,201,Control,40,4.2
Denver,8,9,201,Control,45,5.0
Denver,8,9,201,Control,50,4.46
Denver,8,9,201,Control,55,4.49
Denver,8,10,202,Control,0,4.33
Denver,8,10,202,Control,5,4.7
Denver,8,10,202,Control,10,4.32
Denver,8,10,202,Control,15,4.79
Denver,8,10,202,Control,20,4.43
Denver,8,10,202,Control,25,4.3
Denver,8,10,202,Control,30,4.47
Denver,8,10,202,Control,35,4.68
Denver,8,10,202,Control,40,4.53
Denver,8,10,202,Control,45,4.61
Denver,8,10,202,Control,50,4.77
Denver,8,10,202,Control,55,4.87
Denver,8,11,203,Control,0,4.34
Denver,8,11,203,Control,5,4.62
Denver,8,11,203,Control,10,4.72
Denver,8,11,203,Control,15,4.23
Denver,8,11,203,Control,20,4.38
Denver,8,11,203,Control,25,4.42
Denver,8,11,203,Control,30,4.55
Denver,8,11,203,Control,35,4.41
Denver,8,11,203,Control,40,4.78
Denver,8,11,203,Control,45,4.2
Denver,8,11,203,Control,50,4.21
Denver,8,11,203,Control,55,4.52
Denver,8,12,204,Treatment,0,4.24
Denver,8,12,204,Treatment,5,4.31
Denver,8,12,204,Treatment,10,4.22
Denver,8,12,204,Treatment,15,4.09
Denver,8,12,204,Treatment,20,4.22
Denver,8,12,204,Treatment,25,4.02
Denver,8,12,204,Treatment,30,4.56
Denver,8,12,204,Treatment,35,4.31
Denver,8,12,204,Treatment,40,3.98
Denver,8,12,204,Treatment,45,4.21
Denver,8,12,204,Treatment,50,4.22
Denver,8,12,204,Treatment,55,4.49
Denver,8,13,205,Control,0,4.38
Denver,8,13,205,Control,5,4.33
Denver,8,13,205,Control,10,4.83
Denver,8,13,205,Control,15,4.92
Denver,8,13,205,Control,20,4.65
Denver,8,13,205,Control,25,4.53
Denver,8,13,205,Control,30,4.73
Denver,8,13,205,Control,35,4.55
Denver,8,13,205,Control,40,5.02
Denver,8,13,205,Control,45,4.62
Denver,8,13,205,Control,50,4.5
Denver,8,13,205,Control,55,4.49
Denver,8,14,206,Control,0,4.74
Denver,8,14,206,Control,5,4.39
Denver,8,14,206,Control,10,4.87
Denver,8,14,206,Control,15,4.28
Denver,8,14,206,Control,20,4.63
Denver,8,14,206,Control,25,4.89
Denver,8,14,206,Control,30,4.06
Denver,8,14,206,Control,35,5.1
Denver,8,14,206,Control,40,4.49
Denver,8,14,206,Control,45,4.64
Denver,8,14,206,Control,50,4.74
Denver,8,14,206,Control,55,4.78
Denver,8,15,207,Treatment,0,4.85
Denver,8,15,207,Treatment,5,4.59
Denver,8,15,207,Treatment,10,4.76
Denver,8,15,207,Treatment,15,4.32
Denver,8,15,207,Treatment,20,4.68
Denver,8,15,207,Treatment,25,4.41
Denver,8,15,207,Treatment,30,3.73
Denver,8,15,207,Treatment,35,4.84
Denver,8,15,207,Treatment,40,4.04
Denver,8,15,207,Treatment,45,4.56
Denver,8,15,207,Treatment,50,4.19
Denver,8,15,207,Treatment,55,4.45
Denver,8,16,208,Control,0,4.34
Denver,8,16,208,Control,5,4.26
Denver,8,16,208,Control,10,4.86
Denver,8,16,208,Control,15,4.71
Denver,8,16,208,Control,20,4.83
Denver,8,16,208,Control,25,4.06
Denver,8,16,208,Control,30,4.58
Denver,8,16,208,Control,35,4.7
Denver,8,16,208,Control,40,4.66
Denver,8,16,208,Control,45,4.84
Denver,8,16,208,Control,50,4.51
Denver,8,16,208,Control,55,4.61
Denver,8,17,209,Control,0,4.03
Denver,8,17,209,Control,5,4.75
Denver,8,17,209,Control,10,4.52
Denver,8,17,209,Control,15,4.37
Denver,8,17,209,Control,20,4.68
Denver,8,17,209,Control,25,4.91
Denver,8,17,209,Control,30,4.86
Denver,8,17,209,Control,35,4.57
Denver,8,17,209,Control,40,4.82
Denver,8,17,209,Control,45,4.82
Denver,8,17,209,Control,50,4.58
Denver,8,17,209,Control,55,4.43
Denver,8,18,210,Treatment,0,4.81
Denver,8,18,210,Treatment,5,4.45
Denver,8,18,210,Treatment,10,4.06
Denver,8,18,210,Treatment,15,3.76
Denver,8,18,210,Treatment,20,4.39
Denver,8,18,210,Treatment,25,4.05
Denver,8,18,210,Treatment,30,4.27
Denver,8,18,210,Treatment,35,4.5
Denver,8,18,210,Treatment,40,3.86
Denver,8,18,210,Treatment,45,4.17
Denver,8,18,210,Treatment,50,4.14
Denver,8,18,210,Treatment,55,4.28
Denver,8,19,211,Control,0,3.85
Denver,8,19,211,Control,5,4.47
Denver,8,19,211,Control,10,4.72
Denver,8,19,211,Control,15,4.55
Denver,8,19,211,Control,20,4.57
Denver,8,19,211,Control,25,4.7
Denver,8,19,211,Control,30,4.69
Denver,8,19,211,Control,35,4.75
Denver,8,19,211,Control,40,4.74
Denver,8,19,211,Control,45,4.35
Denver,8,19,211,Control,50,4.85
Denver,8,19,211,Control,55,4.89
Denver,8,20,212,Treatment,0,4.23
Denver,8,20,212,Treatment,5,4.43
Denver,8,20,212,Treatment,10,4.37
Denver,8,20,212,Treatment,15,3.9
Denver,8,20,212,Treatment,20,4.1
Denver,8,20,212,Treatment,25,3.83
Denver,8,20,212,Treatment,30,4.34
Denver,8,20,212,Treatment,35,4.23
Denver,8,20,212,Treatment,40,3.77
Denver,8,20,212,Treatment,45,4.27
Denver,8,20,212,Treatment,50,4.17
Denver,8,20,212,Treatment,55,4.32
Denver,8,21,213,Control,0,3.99
Denver,8,21,213,Control,5,4.13
Denver,8,21,213,Control,10,4.33
Denver,8,21,213,Control,15,4.6
Denver,8,21,213,Control,20,4.64
Denver,8,21,213,Control,25,4.55
Denver,8,21,213,Control,30,4.49
Denver,8,21,213,Control,35,4.51
Denver,8,21,213,Control,40,5.23
Denver,8,21,213,Control,45,4.41
Denver,8,21,213,Control,50,4.46
Denver,8,21,213,Control,55,5.42
Denver,8,22,214,Control,0,4.26
Denver,8,22,214,Control,5,4.81
Denver,8,22,214,Control,10,4.37
Denver,8,22,214,Control,15,4.83
Denver,8,22,214,Control,20,4.55
Denver,8,22,214,Control,25,4.49
Denver,8,22,214,Control,30,5.0
Denver,8,22,214,Control,35,4.74
Denver,8,22,214,Control,40,4.84
Denver,8,22,214,Control,45,4.71
Denver,8,22,214,Control,50,4.49
Denver,8,22,214,Control,55,4.75
Denver,8,23,215,Treatment,0,4.63
Denver,8,23,215,Treatment,5,4.91
Denver,8,23,215,Treatment,10,4.54
Denver,8,23,215,Treatment,15,4.24
Denver,8,23,215,Treatment,20,4.25
Denver,8,23,215,Treatment,25,4.22
Denver,8,23,215,Treatment,30,3.87
Denver,8,23,215,Treatment,35,4.16
Denver,8,23,215,Treatment,40,4.24
Denver,8,23,215,Treatment,45,4.08
Denver,8,23,215,Treatment,50,4.27
Denver,8,23,215,Treatment,55,4.19
Denver,9,0,216,Treatment,0,4.35
Denver,9,0,216,Treatment,5,4.23
Denver,9,0,216,Treatment,10,3.84
Denver,9,0,216,Treatment,15,4.63
Denver,9,0,216,Treatment,20,4.15
Denver,9,0,216,Treatment,25,4.17
Denver,9,0,216,Treatment,30,4.1
Denver,9,0,216,Treatment,35,4.06
Denver,9,0,216,Treatment,40,4.57
Denver,9,0,216,Treatment,45,4.53
Denver,9,0,216,Treatment,50,4.3
Denver,9,0,216,Treatment,55,4.16
Denver,9,1,217,Control,0,4.2
Denver,9,1,217,Control,5,4.28
Denver,9,1,217,Control,10,4.55
Denver,9,1,217,Control,15,4.49
Denver,9,1,217,Control,20,4.66
Denver,9,1,217,Control,25,4.65
Denver,9,1,217,Control,30,4.75
Denver,9,1,217,Control,35,4.45
Denver,9,1,217,Control,40,4.78
Denver,9,1,217,Control,45,4.37
Denver,9,1,217,Control,50,4.46
Denver,9,1,217,Control,55,4.47
Denver,9,2,218,Control,0,4.85
Denver,9,2,218,Control,5,4.36
Denver,9,2,218,Control,10,4.43
Denver,9,2,218,Control,15,4.91
Denver,9,2,218,Control,20,4.46
Denver,9,2,218,Control,25,4.55
Denver,9,2,218,Control,30,4.35
Denver,9,2,218,Control,35,4.81
Denver,9,2,218,Control,40,4.81
Denver,9,2,218,Control,45,4.78
Denver,9,2,218,Control,50,4.73
Denver,9,2,218,Control,55,4.62
Denver,9,3,219,Control,0,4.4
Denver,9,3,219,Control,5,4.92
Denver,9,3,219,Control,10,4.79
Denver,9,3,219,Control,15,4.43
Denver,9,3,219,Control,20,4.61
Denver,9,3,219,Control,25,4.52
Denver,9,3,219,Control,30,4.32
Denver,9,3,219,Control,35,4.64
Denver,9,3,219,Control,40,4.5
Denver,9,3,219,Control,45,4.36
Denver,9,3,219,Control,50,4.23
Denver,9,3,219,Control,55,4.21
Denver,9,4,220,Control,0,4.58
Denver,9,4,220,Control,5,4.38
Denver,9,4,220,Control,10,4.76
Denver,9,4,220,Control,15,4.58
Denver,9,4,220,Control,20,4.74
Denver,9,4,220,Control,25,4.55
Denver,9,4,220,Control,30,4.4
Denver,9,4,220,Control,35,4.63
Denver,9,4,220,Control,40,4.28
Denver,9,4,220,Control,45,4.73
Denver,9,4,220,Control,50,4.37
Denver,9,4,220,Control,55,4.83
Denver,9,5,221,Control,0,4.87
Denver,9,5,221,Control,5,4.32
Denver,9,5,221,Control,10,4.43
Denver,9,5,221,Control,15,4.7
Denver,9,5,221,Control,20,4.89
Denver,9,5,221,Control,25,5.02
Denver,9,5,221,Control,30,4.61
Denver,9,5,221,Control,35,5.06
Denver,9,5,221,Control,40,4.53
Denver,9,5,221,Control,45,4.87
Denver,9,5,221,Control,50,4.36
Denver,9,5,221,Control,55,4.71
Denver,9,6,222,Treatment,0,4.32
Denver,9,6,222,Treatment,5,4.58
Denver,9,6,222,Treatment,10,4.0
Denver,9,6,222,Treatment,15,4.29
Denver,9,6,222,Treatment,20,4.41
Denver,9,6,222,Treatment,25,4.06
Denver,9,6,222,Treatment,30,3.94
Denver,9,6,222,Treatment,35,4.07
Denver,9,6,222,Treatment,40,3.94
Denver,9,6,222,Treatment,45,4.16
Denver,9,6,222,Treatment,50,4.21
Denver,9,6,222,Treatment,55,4.11
Denver,9,7,223,Treatment,0,4.01
Denver,9,7,223,Treatment,5,4.53
Denver,9,7,223,Treatment,10,3.93
Denver,9,7,223,Treatment,15,4.2
Denver,9,7,223,Treatment,20,4.48
Denver,9,7,223,Treatment,25,4.47
Denver,9,7,223,Treatment,30,4.08
Denver,9,7,223,Treatment,35,4.32
Denver,9,7,223,Treatment,40,4.29
Denver,9,7,223,Treatment,45,4.05
Denver,9,7,223,Treatment,50,4.34
Denver,9,7,223,Treatment,55,4.65
Denver,9,8,224,Treatment,0,4.33
Denver,9,8,224,Treatment,5,4.35
Denver,9,8,224,Treatment,10,3.82
Denver,9,8,224,Treatment,15,4.3
Denver,9,8,224,Treatment,20,3.93
Denver,9,8,224,Treatment,25,4.04
Denver,9,8,224,Treatment,30,4.73
Denver,9,8,224,Treatment,35,4.12
Denver,9,8,224,Treatment,40,4.0
Denver,9,8,224,Treatment,45,4.47
Denver,9,8,224,Treatment,50,3.95
Denver,9,8,224,Treatment,55,4.07
Denver,9,9,225,Control,0,4.2
Denver,9,9,225,Control,5,3.93
Denver,9,9,225,Control,10,4.6
Denver,9,9,225,Control,15,4.5
Denver,9,9,225,Control,20,4.98
Denver,9,9,225,Control,25,4.45
Denver,9,9,225,Control,30,4.86
Denver,9,9,225,Control,35,5.04
Denver,9,9,225,Control,40,4.39
Denver,9,9,225,Control,45,4.55
Denver,9,9,225,Control,50,4.7
Denver,9,9,225,Control,55,4.39
Denver,9,10,226,Treatment,0,4.54
Denver,9,10,226,Treatment,5,4.4
Denver,9,10,226,Treatment,10,4.34
Denver,9,10,226,Treatment,15,4.2
Denver,9,10,226,Treatment,20,4.23
Denver,9,10,226,Treatment,25,4.04
Denver,9,10,226,Treatment,30,4.05
Denver,9,10,226,Treatment,35,4.16
Denver,9,10,226,Treatment,40,4.17
Denver,9,10,226,Treatment,45,4.08
Denver,9,10,226,Treatment,50,4.27
Denver,9,10,226,Treatment,55,3.73
Denver,9,11,227,Control,0,4.22
Denver,9,11,227,Control,5,4.14
Denver,9,11,227,Control,10,4.39
Denver,9,11,227,Control,15,4.39
Denver,9,11,227,Control,20,5.01
Denver,9,11,227,Control,25,4.6
Denver,9,11,227,Control,30,4.64
Denver,9,11,227,Control,35,4.48
Denver,9,11,227,Control,40,4.6
Denver,9,11,227,Control,45,4.3
Denver,9,11,227,Control,50,4.56
Denver,9,11,227,Control,55,4.37
Denver,9,12,228,Control,0,3.96
Denver,9,12,228,Control,5,4.32
Denver,9,12,228,Control,10,4.97
Denver,9,12,228,Control,15,4.81
Denver,9,12,228,Control,20,4.93
Denver,9,12,228,Control,25,4.95
Denver,9,12,228,Control,30,4.77
Denver,9,12,228,Control,35,4.49
Denver,9,12,228,Control,40,4.34
Denver,9,12,228,Control,45,4.89
Denver,9,12,228,Control,50,4.62
Denver,9,12,228,Control,55,5.22
Denver,9,13,229,Control,0,5.09
Denver,9,13,229,Control,5,4.56
Denver,9,13,229,Control,10,4.93
Denver,9,13,229,Control,15,5.02
Denver,9,13,229,Control,20,4.34
Denver,9,13,229,Control,25,4.48
Denver,9,13,229,Control,30,4.34
Denver,9,13,229,Control,35,4.29
Denver,9,13,229,Control,40,4.77
Denver,9,13,229,Control,45,4.55
Denver,9,13,229,Control,50,4.61
Denver,9,13,229,Control,55,4.74
Denver,9,14,230,Treatment,0,4.92
Denver,9,14,230,Treatment,5,4.37
Denver,9,14,230,Treatment,10,4.46
Denver,9,14,230,Treatment,15,4.34
Denver,9,14,230,Treatment,20,4.53
Denver,9,14,230,Treatment,25,4.16
Denver,9,14,230,Treatment,30,3.66
Denver,9,14,230,Treatment,35,4.2
Denver,9,14,230,Treatment,40,4.24
Denver,9,14,230,Treatment,45,3.93
Denver,9,14,230,Treatment,50,4.22
Denver,9,14,230,Treatment,55,4.1
Denver,9,15,231,Control,0,4.35
Denver,9,15,231,Control,5,4.18
Denver,9,15,231,Control,10,4.36
Denver,9,15,231,Control,15,4.48
Denver,9,15,231,Control,20,4.91
Denver,9,15,231,Control,25,4.59
Denver,9,15,231,Control,30,4.62
Denver,9,15,231,Control,35,4.49
Denver,9,15,231,Control,40,4.72
Denver,9,15,231,Control,45,4.94
Denver,9,15,231,Control,50,4.76
Denver,9,15,231,Control,55,4.77
Denver,9,16,232,Treatment,0,4.25
Denver,9,16,232,Treatment,5,4.24
Denver,9,16,232,Treatment,10,4.27
Denver,9,16,232,Treatment,15,4.0
Denver,9,16,232,Treatment,20,3.92
Denver,9,16,232,Treatment,25,3.72
Denver,9,16,232,Treatment,30,3.85
Denver,9,16,232,Treatment,35,4.12
Denver,9,16,232,Treatment,40,4.17
Denver,9,16,232,Treatment,45,3.99
Denver,9,16,232,Treatment,50,4.21
Denver,9,16,232,Treatment,55,4.08
Denver,9,17,233,Control,0,4.15
Denver,9,17,233,Control,5,4.5
Denver,9,17,233,Control,10,4.51
Denver,9,17,233,Control,15,4.25
Denver,9,17,233,Control,20,4.58
Denver,9,17,233,Control,25,4.29
Denver,9,17,233,Control,30,4.57
Denver,9,17,233,Control,35,4.41
Denver,9,17,233,Control,40,4.7
Denver,9,17,233,Control,45,4.26
Denver,9,17,233,Control,50,4.6
Denver,9,17,233,Control,55,4.74
Denver,9,18,234,Control,0,4.41
Denver,9,18,234,Control,5,4.6
Denver,9,18,234,Control,10,4.65
Denver,9,18,234,Control,15,4.99
Denver,9,18,234,Control,20,4.23
Denver,9,18,234,Control,25,4.37
Denver,9,18,234,Control,30,5.3
Denver,9,18,234,Control,35,4.53
Denver,9,18,234,Control,40,4.13
Denver,9,18,234,Control,45,4.45
Denver,9,18,234,Control,50,3.91
Denver,9,18,234,Control,55,4.66
Denver,9,19,235,Treatment,0,4.37
Denver,9,19,235,Treatment,5,4.34
Denver,9,19,235,Treatment,10,4.55
Denver,9,19,235,Treatment,15,3.75
Denver,9,19,235,Treatment,20,3.86
Denver,9,19,235,Treatment,25,4.13
Denver,9,19,235,Treatment,30,4.0
Denver,9,19,235,Treatment,35,4.11
Denver,9,19,235,Treatment,40,3.87
Denver,9,19,235,Treatment,45,4.24
Denver,9,19,235,Treatment,50,4.15
Denver,9,19,235,Treatment,55,4.32
Denver,9,20,236,Control,0,4.24
Denver,9,20,236,Control,5,3.96
Denver,9,20,236,Control,10,4.59
Denver,9,20,236,Control,15,4.52
Denver,9,20,236,Control,20,4.56
Denver,9,20,236,Control,25,4.86
Denver,9,20,236,Control,30,4.42
Denver,9,20,236,Control,35,4.94
Denver,9,20,236,Control,40,4.96
Denver,9,20,236,Control,45,4.79
Denver,9,20,236,Control,50,4.35
Denver,9,20,236,Control,55,4.05
Denver,9,21,237,Treatment,0,4.63
Denver,9,21,237,Treatment,5,4.28
Denver,9,21,237,Treatment,10,4.62
Denver,9,21,237,Treatment,15,3.97
Denver,9,21,237,Treatment,20,4.08
Denver,9,21,237,Treatment,25,4.32
Denver,9,21,237,Treatment,30,3.91
Denver,9,21,237,Treatment,35,4.16
Denver,9,21,237,Treatment,40,4.46
Denver,9,21,237,Treatment,45,4.24
Denver,9,21,237,Treatment,50,4.5
Denver,9,21,237,Treatment,55,4.47
Denver,9,22,238,Treatment,0,3.6
Denver,9,22,238,Treatment,5,3.91
Denver,9,22,238,Treatment,10,4.38
Denver,9,22,238,Treatment,15,3.8
Denver,9,22,238,Treatment,20,4.1
Denver,9,22,238,Treatment,25,4.27
Denver,9,22,238,Treatment,30,4.55
Denver,9,22,238,Treatment,35,4.04
Denver,9,22,238,Treatment,40,4.03
Denver,9,22,238,Treatment,45,4.17
Denver,9,22,238,Treatment,50,4.27
Denver,9,22,238,Treatment,55,4.15
Denver,9,23,239,Treatment,0,3.99
Denver,9,23,239,Treatment,5,4.22
Denver,9,23,239,Treatment,10,4.3
Denver,9,23,239,Treatment,15,4.09
Denver,9,23,239,Treatment,20,4.4
Denver,9,23,239,Treatment,25,4.22
Denver,9,23,239,Treatment,30,4.38
Denver,9,23,239,Treatment,35,4.23
Denver,9,23,239,Treatment,40,4.28
Denver,9,23,239,Treatment,45,4.03
Denver,9,23,239,Treatment,50,4.03
Denver,9,23,239,Treatment,55,4.49
Denver,10,0,240,Control,0,3.93
Denver,10,0,240,Control,5,4.37
Denver,10,0,240,Control,10,3.87
Denver,10,0,240,Control,15,4.46
Denver,10,0,240,Control,20,4.84
Denver,10,0,240,Control,25,4.57
Denver,10,0,240,Control,30,4.63
Denver,10,0,240,Control,35,3.85
Denver,10,0,240,Control,40,4.5
Denver,10,0,240,Control,45,4.68
Denver,10,0,240,Control,50,4.72
Denver,10,0,240,Control,55,4.84
Denver,10,1,241,Control,0,4.56
Denver,10,1,241,Control,5,4.27
Denver,10,1,241,Control,10,4.55
Denver,10,1,241,Control,15,4.28
Denver,10,1,241,Control,20,4.14
Denver,10,1,241,Control,25,4.33
Denver,10,1,241,Control,30,4.98
Denver,10,1,241,Control,35,4.53
Denver,10,1,241,Control,40,4.65
Denver,10,1,241,Control,45,4.47
Denver,10,1,241,Control,50,4.15
Denver,10,1,241,Control,55,4.83
Denver,10,2,242,Treatment,0,4.46
Denver,10,2,242,Treatment,5,4.45
Denver,10,2,242,Treatment,10,4.38
Denver,10,2,242,Treatment,15,4.0
Denver,10,2,242,Treatment,20,3.73
Denver,10,2,242,Treatment,25,3.99
Denver,10,2,242,Treatment,30,4.0
Denver,10,2,242,Treatment,35,3.99
Denver,10,2,242,Treatment,40,4.43
Denver,10,2,242,Treatment,45,3.88
Denver,10,2,242,Treatment,50,4.26
Denver,10,2,242,Treatment,55,4.23
Denver,10,3,243,Control,0,4.15
Denver,10,3,243,Control,5,4.52
Denver,10,3,243,Control,10,4.42
Denver,10,3,243,Control,15,4.71
Denver,10,3,243,Control,20,4.22
Denver,10,3,243,Control,25,3.94
Denver,10,3,243,Control,30,4.69
Denver,10,3,243,Control,35,4.71
Denver,10,3,243,Control,40,4.72
Denver,10,3,243,Control,45,4.47
Denver,10,3,243,Control,50,4.97
Denver,10,3,243,Control,55,4.49
Denver,10,4,244,Treatment,0,4.75
Denver,10,4,244,Treatment,5,4.89
Denver,10,4,244,Treatment,10,4.24
Denver,10,4,244,Treatment,15,4.02
Denver,10,4,244,Treatment,20,3.81
Denver,10,4,244,Treatment,25,4.57
Denver,10,4,244,Treatment,30,4.29
Denver,10,4,244,Treatment,35,4.3
Denver,10,4,244,Treatment,40,4.97
Denver,10,4,244,Treatment,45,4.27
Denver,10,4,244,Treatment,50,3.86
Denver,10,4,244,Treatment,55,4.14
Denver,10,5,245,Control,0,4.09
Denver,10,5,245,Control,5,4.22
Denver,10,5,245,Control,10,4.32
Denver,10,5,245,Control,15,4.25
Denver,10,5,245,Control,20,5.0
Denver,10,5,245,Control,25,4.67
Denver,10,5,245,Control,30,4.54
Denver,10,5,245,Control,35,4.79
Denver,10,5,245,Control,40,4.72
Denver,10,5,245,Control,45,4.67
Denver,10,5,245,Control,50,4.77
Denver,10,5,245,Control,55,4.63
Denver,10,6,246,Treatment,0,4.79
Denver,10,6,246,Treatment,5,4.5
Denver,10,6,246,Treatment,10,4.27
Denver,10,6,246,Treatment,15,4.57
Denver,10,6,246,Treatment,20,4.07
Denver,10,6,246,Treatment,25,4.28
Denver,10,6,246,Treatment,30,4.29
Denver,10,6,246,Treatment,35,4.03
Denver,10,6,246,Treatment,40,3.98
Denver,10,6,246,Treatment,45,4.1
Denver,10,6,246,Treatment,50,4.06
Denver,10,6,246,Treatment,55,3.82
Denver,10,7,247,Treatment,0,4.25
Denver,10,7,247,Treatment,5,4.5
Denver,10,7,247,Treatment,10,4.32
Denver,10,7,247,Treatment,15,3.54
Denver,10,7,247,Treatment,20,4.35
Denver,10,7,247,Treatment,25,4.05
Denver,10,7,247,Treatment,30,4.3
Denver,10,7,247,Treatment,35,4.18
Denver,10,7,247,Treatment,40,4.14
Denver,10,7,247,Treatment,45,4.16
Denver,10,7,247,Treatment,50,4.18
Denver,10,7,247,Treatment,55,4.52
Denver,10,8,248,Treatment,0,4.46
Denver,10,8,248,Treatment,5,4.42
Denver,10,8,248,Treatment,10,4.35
Denver,10,8,248,Treatment,15,3.74
Denver,10,8,248,Treatment,20,4.47
Denver,10,8,248,Treatment,25,4.07
Denver,10,8,248,Treatment,30,4.36
Denver,10,8,248,Treatment,35,3.94
Denver,10,8,248,Treatment,40,3.89
Denver,10,8,248,Treatment,45,4.68
Denver,10,8,248,Treatment,50,3.95
Denver,10,8,248,Treatment,55,4.47
Denver,10,9,249,Control,0,4.08
Denver,10,9,249,Control,5,4.31
Denver,10,9,249,Control,10,4.14
Denver,10,9,249,Control,15,4.6
Denver,10,9,249,Control,20,4.33
Denver,10,9,249,Control,25,4.5
Denver,10,9,249,Control,30,4.83
Denver,10,9,249,Control,35,4.66
Denver,10,9,249,Control,40,4.23
Denver,10,9,249,Control,45,4.81
Denver,10,9,249,Control,50,4.6
Denver,10,9,249,Control,55,4.46
Denver,10,10,250,Treatment,0,4.56
Denver,10,10,250,Treatment,5,4.17
Denver,10,10,250,Treatment,10,4.79
Denver,10,10,250,Treatment,15,4.18
Denver,10,10,250,Treatment,20,4.17
Denver,10,10,250,Treatment,25,4.08
Denver,10,10,250,Treatment,30,4.48
Denver,10,10,250,Treatment,35,4.05
Denver,10,10,250,Treatment,40,3.8
Denver,10,10,250,Treatment,45,4.02
Denver,10,10,250,Treatment,50,4.52
Denver,10,10,250,Treatment,55,4.39
Denver,10,11,251,Control,0,4.53
Denver,10,11,251,Control,5,4.51
Denver,10,11,251,Control,10,4.4
Denver,10,11,251,Control,15,4.56
Denver,10,11,251,Control,20,4.68
Denver,10,11,251,Control,25,4.39
Denver,10,11,251,Control,30,4.6
Denver,10,11,251,Control,35,4.68
Denver,10,11,251,Control,40,4.18
Denver,10,11,251,Control,45,4.55
Denver,10,11,251,Control,50,4.52
Denver,10,11,251,Control,55,4.86
Denver,10,12,252,Treatment,0,4.5
Denver,10,12,252,Treatment,5,4.34
Denver,10,12,252,Treatment,10,4.56
Denver,10,12,252,Treatment,15,4.18
Denver,10,12,252,Treatment,20,4.64
Denver,10,12,252,Treatment,25,4.35
Denver,10,12,252,Treatment,30,4.08
Denver,10,12,252,Treatment,35,4.25
Denver,10,12,252,Treatment,40,4.1
Denver,10,12,252,Treatment,45,4.4
Denver,10,12,252,Treatment,50,3.85
Denver,10,12,252,Treatment,55,3.98
Denver,10,13,253,Treatment,0,4.49
Denver,10,13,253,Treatment,5,3.64
Denver,10,13,253,Treatment,10,4.53
Denver,10,13,253,Treatment,15,4.15
Denver,10,13,253,Treatment,20,3.72
Denver,10,13,253,Treatment,25,3.44
Denver,10,13,253,Treatment,30,3.8
Denver,10,13,253,Treatment,35,4.18
Denver,10,13,253,Treatment,40,4.17
Denver,10,13,253,Treatment,45,4.34
Denver,10,13,253,Treatment,50,4.05
Denver,10,13,253,Treatment,55,3.91
Denver,10,14,254,Treatment,0,4.19
Denver,10,14,254,Treatment,5,4.24
Denver,10,14,254,Treatment,10,3.99
Denver,10,14,254,Treatment,15,4.41
Denver,10,14,254,Treatment,20,4.03
Denver,10,14,254,Treatment,25,3.97
Denver,10,14,254,Treatment,30,4.05
Denver,10,14,254,Treatment,35,4.45
Denver,10,14,254,Treatment,40,4.15
Denver,10,14,254,Treatment,45,4.01
Denver,10,14,254,Treatment,50,4.42
Denver,10,14,254,Treatment,55,4.72
Denver,10,15,255,Control,0,4.49
Denver,10,15,255,Control,5,4.58
Denver,10,15,255,Control,10,4.31
Denver,10,15,255,Control,15,4.61
Denver,10,15,255,Control,20,4.28
Denver,10,15,255,Control,25,4.55
Denver,10,15,255,Control,30,4.44
Denver,10,15,255,Control,35,4.5
Denver,10,15,255,Control,40,4.41
Denver,10,15,255,Control,45,4.53
Denver,10,15,255,Control,50,4.73
Denver,10,15,255,Control,55,4.57
Denver,10,16,256,Treatment,0,4.41
Denver,10,16,256,Treatment,5,4.08
Denver,10,16,256,Treatment,10,4.39
Denver,10,16,256,Treatment,15,4.31
Denver,10,16,256,Treatment,20,4.25
Denver,10,16,256,Treatment,25,3.99
Denver,10,16,256,Treatment,30,4.25
Denver,10,16,256,Treatment,35,4.07
Denver,10,16,256,Treatment,40,3.9
Denver,10,16,256,Treatment,45,4.37
Denver,10,16,256,Treatment,50,4.39
Denver,10,16,256,Treatment,55,4.42
Denver,10,17,257,Treatment,0,4.48
Denver,10,17,257,Treatment,5,4.06
Denver,10,17,257,Treatment,10,4.35
Denver,10,17,257,Treatment,15,4.06
Denver,10,17,257,Treatment,20,4.13
Denver,10,17,257,Treatment,25,3.58
Denver,10,17,257,Treatment,30,4.11
Denver,10,17,257,Treatment,35,4.21
Denver,10,17,257,Treatment,40,4.08
Denver,10,17,257,Treatment,45,4.63
Denver,10,17,257,Treatment,50,3.9
Denver,10,17,257,Treatment,55,4.05
Denver,10,18,258,Treatment,0,4.05
Denver,10,18,258,Treatment,5,4.44
Denver,10,18,258,Treatment,10,4.56
Denver,10,18,258,Treatment,15,4.01
Denver,10,18,258,Treatment,20,4.01
Denver,10,18,258,Treatment,25,3.9
Denver,10,18,258,Treatment,30,4.51
Denver,10,18,258,Treatment,35,4.47
Denver,10,18,258,Treatment,40,4.16
Denver,10,18,258,Treatment,45,3.84
Denver,10,18,258,Treatment,50,3.86
Denver,10,18,258,Treatment,55,4.23
Denver,10,19,259,Treatment,0,3.67
Denver,10,19,259,Treatment,5,4.11
Denver,10,19,259,Treatment,10,4.59
Denver,10,19,259,Treatment,15,4.13
Denver,10,19,259,Treatment,20,4.56
Denver,10,19,259,Treatment,25,4.35
Denver,10,19,259,Treatment,30,3.91
Denver,10,19,259,Treatment,35,4.11
Denver,10,19,259,Treatment,40,4.15
Denver,10,19,259,Treatment,45,3.95
Denver,10,19,259,Treatment,50,3.94
Denver,10,19,259,Treatment,55,4.56
Denver,10,20,260,Treatment,0,4.46
Denver,10,20,260,Treatment,5,4.08
Denver,10,20,260,Treatment,10,4.18
Denver,10,20,260,Treatment,15,4.33
Denver,10,20,260,Treatment,20,4.04
Denver,10,20,260,Treatment,25,4.33
Denver,10,20,260,Treatment,30,3.67
Denver,10,20,260,Treatment,35,4.3
Denver,10,20,260,Treatment,40,3.57
Denver,10,20,260,Treatment,45,4.13
Denver,10,20,260,Treatment,50,4.4
Denver,10,20,260,Treatment,55,4.34
Denver,10,21,261,Treatment,0,3.89
Denver,10,21,261,Treatment,5,4.01
Denver,10,21,261,Treatment,10,4.23
Denver,10,21,261,Treatment,15,3.68
Denver,10,21,261,Treatment,20,4.18
Denver,10,21,261,Treatment,25,4.26
Denver,10,21,261,Treatment,30,4.12
Denver,10,21,261,Treatment,35,4.32
Denver,10,21,261,Treatment,40,4.24
Denver,10,21,261,Treatment,45,4.05
Denver,10,21,261,Treatment,50,3.7
Denver,10,21,261,Treatment,55,4.22
Denver,10,22,262,Treatment,0,4.04
Denver,10,22,262,Treatment,5,4.31
Denver,10,22,262,Treatment,10,4.54
Denver,10,22,262,Treatment,15,4.18
Denver,10,22,262,Treatment,20,4.32
Denver,10,22,262,Treatment,25,3.82
Denver,10,22,262,Treatment,30,4.25
Denver,10,22,262,Treatment,35,4.17
Denver,10,22,262,Treatment,40,4.49
Denver,10,22,262,Treatment,45,4.05
Denver,10,22,262,Treatment,50,4.13
Denver,10,22,262,Treatment,55,4.45
Denver,10,23,263,Control,0,3.91
Denver,10,23,263,Control,5,4.96
Denver,10,23,263,Control,10,4.19
Denver,10,23,263,Control,15,4.58
Denver,10,23,263,Control,20,4.69
Denver,10,23,263,Control,25,4.67
Denver,10,23,263,Control,30,4.55
Denver,10,23,263,Control,35,4.55
Denver,10,23,263,Control,40,4.54
Denver,10,23,263,Control,45,4.32
Denver,10,23,263,Control,50,5.14
Denver,10,23,263,Control,55,4.55
Denver,11,0,264,Treatment,0,4.52
Denver,11,0,264,Treatment,5,4.37
Denver,11,0,264,Treatment,10,4.21
Denver,11,0,264,Treatment,15,3.8
Denver,11,0,264,Treatment,20,4.15
Denver,11,0,264,Treatment,25,4.08
Denver,11,0,264,Treatment,30,4.48
Denver,11,0,264,Treatment,35,3.89
Denver,11,0,264,Treatment,40,4.04
Denver,11,0,264,Treatment,45,3.96
Denver,11,0,264,Treatment,50,4.55
Denver,11,0,264,Treatment,55,3.97
Denver,11,1,265,Treatment,0,4.43
Denver,11,1,265,Treatment,5,4.15
Denver,11,1,265,Treatment,10,3.84
Denver,11,1,265,Treatment,15,3.84
Denver,11,1,265,Treatment,20,4.4
Denver,11,1,265,Treatment,25,3.87
Denver,11,1,265,Treatment,30,4.28
Denver,11,1,265,Treatment,35,4.21
Denver,11,1,265,Treatment,40,4.28
Denver,11,1,265,Treatment,45,4.3
Denver,11,1,265,Treatment,50,3.95
Denver,11,1,265,Treatment,55,3.94
Denver,11,2,266,Control,0,4.03
Denver,11,2,266,Control,5,3.64
Denver,11,2,266,Control,10,4.62
Denver,11,2,266,Control,15,4.34
Denver,11,2,266,Control,20,4.72
Denver,11,2,266,Control,25,4.95
Denver,11,2,266,Control,30,4.6
Denver,11,2,266,Control,35,4.85
Denver,11,2,266,Control,40,4.64
Denver,11,2,266,Control,45,5.0
Denver,11,2,266,Control,50,4.33
Denver,11,2,266,Control,55,4.6
Denver,11,3,267,Treatment,0,4.55
Denver,11,3,267,Treatment,5,4.75
Denver,11,3,267,Treatment,10,4.22
Denver,11,3,267,Treatment,15,4.7
Denver,11,3,267,Treatment,20,4.72
Denver,11,3,267,Treatment,25,4.26
Denver,11,3,267,Treatment,30,4.32
Denver,11,3,267,Treatment,35,4.48
Denver,11,3,267,Treatment,40,3.89
Denver,11,3,267,Treatment,45,3.86
Denver,11,3,267,Treatment,50,4.5
Denver,11,3,267,Treatment,55,4.25
Denver,11,4,268,Treatment,0,4.19
Denver,11,4,268,Treatment,5,3.59
Denver,11,4,268,Treatment,10,4.14
Denver,11,4,268,Treatment,15,4.0
Denver,11,4,268,Treatment,20,4.42
Denver,11,4,268,Treatment,25,4.43
Denver,11,4,268,Treatment,30,4.33
Denver,11,4,268,Treatment,35,4.28
Denver,11,4,268,Treatment,40,3.81
Denver,11,4,268,Treatment,45,4.33
Denver,11,4,268,Treatment,50,4.34
Denver,11,4,268,Treatment,55,4.5
Denver,11,5,269,Control,0,3.76
Denver,11,5,269,Control,5,4.23
Denver,11,5,269,Control,10,4.28
Denver,11,5,269,Control,15,4.64
Denver,11,5,269,Control,20,4.6
Denver,11,5,269,Control,25,4.54
Denver,11,5,269,Control,30,4.86
Denver,11,5,269,Control,35,4.32
Denver,11,5,269,Control,40,4.34
Denver,11,5,269,Control,45,4.34
Denver,11,5,269,Control,50,4.51
Denver,11,5,269,Control,55,4.29
Denver,11,6,270,Control,0,4.56
Denver,11,6,270,Control,5,4.4
Denver,11,6,270,Control,10,4.82
Denver,11,6,270,Control,15,4.59
Denver,11,6,270,Control,20,4.87
Denver,11,6,270,Control,25,4.55
Denver,11,6,270,Control,30,4.59
Denver,11,6,270,Control,35,4.46
Denver,11,6,270,Control,40,4.6
Denver,11,6,270,Control,45,4.78
Denver,11,6,270,Control,50,4.5
Denver,11,6,270,Control,55,4.73
Denver,11,7,271,Treatment,0,4.79
Denver,11,7,271,Treatment,5,4.32
Denver,11,7,271,Treatment,10,4.54
Denver,11,7,271,Treatment,15,4.2
Denver,11,7,271,Treatment,20,4.57
Denver,11,7,271,Treatment,25,3.9
Denver,11,7,271,Treatment,30,3.82
Denver,11,7,271,Treatment,35,4.03
Denver,11,7,271,Treatment,40,3.84
Denver,11,7,271,Treatment,45,3.84
Denver,11,7,271,Treatment,50,4.34
Denver,11,7,271,Treatment,55,4.18
Denver,11,8,272,Control,0,4.09
Denver,11,8,272,Control,5,4.17
Denver,11,8,272,Control,10,4.87
Denver,11,8,272,Control,15,4.42
Denver,11,8,272,Control,20,4.27
Denver,11,8,272,Control,25,4.8
Denver,11,8,272,Control,30,4.55
Denver,11,8,272,Control,35,5.11
Denver,11,8,272,Control,40,4.47
Denver,11,8,272,Control,45,4.81
Denver,11,8,272,Control,50,4.87
Denver,11,8,272,Control,55,4.47
Denver,11,9,273,Treatment,0,4.79
Denver,11,9,273,Treatment,5,4.61
Denver,11,9,273,Treatment,10,3.97
Denver,11,9,273,Treatment,15,3.9
Denver,11,9,273,Treatment,20,3.55
Denver,11,9,273,Treatment,25,4.33
Denver,11,9,273,Treatment,30,4.12
Denver,11,9,273,Treatment,35,4.15
Denver,11,9,273,Treatment,40,3.76
Denver,11,9,273,Treatment,45,3.91
Denver,11,9,273,Treatment,50,4.07
Denver,11,9,273,Treatment,55,4.02
Denver,11,10,274,Treatment,0,4.33
Denver,11,10,274,Treatment,5,4.75
Denver,11,10,274,Treatment,10,4.18
Denver,11,10,274,Treatment,15,4.46
Denver,11,10,274,Treatment,20,3.98
Denver,11,10,274,Treatment,25,3.77
Denver,11,10,274,Treatment,30,4.1
Denver,11,10,274,Treatment,35,3.79
Denver,11,10,274,Treatment,40,4.19
Denver,11,10,274,Treatment,45,3.99
Denver,11,10,274,Treatment,50,3.7
Denver,11,10,274,Treatment,55,4.62
Denver,11,11,275,Control,0,3.78
Denver,11,11,275,Control,5,4.55
Denver,11,11,275,Control,10,4.28
Denver,11,11,275,Control,15,4.87
Denver,11,11,275,Control,20,4.42
Denver,11,11,275,Control,25,4.46
Denver,11,11,275,Control,30,4.69
Denver,11,11,275,Control,35,4.75
Denver,11,11,275,Control,40,4.79
Denver,11,11,275,Control,45,4.58
Denver,11,11,275,Control,50,4.73
Denver,11,11,275,Control,55,4.79
Denver,11,12,276,Treatment,0,4.56
Denver,11,12,276,Treatment,5,4.1
Denver,11,12,276,Treatment,10,4.47
Denver,11,12,276,Treatment,15,4.2
Denver,11,12,276,Treatment,20,4.08
Denver,11,12,276,Treatment,25,4.51
Denver,11,12,276,Treatment,30,3.83
Denver,11,12,276,Treatment,35,4.6
Denver,11,12,276,Treatment,40,4.18
Denver,11,12,276,Treatment,45,4.27
Denver,11,12,276,Treatment,50,4.09
Denver,11,12,276,Treatment,55,3.77
Denver,11,13,277,Control,0,4.27
Denver,11,13,277,Control,5,4.49
Denver,11,13,277,Control,10,4.41
Denver,11,13,277,Control,15,4.05
Denver,11,13,277,Control,20,4.21
Denver,11,13,277,Control,25,5.11
Denver,11,13,277,Control,30,4.33
Denver,11,13,277,Control,35,4.96
Denver,11,13,277,Control,40,4.37
Denver,11,13,277,Control,45,4.55
Denver,11,13,277,Control,50,4.76
Denver,11,13,277,Control,55,4.39
Denver,11,14,278,Treatment,0,4.62
Denver,11,14,278,Treatment,5,4.58
Denver,11,14,278,Treatment,10,4.26
Denver,11,14,278,Treatment,15,4.35
Denver,11,14,278,Treatment,20,4.58
Denver,11,14,278,Treatment,25,4.15
Denver,11,14,278,Treatment,30,4.62
Denver,11,14,278,Treatment,35,4.03
Denver,11,14,278,Treatment,40,4.38
Denver,11,14,278,Treatment,45,4.31
Denver,11,14,278,Treatment,50,3.92
Denver,11,14,278,Treatment,55,4.24
Denver,11,15,279,Control,0,3.97
Denver,11,15,279,Control,5,4.41
Denver,11,15,279,Control,10,4.5
Denver,11,15,279,Control,15,4.58
Denver,11,15,279,Control,20,4.58
Denver,11,15,279,Control,25,4.58
Denver,11,15,279,Control,30,4.51
Denver,11,15,279,Control,35,4.63
Denver,11,15,279,Control,40,4.44
Denver,11,15,279,Control,45,5.26
Denver,11,15,279,Control,50,4.25
Denver,11,15,279,Control,55,4.45
Denver,11,16,280,Control,0,5.11
Denver,11,16,280,Control,5,4.27
Denver,11,16,280,Control,10,4.71
Denver,11,16,280,Control,15,4.66
Denver,11,16,280,Control,20,4.68
Denver,11,16,280,Control,25,4.91
Denver,11,16,280,Control,30,4.9
Denver,11,16,280,Control,35,4.49
Denver,11,16,280,Control,40,4.65
Denver,11,16,280,Control,45,4.13
Denver,11,16,280,Control,50,4.62
Denver,11,16,280,Control,55,4.4
Denver,11,17,281,Treatment,0,4.18
Denver,11,17,281,Treatment,5,4.56
Denver,11,17,281,Treatment,10,3.9
Denver,11,17,281,Treatment,15,4.22
Denver,11,17,281,Treatment,20,3.88
Denver,11,17,281,Treatment,25,3.97
Denver,11,17,281,Treatment,30,4.47
Denver,11,17,281,Treatment,35,4.33
Denver,11,17,281,Treatment,40,4.47
Denver,11,17,281,Treatment,45,4.58
Denver,11,17,281,Treatment,50,3.99
Denver,11,17,281,Treatment,55,4.56
Denver,11,18,282,Control,0,4.37
Denver,11,18,282,Control,5,4.2
Denver,11,18,282,Control,10,4.23
Denver,11,18,282,Control,15,4.75
Denver,11,18,282,Control,20,4.84
Denver,11,18,282,Control,25,4.83
Denver,11,18,282,Control,30,4.65
Denver,11,18,282,Control,35,4.63
Denver,11,18,282,Control,40,4.73
Denver,11,18,282,Control,45,4.68
Denver,11,18,282,Control,50,4.74
Denver,11,18,282,Control,55,4.65
Denver,11,19,283,Treatment,0,4.19
Denver,11,19,283,Treatment,5,4.43
Denver,11,19,283,Treatment,10,3.98
Denver,11,19,283,Treatment,15,4.26
Denver,11,19,283,Treatment,20,4.6
Denver,11,19,283,Treatment,25,4.07
Denver,11,19,283,Treatment,30,4.22
Denver,11,19,283,Treatment,35,4.38
Denver,11,19,283,Treatment,40,3.67
Denver,11,19,283,Treatment,45,4.06
Denver,11,19,283,Treatment,50,4.28
Denver,11,19,283,Treatment,55,3.46
Denver,11,20,284,Treatment,0,4.46
Denver,11,20,284,Treatment,5,4.44
Denver,11,20,284,Treatment,10,4.28
Denver,11,20,284,Treatment,15,4.41
Denver,11,20,284,Treatment,20,4.24
Denver,11,20,284,Treatment,25,4.32
Denver,11,20,284,Treatment,30,4.11
Denver,11,20,284,Treatment,35,4.21
Denver,11,20,284,Treatment,40,4.03
Denver,11,20,284,Treatment,45,4.5
Denver,11,20,284,Treatment,50,4.57
Denver,11,20,284,Treatment,55,4.53
Denver,11,21,285,Control,0,3.95
Denver,11,21,285,Control,5,4.64
Denver,11,21,285,Control,10,4.6
Denver,11,21,285,Control,15,4.68
Denver,11,21,285,Control,20,4.44
Denver,11,21,285,Control,25,4.71
Denver,11,21,285,Control,30,4.33
Denver,11,21,285,Control,35,4.76
Denver,11,21,285,Control,40,4.94
Denver,11,21,285,Control,45,5.01
Denver,11,21,285,Control,50,4.78
Denver,11,21,285,Control,55,4.25
Denver,11,22,286,Treatment,0,5.13
Denver,11,22,286,Treatment,5,4.24
Denver,11,22,286,Treatment,10,4.31
Denver,11,22,286,Treatment,15,4.54
Denver,11,22,286,Treatment,20,4.34
Denver,11,22,286,Treatment,25,4.81
Denver,11,22,286,Treatment,30,4.0
Denver,11,22,286,Treatment,35,3.94
Denver,11,22,286,Treatment,40,4.49
Denver,11,22,286,Treatment,45,3.89
Denver,11,22,286,Treatment,50,4.14
Denver,11,22,286,Treatment,55,4.17
Denver,11,23,287,Treatment,0,4.34
Denver,11,23,287,Treatment,5,4.3
Denver,11,23,287,Treatment,10,4.09
Denver,11,23,287,Treatment,15,4.49
Denver,11,23,287,Treatment,20,5.19
Denver,11,23,287,Treatment,25,4.36
Denver,11,23,287,Treatment,30,4.21
Denver,11,23,287,Treatment,35,3.86
Denver,11,23,287,Treatment,40,4.03
Denver,11,23,287,Treatment,45,4.13
Denver,11,23,287,Treatment,50,4.05
Denver,11,23,287,Treatment,55,4.18
Denver,12,0,288,Treatment,0,4.5
Denver,12,0,288,Treatment,5,4.15
Denver,12,0,288,Treatment,10,3.88
Denver,12,0,288,Treatment,15,4.52
Denver,12,0,288,Treatment,20,4.17
Denver,12,0,288,Treatment,25,3.75
Denver,12,0,288,Treatment,30,4.36
Denver,12,0,288,Treatment,35,4.44
Denver,12,0,288,Treatment,40,3.58
Denver,12,0,288,Treatment,45,3.98
Denver,12,0,288,Treatment,50,4.16
Denver,12,0,288,Treatment,55,4.37
Denver,12,1,289,Treatment,0,3.98
Denver,12,1,289,Treatment,5,4.37
Denver,12,1,289,Treatment,10,4.07
Denver,12,1,289,Treatment,15,4.32
Denver,12,1,289,Treatment,20,3.91
Denver,12,1,289,Treatment,25,3.85
Denver,12,1,289,Treatment,30,4.37
Denver,12,1,289,Treatment,35,4.25
Denver,12,1,289,Treatment,40,4.42
Denver,12,1,289,Treatment,45,4.05
Denver,12,1,289,Treatment,50,3.99
Denver,12,1,289,Treatment,55,4.53
Denver,12,2,290,Treatment,0,4.5
Denver,12,2,290,Treatment,5,4.52
Denver,12,2,290,Treatment,10,4.4
Denver,12,2,290,Treatment,15,4.01
Denver,12,2,290,Treatment,20,3.98
Denver,12,2,290,Treatment,25,4.13
Denver,12,2,290,Treatment,30,3.86
Denver,12,2,290,Treatment,35,3.95
Denver,12,2,290,Treatment,40,4.35
Denver,12,2,290,Treatment,45,4.35
Denver,12,2,290,Treatment,50,3.92
Denver,12,2,290,Treatment,55,4.36
Denver,12,3,291,Treatment,0,4.56
Denver,12,3,291,Treatment,5,4.33
Denver,12,3,291,Treatment,10,4.45
Denver,12,3,291,Treatment,15,4.31
Denver,12,3,291,Treatment,20,4.43
Denver,12,3,291,Treatment,25,3.86
Denver,12,3,291,Treatment,30,4.16
Denver,12,3,291,Treatment,35,4.18
Denver,12,3,291,Treatment,40,4.13
Denver,12,3,291,Treatment,45,4.3
Denver,12,3,291,Treatment,50,4.34
Denver,12,3,291,Treatment,55,4.28
Denver,12,4,292,Control,0,4.0
Denver,12,4,292,Control,5,4.6
Denver,12,4,292,Control,10,4.55
Denver,12,4,292,Control,15,4.35
Denver,12,4,292,Control,20,4.55
Denver,12,4,292,Control,25,4.16
Denver,12,4,292,Control,30,4.61
Denver,12,4,292,Control,35,4.55
Denver,12,4,292,Control,40,4.46
Denver,12,4,292,Control,45,5.0
Denver,12,4,292,Control,50,4.31
Denver,12,4,292,Control,55,4.78
Denver,12,5,293,Control,0,4.87
Denver,12,5,293,Control,5,4.59
Denver,12,5,293,Control,10,4.32
Denver,12,5,293,Control,15,4.26
Denver,12,5,293,Control,20,4.5
Denver,12,5,293,Control,25,4.43
Denver,12,5,293,Control,30,4.42
Denver,12,5,293,Control,35,4.52
Denver,12,5,293,Control,40,4.57
Denver,12,5,293,Control,45,4.72
Denver,12,5,293,Control,50,4.29
Denver,12,5,293,Control,55,4.43
Denver,12,6,294,Treatment,0,4.55
Denver,12,6,294,Treatment,5,4.92
Denver,12,6,294,Treatment,10,4.38
Denver,12,6,294,Treatment,15,3.78
Denver,12,6,294,Treatment,20,4.29
Denver,12,6,294,Treatment,25,4.32
Denver,12,6,294,Treatment,30,4.15
Denver,12,6,294,Treatment,35,3.88
Denver,12,6,294,Treatment,40,4.63
Denver,12,6,294,Treatment,45,3.92
Denver,12,6,294,Treatment,50,4.35
Denver,12,6,294,Treatment,55,4.24
Denver,12,7,295,Treatment,0,4.61
Denver,12,7,295,Treatment,5,4.33
Denver,12,7,295,Treatment,10,4.05
Denver,12,7,295,Treatment,15,4.46
Denver,12,7,295,Treatment,20,4.03
Denver,12,7,295,Treatment,25,4.23
Denver,12,7,295,Treatment,30,3.86
Denver,12,7,295,Treatment,35,3.93
Denver,12,7,295,Treatment,40,4.2
Denver,12,7,295,Treatment,45,4.28
Denver,12,7,295,Treatment,50,3.76
Denver,12,7,295,Treatment,55,4.31
Denver,12,8,296,Control,0,4.51
Denver,12,8,296,Control,5,4.24
Denver,12,8,296,Control,10,4.18
Denver,12,8,296,Control,15,4.62
Denver,12,8,296,Control,20,4.37
Denver,12,8,296,Control,25,4.92
Denver,12,8,296,Control,30,4.6
Denver,12,8,296,Control,35,4.56
Denver,12,8,296,Control,40,4.75
Denver,12,8,296,Control,45,4.35
Denver,12,8,296,Control,50,4.28
Denver,12,8,296,Control,55,4.7
Denver,12,9,297,Control,0,4.32
Denver,12,9,297,Control,5,4.81
Denver,12,9,297,Control,10,4.73
Denver,12,9,297,Control,15,4.29
Denver,12,9,297,Control,20,4.45
Denver,12,9,297,Control,25,4.37
Denver,12,9,297,Control,30,5.04
Denver,12,9,297,Control,35,4.83
Denver,12,9,297,Control,40,4.49
Denver,12,9,297,Control,45,4.74
Denver,12,9,297,Control,50,4.26
Denver,12,9,297,Control,55,4.43
Denver,12,10,298,Treatment,0,4.71
Denver,12,10,298,Treatment,5,4.44
Denver,12,10,298,Treatment,10,4.39
Denver,12,10,298,Treatment,15,4.21
Denver,12,10,298,Treatment,20,4.15
Denver,12,10,298,Treatment,25,4.11
Denver,12,10,298,Treatment,30,4.08
Denver,12,10,298,Treatment,35,4.24
Denver,12,10,298,Treatment,40,4.29
Denver,12,10,298,Treatment,45,4.24
Denver,12,10,298,Treatment,50,3.89
Denver,12,10,298,Treatment,55,3.94
Denver,12,11,299,Treatment,0,4.55
Denver,12,11,299,Treatment,5,4.22
Denver,12,11,299,Treatment,10,4.08
Denver,12,11,299,Treatment,15,4.24
Denver,12,11,299,Treatment,20,3.9
Denver,12,11,299,Treatment,25,4.51
Denver,12,11,299,Treatment,30,4.23
Denver,12,11,299,Treatment,35,4.02
Denver,12,11,299,Treatment,40,4.14
Denver,12,11,299,Treatment,45,4.05
Denver,12,11,299,Treatment,50,4.51
Denver,12,11,299,Treatment,55,4.14
Denver,12,12,300,Control,0,4.33
Denver,12,12,300,Control,5,4.14
Denver,12,12,300,Control,10,4.51
Denver,12,12,300,Control,15,4.67
Denver,12,12,300,Control,20,4.21
Denver,12,12,300,Control,25,4.66
Denver,12,12,300,Control,30,4.59
Denver,12,12,300,Control,35,4.63
Denver,12,12,300,Control,40,4.61
Denver,12,12,300,Control,45,4.66
Denver,12,12,300,Control,50,4.93
Denver,12,12,300,Control,55,4.31
Denver,12,13,301,Control,0,4.77
Denver,12,13,301,Control,5,4.72
Denver,12,13,301,Control,10,4.71
Denver,12,13,301,Control,15,5.29
Denver,12,13,301,Control,20,4.75
Denver,12,13,301,Control,25,4.88
Denver,12,13,301,Control,30,4.52
Denver,12,13,301,Control,35,4.35
Denver,12,13,301,Control,40,4.52
Denver,12,13,301,Control,45,4.78
Denver,12,13,301,Control,50,4.7
Denver,12,13,301,Control,55,4.7
Denver,12,14,302,Control,0,4.51
Denver,12,14,302,Control,5,4.56
Denver,12,14,302,Control,10,4.78
Denver,12,14,302,Control,15,4.81
Denver,12,14,302,Control,20,4.35
Denver,12,14,302,Control,25,4.79
Denver,12,14,302,Control,30,4.44
Denver,12,14,302,Control,35,4.72
Denver,12,14,302,Control,40,4.55
Denver,12,14,302,Control,45,4.99
Denver,12,14,302,Control,50,4.5
Denver,12,14,302,Control,55,4.64
Denver,12,15,303,Control,0,4.38
Denver,12,15,303,Control,5,4.58
Denver,12,15,303,Control,10,4.53
Denver,12,15,303,Control,15,4.47
Denver,12,15,303,Control,20,4.49
Denver,12,15,303,Control,25,4.88
Denver,12,15,303,Control,30,4.45
Denver,12,15,303,Control,35,4.74
Denver,12,15,303,Control,40,4.68
Denver,12,15,303,Control,45,4.25
Denver,12,15,303,Control,50,4.73
Denver,12,15,303,Control,55,4.25
Denver,12,16,304,Treatment,0,4.47
Denver,12,16,304,Treatment,5,4.46
Denver,12,16,304,Treatment,10,4.0
Denver,12,16,304,Treatment,15,4.22
Denver,12,16,304,Treatment,20,4.42
Denver,12,16,304,Treatment,25,3.98
Denver,12,16,304,Treatment,30,4.03
Denver,12,16,304,Treatment,35,4.3
Denver,12,16,304,Treatment,40,4.31
Denver,12,16,304,Treatment,45,3.58
Denver,12,16,304,Treatment,50,4.69
Denver,12,16,304,Treatment,55,4.32
Denver,12,17,305,Treatment,0,4.15
Denver,12,17,305,Treatment,5,3.72
Denver,12,17,305,Treatment,10,4.35
Denver,12,17,305,Treatment,15,4.04
Denver,12,17,305,Treatment,20,4.32
Denver,12,17,305,Treatment,25,4.13
Denver,12,17,305,Treatment,30,4.25
Denver,12,17,305,Treatment,35,3.99
Denver,12,17,305,Treatment,40,4.4
Denver,12,17,305,Treatment,45,3.89
Denver,12,17,305,Treatment,50,4.75
Denver,12,17,305,Treatment,55,4.75
Denver,12,18,306,Control,0,4.5
Denver,12,18,306,Control,5,4.3
Denver,12,18,306,Control,10,4.75
Denver,12,18,306,Control,15,4.58
Denver,12,18,306,Control,20,4.21
Denver,12,18,306,Control,25,4.98
Denver,12,18,306,Control,30,4.88
Denver,12,18,306,Control,35,4.59
Denver,12,18,306,Control,40,4.29
Denver,12,18,306,Control,45,4.45
Denver,12,18,306,Control,50,4.14
Denver,12,18,306,Control,55,4.84
Denver,12,19,307,Control,0,4.67
Denver,12,19,307,Control,5,4.39
Denver,12,19,307,Control,10,4.24
Denver,12,19,307,Control,15,4.66
Denver,12,19,307,Control,20,4.52
Denver,12,19,307,Control,25,4.81
Denver,12,19,307,Control,30,4.28
Denver,12,19,307,Control,35,4.41
Denver,12,19,307,Control,40,4.0
Denver,12,19,307,Control,45,4.05
Denver,12,19,307,Control,50,5.05
Denver,12,19,307,Control,55,5.12
Denver,12,20,308,Treatment,0,4.39
Denver,12,20,308,Treatment,5,4.39
Denver,12,20,308,Treatment,10,4.54
Denver,12,20,308,Treatment,15,4.06
Denver,12,20,308,Treatment,20,4.25
Denver,12,20,308,Treatment,25,4.18
Denver,12,20,308,Treatment,30,4.04
Denver,12,20,308,Treatment,35,4.05
Denver,12,20,308,Treatment,40,4.26
Denver,12,20,308,Treatment,45,3.94
Denver,12,20,308,Treatment,50,4.3
Denver,12,20,308,Treatment,55,4.07
Denver,12,21,309,Treatment,0,4.53
Denver,12,21,309,Treatment,5,4.14
Denver,12,21,309,Treatment,10,4.42
Denver,12,21,309,Treatment,15,3.74
Denver,12,21,309,Treatment,20,4.07
Denver,12,21,309,Treatment,25,4.19
Denver,12,21,309,Treatment,30,4.67
Denver,12,21,309,Treatment,35,3.7
Denver,12,21,309,Treatment,40,4.16
Denver,12,21,309,Treatment,45,4.55
Denver,12,21,309,Treatment,50,3.99
Denver,12,21,309,Treatment,55,4.13
Denver,12,22,310,Control,0,4.23
Denver,12,22,310,Control,5,4.72
Denver,12,22,310,Control,10,4.57
Denver,12,22,310,Control,15,4.93
Denver,12,22,310,Control,20,4.51
Denver,12,22,310,Control,25,4.41
Denver,12,22,310,Control,30,4.54
Denver,12,22,310,Control,35,4.31
Denver,12,22,310,Control,40,4.72
Denver,12,22,310,Control,45,4.5
Denver,12,22,310,Control,50,4.43
Denver,12,22,310,Control,55,4.72
Denver,12,23,311,Control,0,4.79
Denver,12,23,311,Control,5,4.48
Denver,12,23,311,Control,10,4.89
Denver,12,23,311,Control,15,4.5
Denver,12,23,311,Control,20,4.76
Denver,12,23,311,Control,25,4.64
Denver,12,23,311,Control,30,4.79
Denver,12,23,311,Control,35,4.63
Denver,12,23,311,Control,40,4.18
Denver,12,23,311,Control,45,4.85
Denver,12,23,311,Control,50,4.58
Denver,12,23,311,Control,55,4.8
Denver,13,0,312,Control,0,4.41
Denver,13,0,312,Control,5,4.37
Denver,13,0,312,Control,10,4.76
Denver,13,0,312,Control,15,4.52
Denver,13,0,312,Control,20,4.83
Denver,13,0,312,Control,25,4.56
Denver,13,0,312,Control,30,4.86
Denver,13,0,312,Control,35,4.71
Denver,13,0,312,Control,40,4.67
Denver,13,0,312,Control,45,4.51
Denver,13,0,312,Control,50,4.66
Denver,13,0,312,Control,55,4.9
Denver,13,1,313,Control,0,4.73
Denver,13,1,313,Control,5,4.61
Denver,13,1,313,Control,10,4.63
Denver,13,1,313,Control,15,5.03
Denver,13,1,313,Control,20,4.9
Denver,13,1,313,Control,25,4.62
Denver,13,1,313,Control,30,4.65
Denver,13,1,313,Control,35,4.42
Denver,13,1,313,Control,40,4.56
Denver,13,1,313,Control,45,4.68
Denver,13,1,313,Control,50,4.81
Denver,13,1,313,Control,55,4.79
Denver,13,2,314,Treatment,0,4.84
Denver,13,2,314,Treatment,5,4.44
Denver,13,2,314,Treatment,10,4.08
Denver,13,2,314,Treatment,15,4.52
Denver,13,2,314,Treatment,20,4.55
Denver,13,2,314,Treatment,25,4.25
Denver,13,2,314,Treatment,30,4.36
Denver,13,2,314,Treatment,35,4.38
Denver,13,2,314,Treatment,40,4.53
Denver,13,2,314,Treatment,45,4.37
Denver,13,2,314,Treatment,50,3.85
Denver,13,2,314,Treatment,55,4.69
Denver,13,3,315,Treatment,0,4.06
Denver,13,3,315,Treatment,5,3.93
Denver,13,3,315,Treatment,10,4.31
Denver,13,3,315,Treatment,15,4.12
Denver,13,3,315,Treatment,20,4.27
Denver,13,3,315,Treatment,25,4.37
Denver,13,3,315,Treatment,30,4.04
Denver,13,3,315,Treatment,35,3.91
Denver,13,3,315,Treatment,40,4.28
Denver,13,3,315,Treatment,45,4.05
Denver,13,3,315,Treatment,50,4.22
Denver,13,3,315,Treatment,55,3.85
Denver,13,4,316,Control,0,4.36
Denver,13,4,316,Control,5,4.48
Denver,13,4,316,Control,10,4.26
Denver,13,4,316,Control,15,4.31
Denver,13,4,316,Control,20,4.6
Denver,13,4,316,Control,25,4.74
Denver,13,4,316,Control,30,4.7
Denver,13,4,316,Control,35,4.47
Denver,13,4,316,Control,40,4.67
Denver,13,4,316,Control,45,4.98
Denver,13,4,316,Control,50,4.65
Denver,13,4,316,Control,55,4.19
Denver,13,5,317,Control,0,5.11
Denver,13,5,317,Control,5,4.28
Denver,13,5,317,Control,10,4.61
Denver,13,5,317,Control,15,4.54
Denver,13,5,317,Control,20,4.62
Denver,13,5,317,Control,25,4.65
Denver,13,5,317,Control,30,4.88
Denver,13,5,317,Control,35,4.62
Denver,13,5,317,Control,40,4.92
Denver,13,5,317,Control,45,4.57
Denver,13,5,317,Control,50,4.51
Denver,13,5,317,Control,55,4.43
Denver,13,6,318,Treatment,0,4.67
Denver,13,6,318,Treatment,5,4.98
Denver,13,6,318,Treatment,10,4.44
Denver,13,6,318,Treatment,15,4.36
Denver,13,6,318,Treatment,20,4.08
Denver,13,6,318,Treatment,25,4.12
Denver,13,6,318,Treatment,30,4.43
Denver,13,6,318,Treatment,35,4.69
Denver,13,6,318,Treatment,40,4.56
Denver,13,6,318,Treatment,45,4.39
Denver,13,6,318,Treatment,50,4.19
Denver,13,6,318,Treatment,55,4.24
Denver,13,7,319,Treatment,0,3.82
Denver,13,7,319,Treatment,5,3.9
Denver,13,7,319,Treatment,10,4.2
Denver,13,7,319,Treatment,15,4.11
Denver,13,7,319,Treatment,20,3.82
Denver,13,7,319,Treatment,25,4.18
Denver,13,7,319,Treatment,30,4.11
Denver,13,7,319,Treatment,35,3.89
Denver,13,7,319,Treatment,40,4.09
Denver,13,7,319,Treatment,45,4.11
Denver,13,7,319,Treatment,50,4.03
Denver,13,7,319,Treatment,55,4.42
Denver,13,8,320,Treatment,0,3.69
Denver,13,8,320,Treatment,5,4.19
Denver,13,8,320,Treatment,10,4.21
Denver,13,8,320,Treatment,15,4.29
Denver,13,8,320,Treatment,20,4.05
Denver,13,8,320,Treatment,25,3.96
Denver,13,8,320,Treatment,30,4.18
Denver,13,8,320,Treatment,35,4.08
Denver,13,8,320,Treatment,40,4.57
Denver,13,8,320,Treatment,45,4.1
Denver,13,8,320,Treatment,50,4.17
Denver,13,8,320,Treatment,55,4.8
Denver,13,9,321,Control,0,4.33
Denver,13,9,321,Control,5,4.49
Denver,13,9,321,Control,10,4.64
Denver,13,9,321,Control,15,4.67
Denver,13,9,321,Control,20,4.65
Denver,13,9,321,Control,25,4.63
Denver,13,9,321,Control,30,4.46
Denver,13,9,321,Control,35,4.68
Denver,13,9,321,Control,40,5.11
Denver,13,9,321,Control,45,4.9
Denver,13,9,321,Control,50,4.68
Denver,13,9,321,Control,55,4.81
Denver,13,10,322,Control,0,4.53
Denver,13,10,322,Control,5,4.84
Denver,13,10,322,Control,10,4.97
Denver,13,10,322,Control,15,4.41
Denver,13,10,322,Control,20,4.48
Denver,13,10,322,Control,25,5.15
Denver,13,10,322,Control,30,4.62
Denver,13,10,322,Control,35,5.06
Denver,13,10,322,Control,40,4.65
Denver,13,10,322,Control,45,4.66
Denver,13,10,322,Control,50,4.52
Denver,13,10,322,Control,55,4.84
Denver,13,11,323,Control,0,4.34
Denver,13,11,323,Control,5,4.51
Denver,13,11,323,Control,10,4.83
Denver,13,11,323,Control,15,4.57
Denver,13,11,323,Control,20,4.48
Denver,13,11,323,Control,25,4.85
Denver,13,11,323,Control,30,4.88
Denver,13,11,323,Control,35,4.49
Denver,13,11,323,Control,40,4.65
Denver,13,11,323,Control,45,4.3
Denver,13,11,323,Control,50,4.38
Denver,13,11,323,Control,55,4.63
Denver,13,12,324,Control,0,4.36
Denver,13,12,324,Control,5,4.42
Denver,13,12,324,Control,10,4.33
Denver,13,12,324,Control,15,4.71
Denver,13,12,324,Control,20,4.11
Denver,13,12,324,Control,25,4.35
Denver,13,12,324,Control,30,4.13
Denver,13,12,324,Control,35,4.7
Denver,13,12,324,Control,40,4.15
Denver,13,12,324,Control,45,4.61
Denver,13,12,324,Control,50,5.01
Denver,13,12,324,Control,55,5.02
Denver,13,13,325,Control,0,4.67
Denver,13,13,325,Control,5,4.35
Denver,13,13,325,Control,10,4.3
Denver,13,13,325,Control,15,4.57
Denver,13,13,325,Control,20,4.91
Denver,13,13,325,Control,25,4.75
Denver,13,13,325,Control,30,4.42
Denver,13,13,325,Control,35,4.78
Denver,13,13,325,Control,40,4.04
Denver,13,13,325,Control,45,4.41
Denver,13,13,325,Control,50,4.39
Denver,13,13,325,Control,55,4.62
Denver,13,14,326,Treatment,0,4.56
Denver,13,14,326,Treatment,5,4.42
Denver,13,14,326,Treatment,10,4.33
Denver,13,14,326,Treatment,15,4.32
Denver,13,14,326,Treatment,20,4.22
Denver,13,14,326,Treatment,25,4.11
Denver,13,14,326,Treatment,30,4.29
Denver,13,14,326,Treatment,35,4.39
Denver,13,14,326,Treatment,40,4.05
Denver,13,14,326,Treatment,45,4.17
Denver,13,14,326,Treatment,50,4.48
Denver,13,14,326,Treatment,55,3.91
Denver,13,15,327,Control,0,3.85
Denver,13,15,327,Control,5,4.24
Denver,13,15,327,Control,10,4.22
Denver,13,15,327,Control,15,5.15
Denver,13,15,327,Control,20,4.47
Denver,13,15,327,Control,25,4.47
Denver,13,15,327,Control,30,4.51
Denver,13,15,327,Control,35,4.62
Denver,13,15,327,Control,40,4.52
Denver,13,15,327,Control,45,4.57
Denver,13,15,327,Control,50,3.72
Denver,13,15,327,Control,55,4.61
Denver,13,16,328,Control,0,4.86
Denver,13,16,328,Control,5,4.93
Denver,13,16,328,Control,10,4.55
Denver,13,16,328,Control,15,4.8
Denver,13,16,328,Control,20,4.32
Denver,13,16,328,Control,25,4.79
Denver,13,16,328,Control,30,4.46
Denver,13,16,328,Control,35,4.3
Denver,13,16,328,Control,40,4.55
Denver,13,16,328,Control,45,4.95
Denver,13,16,328,Control,50,4.65
Denver,13,16,328,Control,55,4.97
Denver,13,17,329,Treatment,0,4.86
Denver,13,17,329,Treatment,5,4.3
Denver,13,17,329,Treatment,10,4.38
Denver,13,17,329,Treatment,15,4.24
Denver,13,17,329,Treatment,20,4.35
Denver,13,17,329,Treatment,25,4.25
Denver,13,17,329,Treatment,30,4.0
Denver,13,17,329,Treatment,35,4.41
Denver,13,17,329,Treatment,40,4.62
Denver,13,17,329,Treatment,45,4.04
Denver,13,17,329,Treatment,50,3.73
Denver,13,17,329,Treatment,55,4.31
Denver,13,18,330,Treatment,0,4.15
Denver,13,18,330,Treatment,5,4.33
Denver,13,18,330,Treatment,10,4.07
Denver,13,18,330,Treatment,15,4.12
Denver,13,18,330,Treatment,20,4.16
Denver,13,18,330,Treatment,25,4.55
Denver,13,18,330,Treatment,30,4.19
Denver,13,18,330,Treatment,35,3.88
Denver,13,18,330,Treatment,40,3.89
Denver,13,18,330,Treatment,45,4.22
Denver,13,18,330,Treatment,50,3.9
Denver,13,18,330,Treatment,55,3.8
Denver,13,19,331,Treatment,0,4.36
Denver,13,19,331,Treatment,5,4.09
Denver,13,19,331,Treatment,10,4.26
Denver,13,19,331,Treatment,15,4.23
Denver,13,19,331,Treatment,20,4.34
Denver,13,19,331,Treatment,25,4.34
Denver,13,19,331,Treatment,30,3.53
Denver,13,19,331,Treatment,35,4.13
Denver,13,19,331,Treatment,40,4.32
Denver,13,19,331,Treatment,45,4.08
Denver,13,19,331,Treatment,50,4.2
Denver,13,19,331,Treatment,55,4.37
Denver,13,20,332,Treatment,0,3.86
Denver,13,20,332,Treatment,5,4.56
Denver,13,20,332,Treatment,10,4.47
Denver,13,20,332,Treatment,15,4.16
Denver,13,20,332,Treatment,20,4.14
Denver,13,20,332,Treatment,25,3.47
Denver,13,20,332,Treatment,30,4.1
Denver,13,20,332,Treatment,35,3.85
Denver,13,20,332,Treatment,40,4.24
Denver,13,20,332,Treatment,45,4.22
Denver,13,20,332,Treatment,50,4.36
Denver,13,20,332,Treatment,55,4.54
Denver,13,21,333,Control,0,4.76
Denver,13,21,333,Control,5,4.38
Denver,13,21,333,Control,10,4.13
Denver,13,21,333,Control,15,4.46
Denver,13,21,333,Control,20,4.51
Denver,13,21,333,Control,25,4.75
Denver,13,21,333,Control,30,4.36
Denver,13,21,333,Control,35,4.53
Denver,13,21,333,Control,40,4.56
Denver,13,21,333,Control,45,4.49
Denver,13,21,333,Control,50,4.8
Denver,13,21,333,Control,55,4.76
Denver,13,22,334,Treatment,0,4.52
Denver,13,22,334,Treatment,5,4.76
Denver,13,22,334,Treatment,10,3.98
Denver,13,22,334,Treatment,15,3.84
Denver,13,22,334,Treatment,20,3.88
Denver,13,22,334,Treatment,25,4.19
Denver,13,22,334,Treatment,30,4.49
Denver,13,22,334,Treatment,35,4.04
Denver,13,22,334,Treatment,40,4.07
Denver,13,22,334,Treatment,45,4.13
Denver,13,22,334,Treatment,50,4.33
Denver,13,22,334,Treatment,55,4.07
Denver,13,23,335,Control,0,3.85
Denver,13,23,335,Control,5,4.18
Denver,13,23,335,Control,10,4.76
Denver,13,23,335,Control,15,4.62
Denver,13,23,335,Control,20,4.42
Denver,13,23,335,Control,25,4.91
Denver,13,23,335,Control,30,4.45
Denver,13,23,335,Control,35,4.95
Denver,13,23,335,Control,40,4.95
Denver,13,23,335,Control,45,4.61
Denver,13,23,335,Control,50,4.23
Denver,13,23,335,Control,55,5.17
Miami,0,0,0,Treatment,0,5.41
Miami,0,0,0,Treatment,5,5.73
Miami,0,0,0,Treatment,10,5.67
Miami,0,0,0,Treatment,15,5.82
Miami,0,0,0,Treatment,20,5.32
Miami,0,0,0,Treatment,25,5.57
Miami,0,0,0,Treatment,30,5.19
Miami,0,0,0,Treatment,35,5.66
Miami,0,0,0,Treatment,40,5.48
Miami,0,0,0,Treatment,45,5.56
Miami,0,0,0,Treatment,50,5.45
Miami,0,0,0,Treatment,55,5.43
Miami,0,1,1,Control,0,5.69
Miami,0,1,1,Control,5,6.07
Miami,0,1,1,Control,10,5.76
Miami,0,1,1,Control,15,6.24
Miami,0,1,1,Control,20,6.21
Miami,0,1,1,Control,25,6.1
Miami,0,1,1,Control,30,5.72
Miami,0,1,1,Control,35,5.77
Miami,0,1,1,Control,40,5.9
Miami,0,1,1,Control,45,5.57
Miami,0,1,1,Control,50,6.45
Miami,0,1,1,Control,55,6.19
Miami,0,2,2,Treatment,0,5.55
Miami,0,2,2,Treatment,5,5.44
Miami,0,2,2,Treatment,10,5.69
Miami,0,2,2,Treatment,15,5.98
Miami,0,2,2,Treatment,20,5.32
Miami,0,2,2,Treatment,25,5.71
Miami,0,2,2,Treatment,30,5.37
Miami,0,2,2,Treatment,35,5.5
Miami,0,2,2,Treatment,40,5.79
Miami,0,2,2,Treatment,45,5.4
Miami,0,2,2,Treatment,50,5.32
Miami,0,2,2,Treatment,55,5.84
Miami,0,3,3,Treatment,0,5.76
Miami,0,3,3,Treatment,5,5.32
Miami,0,3,3,Treatment,10,5.84
Miami,0,3,3,Treatment,15,5.56
Miami,0,3,3,Treatment,20,5.6
Miami,0,3,3,Treatment,25,5.52
Miami,0,3,3,Treatment,30,5.36
Miami,0,3,3,Treatment,35,5.49
Miami,0,3,3,Treatment,40,5.38
Miami,0,3,3,Treatment,45,5.73
Miami,0,3,3,Treatment,50,5.44
Miami,0,3,3,Treatment,55,5.12
Miami,0,4,4,Control,0,5.06
Miami,0,4,4,Control,5,5.85
Miami,0,4,4,Control,10,5.61
Miami,0,4,4,Control,15,6.18
Miami,0,4,4,Control,20,6.13
Miami,0,4,4,Control,25,6.08
Miami,0,4,4,Control,30,6.21
Miami,0,4,4,Control,35,6.14
Miami,0,4,4,Control,40,5.42
Miami,0,4,4,Control,45,6.02
Miami,0,4,4,Control,50,6.21
Miami,0,4,4,Control,55,6.51
Miami,0,5,5,Treatment,0,5.76
Miami,0,5,5,Treatment,5,5.81
Miami,0,5,5,Treatment,10,5.3
Miami,0,5,5,Treatment,15,5.87
Miami,0,5,5,Treatment,20,5.74
Miami,0,5,5,Treatment,25,5.58
Miami,0,5,5,Treatment,30,5.53
Miami,0,5,5,Treatment,35,5.84
Miami,0,5,5,Treatment,40,5.79
Miami,0,5,5,Treatment,45,5.78
Miami,0,5,5,Treatment,50,5.6
Miami,0,5,5,Treatment,55,5.4
Miami,0,6,6,Treatment,0,5.69
Miami,0,6,6,Treatment,5,5.44
Miami,0,6,6,Treatment,10,5.4
Miami,0,6,6,Treatment,15,5.77
Miami,0,6,6,Treatment,20,5.91
Miami,0,6,6,Treatment,25,5.3
Miami,0,6,6,Treatment,30,5.42
Miami,0,6,6,Treatment,35,5.58
Miami,0,6,6,Treatment,40,5.61
Miami,0,6,6,Treatment,45,5.36
Miami,0,6,6,Treatment,50,5.96
Miami,0,6,6,Treatment,55,5.6
Miami,0,7,7,Treatment,0,5.93
Miami,0,7,7,Treatment,5,5.38
Miami,0,7,7,Treatment,10,5.47
Miami,0,7,7,Treatment,15,5.18
Miami,0,7,7,Treatment,20,5.45
Miami,0,7,7,Treatment,25,5.12
Miami,0,7,7,Treatment,30,5.68
Miami,0,7,7,Treatment,35,5.59
Miami,0,7,7,Treatment,40,5.42
Miami,0,7,7,Treatment,45,5.46
Miami,0,7,7,Treatment,50,5.68
Miami,0,7,7,Treatment,55,5.21
Miami,0,8,8,Control,0,5.66
Miami,0,8,8,Control,5,5.25
Miami,0,8,8,Control,10,6.07
Miami,0,8,8,Control,15,5.68
Miami,0,8,8,Control,20,6.07
Miami,0,8,8,Control,25,5.81
Miami,0,8,8,Control,30,6.46
Miami,0,8,8,Control,35,5.81
Miami,0,8,8,Control,40,5.69
Miami,0,8,8,Control,45,6.13
Miami,0,8,8,Control,50,6.0
Miami,0,8,8,Control,55,5.72
Miami,0,9,9,Treatment,0,5.6
Miami,0,9,9,Treatment,5,5.64
Miami,0,9,9,Treatment,10,5.55
Miami,0,9,9,Treatment,15,5.69
Miami,0,9,9,Treatment,20,5.81
Miami,0,9,9,Treatment,25,5.77
Miami,0,9,9,Treatment,30,5.45
Miami,0,9,9,Treatment,35,4.88
Miami,0,9,9,Treatment,40,5.59
Miami,0,9,9,Treatment,45,5.86
Miami,0,9,9,Treatment,50,5.8
Miami,0,9,9,Treatment,55,5.61
Miami,0,10,10,Treatment,0,5.36
Miami,0,10,10,Treatment,5,5.97
Miami,0,10,10,Treatment,10,5.14
Miami,0,10,10,Treatment,15,5.2
Miami,0,10,10,Treatment,20,5.73
Miami,0,10,10,Treatment,25,5.38
Miami,0,10,10,Treatment,30,5.19
Miami,0,10,10,Treatment,35,5.87
Miami,0,10,10,Treatment,40,5.61
Miami,0,10,10,Treatment,45,5.39
Miami,0,10,10,Treatment,50,5.2
Miami,0,10,10,Treatment,55,6.0
Miami,0,11,11,Treatment,0,5.84
Miami,0,11,11,Treatment,5,5.71
Miami,0,11,11,Treatment,10,5.36
Miami,0,11,11,Treatment,15,5.36
Miami,0,11,11,Treatment,20,5.85
Miami,0,11,11,Treatment,25,5.86
Miami,0,11,11,Treatment,30,5.02
Miami,0,11,11,Treatment,35,5.63
Miami,0,11,11,Treatment,40,5.46
Miami,0,11,11,Treatment,45,5.23
Miami,0,11,11,Treatment,50,5.56
Miami,0,11,11,Treatment,55,5.15
Miami,0,12,12,Control,0,5.29
Miami,0,12,12,Control,5,5.57
Miami,0,12,12,Control,10,5.88
Miami,0,12,12,Control,15,5.85
Miami,0,12,12,Control,20,6.49
Miami,0,12,12,Control,25,6.22
Miami,0,12,12,Control,30,6.55
Miami,0,12,12,Control,35,6.06
Miami,0,12,12,Control,40,5.96
Miami,0,12,12,Control,45,6.54
Miami,0,12,12,Control,50,5.96
Miami,0,12,12,Control,55,6.06
Miami,0,13,13,Treatment,0,5.79
Miami,0,13,13,Treatment,5,6.07
Miami,0,13,13,Treatment,10,5.84
Miami,0,13,13,Treatment,15,5.81
Miami,0,13,13,Treatment,20,5.71
Miami,0,13,13,Treatment,25,5.81
Miami,0,13,13,Treatment,30,5.46
Miami,0,13,13,Treatment,35,5.27
Miami,0,13,13,Treatment,40,6.02
Miami,0,13,13,Treatment,45,5.11
Miami,0,13,13,Treatment,50,5.13
Miami,0,13,13,Treatment,55,5.63
Miami,0,14,14,Control,0,5.54
Miami,0,14,14,Control,5,5.94
Miami,0,14,14,Control,10,5.4
Miami,0,14,14,Control,15,5.98
Miami,0,14,14,Control,20,5.63
Miami,0,14,14,Control,25,6.3
Miami,0,14,14,Control,30,5.71
Miami,0,14,14,Control,35,5.78
Miami,0,14,14,Control,40,6.23
Miami,0,14,14,Control,45,6.37
Miami,0,14,14,Control,50,6.06
Miami,0,14,14,Control,55,6.24
Miami,0,15,15,Treatment,0,6.05
Miami,0,15,15,Treatment,5,5.62
Miami,0,15,15,Treatment,10,5.83
Miami,0,15,15,Treatment,15,5.64
Miami,0,15,15,Treatment,20,5.71
Miami,0,15,15,Treatment,25,5.57
Miami,0,15,15,Treatment,30,5.2
Miami,0,15,15,Treatment,35,5.66
Miami,0,15,15,Treatment,40,5.49
Miami,0,15,15,Treatment,45,5.37
Miami,0,15,15,Treatment,50,5.42
Miami,0,15,15,Treatment,55,5.32
Miami,0,16,16,Control,0,5.14
Miami,0,16,16,Control,5,5.44
Miami,0,16,16,Control,10,5.81
Miami,0,16,16,Control,15,6.5
Miami,0,16,16,Control,20,6.36
Miami,0,16,16,Control,25,5.69
Miami,0,16,16,Control,30,6.44
Miami,0,16,16,Control,35,6.44
Miami,0,16,16,Control,40,5.81
Miami,0,16,16,Control,45,5.47
Miami,0,16,16,Control,50,6.08
Miami,0,16,16,Control,55,6.38
Miami,0,17,17,Treatment,0,5.88
Miami,0,17,17,Treatment,5,6.33
Miami,0,17,17,Treatment,10,5.14
Miami,0,17,17,Treatment,15,5.4
Miami,0,17,17,Treatment,20,5.39
Miami,0,17,17,Treatment,25,5.78
Miami,0,17,17,Treatment,30,5.81
Miami,0,17,17,Treatment,35,5.73
Miami,0,17,17,Treatment,40,5.15
Miami,0,17,17,Treatment,45,5.71
Miami,0,17,17,Treatment,50,5.62
Miami,0,17,17,Treatment,55,5.07
Miami,0,18,18,Treatment,0,5.34
Miami,0,18,18,Treatment,5,5.75
Miami,0,18,18,Treatment,10,5.44
Miami,0,18,18,Treatment,15,5.17
Miami,0,18,18,Treatment,20,5.44
Miami,0,18,18,Treatment,25,5.58
Miami,0,18,18,Treatment,30,5.47
Miami,0,18,18,Treatment,35,5.1
Miami,0,18,18,Treatment,40,5.96
Miami,0,18,18,Treatment,45,5.74
Miami,0,18,18,Treatment,50,5.41
Miami,0,18,18,Treatment,55,5.42
Miami,0,19,19,Treatment,0,5.21
Miami,0,19,19,Treatment,5,5.57
Miami,0,19,19,Treatment,10,5.16
Miami,0,19,19,Treatment,15,5.47
Miami,0,19,19,Treatment,20,5.2
Miami,0,19,19,Treatment,25,5.21
Miami,0,19,19,Treatment,30,5.9
Miami,0,19,19,Treatment,35,5.5
Miami,0,19,19,Treatment,40,5.54
Miami,0,19,19,Treatment,45,4.99
Miami,0,19,19,Treatment,50,5.34
Miami,0,19,19,Treatment,55,5.61
Miami,0,20,20,Treatment,0,4.95
Miami,0,20,20,Treatment,5,5.54
Miami,0,20,20,Treatment,10,5.58
Miami,0,20,20,Treatment,15,5.81
Miami,0,20,20,Treatment,20,5.33
Miami,0,20,20,Treatment,25,4.93
Miami,0,20,20,Treatment,30,5.24
Miami,0,20,20,Treatment,35,5.22
Miami,0,20,20,Treatment,40,5.67
Miami,0,20,20,Treatment,45,4.81
Miami,0,20,20,Treatment,50,5.38
Miami,0,20,20,Treatment,55,5.85
Miami,0,21,21,Control,0,5.71
Miami,0,21,21,Control,5,5.28
Miami,0,21,21,Control,10,5.5
Miami,0,21,21,Control,15,6.46
Miami,0,21,21,Control,20,6.13
Miami,0,21,21,Control,25,6.13
Miami,0,21,21,Control,30,5.82
Miami,0,21,21,Control,35,6.13
Miami,0,21,21,Control,40,5.81
Miami,0,21,21,Control,45,6.4
Miami,0,21,21,Control,50,6.78
Miami,0,21,21,Control,55,6.22
Miami,0,22,22,Treatment,0,5.47
Miami,0,22,22,Treatment,5,5.48
Miami,0,22,22,Treatment,10,6.08
Miami,0,22,22,Treatment,15,5.23
Miami,0,22,22,Treatment,20,5.4
Miami,0,22,22,Treatment,25,5.65
Miami,0,22,22,Treatment,30,5.86
Miami,0,22,22,Treatment,35,5.44
Miami,0,22,22,Treatment,40,5.39
Miami,0,22,22,Treatment,45,5.51
Miami,0,22,22,Treatment,50,5.33
Miami,0,22,22,Treatment,55,5.35
Miami,0,23,23,Control,0,5.54
Miami,0,23,23,Control,5,6.23
Miami,0,23,23,Control,10,6.01
Miami,0,23,23,Control,15,6.39
Miami,0,23,23,Control,20,5.83
Miami,0,23,23,Control,25,6.23
Miami,0,23,23,Control,30,5.92
Miami,0,23,23,Control,35,6.2
Miami,0,23,23,Control,40,6.27
Miami,0,23,23,Control,45,6.11
Miami,0,23,23,Control,50,6.7
Miami,0,23,23,Control,55,6.46
Miami,1,0,24,Treatment,0,6.29
Miami,1,0,24,Treatment,5,6.34
Miami,1,0,24,Treatment,10,5.33
Miami,1,0,24,Treatment,15,5.83
Miami,1,0,24,Treatment,20,5.24
Miami,1,0,24,Treatment,25,5.35
Miami,1,0,24,Treatment,30,5.63
Miami,1,0,24,Treatment,35,5.8
Miami,1,0,24,Treatment,40,5.2
Miami,1,0,24,Treatment,45,5.36
Miami,1,0,24,Treatment,50,5.51
Miami,1,0,24,Treatment,55,5.44
Miami,1,1,25,Treatment,0,6.35
Miami,1,1,25,Treatment,5,5.59
Miami,1,1,25,Treatment,10,5.31
Miami,1,1,25,Treatment,15,5.17
Miami,1,1,25,Treatment,20,5.41
Miami,1,1,25,Treatment,25,5.25
Miami,1,1,25,Treatment,30,5.61
Miami,1,1,25,Treatment,35,5.6
Miami,1,1,25,Treatment,40,5.37
Miami,1,1,25,Treatment,45,5.99
Miami,1,1,25,Treatment,50,5.31
Miami,1,1,25,Treatment,55,5.46
Miami,1,2,26,Control,0,5.71
Miami,1,2,26,Control,5,6.01
Miami,1,2,26,Control,10,6.0
Miami,1,2,26,Control,15,6.36
Miami,1,2,26,Control,20,5.93
Miami,1,2,26,Control,25,6.33
Miami,1,2,26,Control,30,6.33
Miami,1,2,26,Control,35,6.48
Miami,1,2,26,Control,40,5.68
Miami,1,2,26,Control,45,5.87
Miami,1,2,26,Control,50,6.31
Miami,1,2,26,Control,55,5.44
Miami,1,3,27,Treatment,0,6.36
Miami,1,3,27,Treatment,5,5.75
Miami,1,3,27,Treatment,10,5.59
Miami,1,3,27,Treatment,15,5.22
Miami,1,3,27,Treatment,20,5.36
Miami,1,3,27,Treatment,25,5.37
Miami,1,3,27,Treatment,30,5.32
Miami,1,3,27,Treatment,35,5.31
Miami,1,3,27,Treatment,40,5.42
Miami,1,3,27,Treatment,45,5.42
Miami,1,3,27,Treatment,50,5.96
Miami,1,3,27,Treatment,55,5.39
Miami,1,4,28,Control,0,5.35
Miami,1,4,28,Control,5,5.55
Miami,1,4,28,Control,10,5.47
Miami,1,4,28,Control,15,5.71
Miami,1,4,28,Control,20,5.8
Miami,1,4,28,Control,25,6.15
Miami,1,4,28,Control,30,6.37
Miami,1,4,28,Control,35,5.65
Miami,1,4,28,Control,40,5.96
Miami,1,4,28,Control,45,5.76
Miami,1,4,28,Control,50,6.03
Miami,1,4,28,Control,55,6.37
Miami,1,5,29,Control,0,6.09
Miami,1,5,29,Control,5,6.46
Miami,1,5,29,Control,10,6.21
Miami,1,5,29,Control,15,5.91
Miami,1,5,29,Control,20,6.14
Miami,1,5,29,Control,25,5.89
Miami,1,5,29,Control,30,6.21
Miami,1,5,29,Control,35,6.23
Miami,1,5,29,Control,40,5.76
Miami,1,5,29,Control,45,6.14
Miami,1,5,29,Control,50,6.07
Miami,1,5,29,Control,55,6.24
Miami,1,6,30,Treatment,0,6.22
Miami,1,6,30,Treatment,5,5.82
Miami,1,6,30,Treatment,10,5.93
Miami,1,6,30,Treatment,15,5.27
Miami,1,6,30,Treatment,20,5.16
Miami,1,6,30,Treatment,25,4.69
Miami,1,6,30,Treatment,30,5.47
Miami,1,6,30,Treatment,35,5.28
Miami,1,6,30,Treatment,40,5.59
Miami,1,6,30,Treatment,45,5.0
Miami,1,6,30,Treatment,50,5.33
Miami,1,6,30,Treatment,55,5.61
Miami,1,7,31,Control,0,5.59
Miami,1,7,31,Control,5,5.55
Miami,1,7,31,Control,10,5.89
Miami,1,7,31,Control,15,6.25
Miami,1,7,31,Control,20,6.34
Miami,1,7,31,Control,25,6.12
Miami,1,7,31,Control,30,5.9
Miami,1,7,31,Control,35,5.99
Miami,1,7,31,Control,40,6.26
Miami,1,7,31,Control,45,5.84
Miami,1,7,31,Control,50,6.06
Miami,1,7,31,Control,55,6.0
Miami,1,8,32,Control,0,5.85
Miami,1,8,32,Control,5,5.64
Miami,1,8,32,Control,10,6.23
Miami,1,8,32,Control,15,6.34
Miami,1,8,32,Control,20,5.65
Miami,1,8,32,Control,25,6.19
Miami,1,8,32,Control,30,6.37
Miami,1,8,32,Control,35,6.25
Miami,1,8,32,Control,40,6.0
Miami,1,8,32,Control,45,5.86
Miami,1,8,32,Control,50,6.12
Miami,1,8,32,Control,55,6.16
Miami,1,9,33,Control,0,6.05
Miami,1,9,33,Control,5,5.83
Miami,1,9,33,Control,10,6.21
Miami,1,9,33,Control,15,6.22
Miami,1,9,33,Control,20,6.15
Miami,1,9,33,Control,25,6.13
Miami,1,9,33,Control,30,6.52
Miami,1,9,33,Control,35,5.94
Miami,1,9,33,Control,40,6.42
Miami,1,9,33,Control,45,5.92
Miami,1,9,33,Control,50,6.38
Miami,1,9,33,Control,55,6.41
Miami,1,10,34,Treatment,0,6.52
Miami,1,10,34,Treatment,5,6.01
Miami,1,10,34,Treatment,10,5.47
Miami,1,10,34,Treatment,15,5.4
Miami,1,10,34,Treatment,20,5.77
Miami,1,10,34,Treatment,25,5.72
Miami,1,10,34,Treatment,30,5.23
Miami,1,10,34,Treatment,35,5.46
Miami,1,10,34,Treatment,40,5.54
Miami,1,10,34,Treatment,45,5.36
Miami,1,10,34,Treatment,50,6.08
Miami,1,10,34,Treatment,55,5.55
Miami,1,11,35,Control,0,5.79
Miami,1,11,35,Control,5,5.6
Miami,1,11,35,Control,10,6.15
Miami,1,11,35,Control,15,5.68
Miami,1,11,35,Control,20,5.99
Miami,1,11,35,Control,25,6.36
Miami,1,11,35,Control,30,6.49
Miami,1,11,35,Control,35,5.91
Miami,1,11,35,Control,40,5.88
Miami,1,11,35,Control,45,6.24
Miami,1,11,35,Control,50,5.94
Miami,1,11,35,Control,55,6.03
Miami,1,12,36,Treatment,0,5.96
Miami,1,12,36,Treatment,5,5.41
Miami,1,12,36,Treatment,10,5.37
Miami,1,12,36,Treatment,15,5.49
Miami,1,12,36,Treatment,20,5.02
Miami,1,12,36,Treatment,25,5.42
Miami,1,12,36,Treatment,30,5.14
Miami,1,12,36,Treatment,35,5.9
Miami,1,12,36,Treatment,40,6.03
Miami,1,12,36,Treatment,45,5.23
Miami,1,12,36,Treatment,50,5.55
Miami,1,12,36,Treatment,55,5.25
Miami,1,13,37,Control,0,5.94
Miami,1,13,37,Control,5,5.58
Miami,1,13,37,Control,10,5.83
Miami,1,13,37,Control,15,5.86
Miami,1,13,37,Control,20,6.39
Miami,1,13,37,Control,25,5.28
Miami,1,13,37,Control,30,5.99
Miami,1,13,37,Control,35,6.09
Miami,1,13,37,Control,40,5.93
Miami,1,13,37,Control,45,6.32
Miami,1,13,37,Control,50,6.4
Miami,1,13,37,Control,55,5.75
Miami,1,14,38,Treatment,0,5.74
Miami,1,14,38,Treatment,5,6.22
Miami,1,14,38,Treatment,10,5.73
Miami,1,14,38,Treatment,15,5.36
Miami,1,14,38,Treatment,20,5.39
Miami,1,14,38,Treatment,25,5.48
Miami,1,14,38,Treatment,30,5.54
Miami,1,14,38,Treatment,35,5.26
Miami,1,14,38,Treatment,40,5.43
Miami,1,14,38,Treatment,45,5.3
Miami,1,14,38,Treatment,50,5.19
Miami,1,14,38,Treatment,55,5.29
Miami,1,15,39,Control,0,5.38
Miami,1,15,39,Control,5,5.8
Miami,1,15,39,Control,10,5.93
Miami,1,15,39,Control,15,6.59
Miami,1,15,39,Control,20,5.55
Miami,1,15,39,Control,25,6.22
Miami,1,15,39,Control,30,6.1
Miami,1,15,39,Control,35,6.3
Miami,1,15,39,Control,40,6.28
Miami,1,15,39,Control,45,6.06
Miami,1,15,39,Control,50,6.14
Miami,1,15,39,Control,55,5.91
Miami,1,16,40,Treatment,0,5.63
Miami,1,16,40,Treatment,5,6.09
Miami,1,16,40,Treatment,10,5.69
Miami,1,16,40,Treatment,15,5.37
Miami,1,16,40,Treatment,20,5.43
Miami,1,16,40,Treatment,25,5.45
Miami,1,16,40,Treatment,30,5.81
Miami,1,16,40,Treatment,35,6.3
Miami,1,16,40,Treatment,40,5.79
Miami,1,16,40,Treatment,45,5.35
Miami,1,16,40,Treatment,50,5.65
Miami,1,16,40,Treatment,55,5.66
Miami,1,17,41,Control,0,5.17
Miami,1,17,41,Control,5,5.68
Miami,1,17,41,Control,10,6.1
Miami,1,17,41,Control,15,5.7
Miami,1,17,41,Control,20,5.92
Miami,1,17,41,Control,25,6.24
Miami,1,17,41,Control,30,6.11
Miami,1,17,41,Control,35,6.45
Miami,1,17,41,Control,40,5.75
Miami,1,17,41,Control,45,6.69
Miami,1,17,41,Control,50,5.72
Miami,1,17,41,Control,55,5.59
Miami,1,18,42,Control,0,5.82
Miami,1,18,42,Control,5,6.09
Miami,1,18,42,Control,10,6.08
Miami,1,18,42,Control,15,6.05
Miami,1,18,42,Control,20,5.89
Miami,1,18,42,Control,25,6.21
Miami,1,18,42,Control,30,6.02
Miami,1,18,42,Control,35,6.38
Miami,1,18,42,Control,40,6.05
Miami,1,18,42,Control,45,5.86
Miami,1,18,42,Control,50,5.68
Miami,1,18,42,Control,55,6.06
Miami,1,19,43,Treatment,0,5.76
Miami,1,19,43,Treatment,5,6.03
Miami,1,19,43,Treatment,10,5.25
Miami,1,19,43,Treatment,15,5.84
Miami,1,19,43,Treatment,20,5.53
Miami,1,19,43,Treatment,25,5.48
Miami,1,19,43,Treatment,30,5.23
Miami,1,19,43,Treatment,35,5.68
Miami,1,19,43,Treatment,40,5.49
Miami,1,19,43,Treatment,45,5.32
Miami,1,19,43,Treatment,50,5.54
Miami,1,19,43,Treatment,55,5.07
Miami,1,20,44,Treatment,0,5.21
Miami,1,20,44,Treatment,5,5.58
Miami,1,20,44,Treatment,10,5.49
Miami,1,20,44,Treatment,15,5.75
Miami,1,20,44,Treatment,20,5.26
Miami,1,20,44,Treatment,25,5.63
Miami,1,20,44,Treatment,30,5.46
Miami,1,20,44,Treatment,35,5.25
Miami,1,20,44,Treatment,40,5.59
Miami,1,20,44,Treatment,45,5.47
Miami,1,20,44,Treatment,50,5.33
Miami,1,20,44,Treatment,55,5.5
Miami,1,21,45,Treatment,0,5.45
Miami,1,21,45,Treatment,5,5.39
Miami,1,21,45,Treatment,10,5.16
Miami,1,21,45,Treatment,15,5.51
Miami,1,21,45,Treatment,20,5.29
Miami,1,21,45,Treatment,25,5.23
Miami,1,21,45,Treatment,30,5.43
Miami,1,21,45,Treatment,35,5.67
Miami,1,21,45,Treatment,40,5.54
Miami,1,21,45,Treatment,45,5.36
Miami,1,21,45,Treatment,50,5.35
Miami,1,21,45,Treatment,55,5.65
Miami,1,22,46,Treatment,0,5.69
Miami,1,22,46,Treatment,5,5.02
Miami,1,22,46,Treatment,10,5.14
Miami,1,22,46,Treatment,15,5.36
Miami,1,22,46,Treatment,20,6.03
Miami,1,22,46,Treatment,25,5.91
Miami,1,22,46,Treatment,30,5.67
Miami,1,22,46,Treatment,35,5.58
Miami,1,22,46,Treatment,40,5.02
Miami,1,22,46,Treatment,45,5.53
Miami,1,22,46,Treatment,50,5.35
Miami,1,22,46,Treatment,55,5.29
Miami,1,23,47,Control,0,5.37
Miami,1,23,47,Control,5,5.91
Miami,1,23,47,Control,10,5.41
Miami,1,23,47,Control,15,6.12
Miami,1,23,47,Control,20,5.88
Miami,1,23,47,Control,25,6.0
Miami,1,23,47,Control,30,6.18
Miami,1,23,47,Control,35,5.82
Miami,1,23,47,Control,40,6.14
Miami,1,23,47,Control,45,6.05
Miami,1,23,47,Control,50,5.93
Miami,1,23,47,Control,55,5.98
Miami,2,0,48,Treatment,0,5.91
Miami,2,0,48,Treatment,5,5.9
Miami,2,0,48,Treatment,10,5.62
Miami,2,0,48,Treatment,15,5.34
Miami,2,0,48,Treatment,20,5.89
Miami,2,0,48,Treatment,25,5.59
Miami,2,0,48,Treatment,30,5.39
Miami,2,0,48,Treatment,35,5.53
Miami,2,0,48,Treatment,40,5.23
Miami,2,0,48,Treatment,45,5.38
Miami,2,0,48,Treatment,50,5.41
Miami,2,0,48,Treatment,55,5.18
Miami,2,1,49,Treatment,0,5.36
Miami,2,1,49,Treatment,5,5.4
Miami,2,1,49,Treatment,10,5.35
Miami,2,1,49,Treatment,15,6.23
Miami,2,1,49,Treatment,20,5.32
Miami,2,1,49,Treatment,25,4.97
Miami,2,1,49,Treatment,30,5.09
Miami,2,1,49,Treatment,35,5.68
Miami,2,1,49,Treatment,40,5.82
Miami,2,1,49,Treatment,45,5.32
Miami,2,1,49,Treatment,50,5.81
Miami,2,1,49,Treatment,55,5.68
Miami,2,2,50,Control,0,5.42
Miami,2,2,50,Control,5,5.74
Miami,2,2,50,Control,10,6.12
Miami,2,2,50,Control,15,6.2
Miami,2,2,50,Control,20,5.93
Miami,2,2,50,Control,25,6.06
Miami,2,2,50,Control,30,6.6
Miami,2,2,50,Control,35,6.16
Miami,2,2,50,Control,40,6.32
Miami,2,2,50,Control,45,6.23
Miami,2,2,50,Control,50,6.17
Miami,2,2,50,Control,55,6.13
Miami,2,3,51,Treatment,0,6.28
Miami,2,3,51,Treatment,5,5.96
Miami,2,3,51,Treatment,10,5.52
Miami,2,3,51,Treatment,15,5.59
Miami,2,3,51,Treatment,20,5.47
Miami,2,3,51,Treatment,25,5.41
Miami,2,3,51,Treatment,30,6.16
Miami,2,3,51,Treatment,35,5.11
Miami,2,3,51,Treatment,40,5.73
Miami,2,3,51,Treatment,45,5.27
Miami,2,3,51,Treatment,50,5.52
Miami,2,3,51,Treatment,55,6.13
Miami,2,4,52,Treatment,0,5.31
Miami,2,4,52,Treatment,5,5.49
Miami,2,4,52,Treatment,10,5.28
Miami,2,4,52,Treatment,15,5.71
Miami,2,4,52,Treatment,20,5.36
Miami,2,4,52,Treatment,25,5.65
Miami,2,4,52,Treatment,30,5.16
Miami,2,4,52,Treatment,35,5.04
Miami,2,4,52,Treatment,40,5.43
Miami,2,4,52,Treatment,45,5.1
Miami,2,4,52,Treatment,50,5.87
Miami,2,4,52,Treatment,55,5.11
Miami,2,5,53,Control,0,5.59
Miami,2,5,53,Control,5,5.55
Miami,2,5,53,Control,10,5.52
Miami,2,5,53,Control,15,6.61
Miami,2,5,53,Control,20,5.85
Miami,2,5,53,Control,25,6.05
Miami,2,5,53,Control,30,6.05
Miami,2,5,53,Control,35,6.28
Miami,2,5,53,Control,40,6.22
Miami,2,5,53,Control,45,5.89
Miami,2,5,53,Control,50,6.02
Miami,2,5,53,Control,55,6.04
Miami,2,6,54,Treatment,0,5.81
Miami,2,6,54,Treatment,5,6.4
Miami,2,6,54,Treatment,10,5.5
Miami,2,6,54,Treatment,15,5.49
Miami,2,6,54,Treatment,20,5.2
Miami,2,6,54,Treatment,25,5.17
Miami,2,6,54,Treatment,30,5.27
Miami,2,6,54,Treatment,35,5.25
Miami,2,6,54,Treatment,40,5.39
Miami,2,6,54,Treatment,45,5.25
Miami,2,6,54,Treatment,50,5.66
Miami,2,6,54,Treatment,55,5.29
Miami,2,7,55,Control,0,5.39
Miami,2,7,55,Control,5,5.94
Miami,2,7,55,Control,10,5.95
Miami,2,7,55,Control,15,6.08
Miami,2,7,55,Control,20,5.74
Miami,2,7,55,Control,25,5.81
Miami,2,7,55,Control,30,5.78
Miami,2,7,55,Control,35,6.43
Miami,2,7,55,Control,40,6.23
Miami,2,7,55,Control,45,5.88
Miami,2,7,55,Control,50,5.96
Miami,2,7,55,Control,55,5.89
Miami,2,8,56,Control,0,6.22
Miami,2,8,56,Control,5,6.03
Miami,2,8,56,Control,10,6.62
Miami,2,8,56,Control,15,6.41
Miami,2,8,56,Control,20,6.43
Miami,2,8,56,Control,25,6.27
Miami,2,8,56,Control,30,5.99
Miami,2,8,56,Control,35,6.25
Miami,2,8,56,Control,40,6.01
Miami,2,8,56,Control,45,6.51
Miami,2,8,56,Control,50,6.2
Miami,2,8,56,Control,55,6.17
Miami,2,9,57,Treatment,0,6.54
Miami,2,9,57,Treatment,5,5.54
Miami,2,9,57,Treatment,10,6.15
Miami,2,9,57,Treatment,15,5.44
Miami,2,9,57,Treatment,20,5.14
Miami,2,9,57,Treatment,25,5.3
Miami,2,9,57,Treatment,30,5.08
Miami,2,9,57,Treatment,35,5.65
Miami,2,9,57,Treatment,40,5.23
Miami,2,9,57,Treatment,45,5.53
Miami,2,9,57,Treatment,50,5.77
Miami,2,9,57,Treatment,55,5.32
Miami,2,10,58,Treatment,0,5.16
Miami,2,10,58,Treatment,5,5.39
Miami,2,10,58,Treatment,10,6.13
Miami,2,10,58,Treatment,15,5.68
Miami,2,10,58,Treatment,20,5.42
Miami,2,10,58,Treatment,25,5.34
Miami,2,10,58,Treatment,30,5.48
Miami,2,10,58,Treatment,35,5.52
Miami,2,10,58,Treatment,40,5.39
Miami,2,10,58,Treatment,45,5.62
Miami,2,10,58,Treatment,50,5.25
Miami,2,10,58,Treatment,55,5.25
Miami,2,11,59,Treatment,0,5.2
Miami,2,11,59,Treatment,5,5.67
Miami,2,11,59,Treatment,10,5.49
Miami,2,11,59,Treatment,15,5.03
Miami,2,11,59,Treatment,20,5.52
Miami,2,11,59,Treatment,25,5.07
Miami,2,11,59,Treatment,30,5.66
Miami,2,11,59,Treatment,35,5.43
Miami,2,11,59,Treatment,40,5.95
Miami,2,11,59,Treatment,45,5.76
Miami,2,11,59,Treatment,50,5.22
Miami,2,11,59,Treatment,55,4.98
Miami,2,12,60,Control,0,5.18
Miami,2,12,60,Control,5,6.15
Miami,2,12,60,Control,10,5.89
Miami,2,12,60,Control,15,6.33
Miami,2,12,60,Control,20,6.03
Miami,2,12,60,Control,25,6.06
Miami,2,12,60,Control,30,6.09
Miami,2,12,60,Control,35,6.38
Miami,2,12,60,Control,40,6.18
Miami,2,12,60,Control,45,5.84
Miami,2,12,60,Control,50,6.51
Miami,2,12,60,Control,55,6.03
Miami,2,13,61,Treatment,0,5.39
Miami,2,13,61,Treatment,5,6.06
Miami,2,13,61,Treatment,10,5.72
Miami,2,13,61,Treatment,15,5.51
Miami,2,13,61,Treatment,20,5.39
Miami,2,13,61,Treatment,25,5.35
Miami,2,13,61,Treatment,30,5.4
Miami,2,13,61,Treatment,35,5.61
Miami,2,13,61,Treatment,40,5.65
Miami,2,13,61,Treatment,45,5.43
Miami,2,13,61,Treatment,50,5.73
Miami,2,13,61,Treatment,55,5.47
Miami,2,14,62,Control,0,5.54
Miami,2,14,62,Control,5,5.35
Miami,2,14,62,Control,10,5.95
Miami,2,14,62,Control,15,5.71
Miami,2,14,62,Control,20,5.84
Miami,2,14,62,Control,25,5.6
Miami,2,14,62,Control,30,6.06
Miami,2,14,62,Control,35,6.5
Miami,2,14,62,Control,40,6.07
Miami,2,14,62,Control,45,6.26
Miami,2,14,62,Control,50,6.69
Miami,2,14,62,Control,55,6.2
Miami,2,15,63,Treatment,0,5.94
Miami,2,15,63,Treatment,5,5.9
Miami,2,15,63,Treatment,10,5.54
Miami,2,15,63,Treatment,15,5.35
Miami,2,15,63,Treatment,20,5.74
Miami,2,15,63,Treatment,25,5.75
Miami,2,15,63,Treatment,30,5.08
Miami,2,15,63,Treatment,35,5.29
Miami,2,15,63,Treatment,40,5.37
Miami,2,15,63,Treatment,45,5.64
Miami,2,15,63,Treatment,50,5.78
Miami,2,15,63,Treatment,55,6.17
Miami,2,16,64,Control,0,5.39
Miami,2,16,64,Control,5,5.84
Miami,2,16,64,Control,10,5.73
Miami,2,16,64,Control,15,6.06
Miami,2,16,64,Control,20,6.0
Miami,2,16,64,Control,25,5.44
Miami,2,16,64,Control,30,6.13
Miami,2,16,64,Control,35,6.05
Miami,2,16,64,Control,40,6.42
Miami,2,16,64,Control,45,6.1
Miami,2,16,64,Control,50,5.79
Miami,2,16,64,Control,55,6.04
Miami,2,17,65,Treatment,0,5.8
Miami,2,17,65,Treatment,5,6.06
Miami,2,17,65,Treatment,10,5.63
Miami,2,17,65,Treatment,15,5.72
Miami,2,17,65,Treatment,20,5.0
Miami,2,17,65,Treatment,25,5.43
Miami,2,17,65,Treatment,30,5.37
Miami,2,17,65,Treatment,35,5.73
Miami,2,17,65,Treatment,40,5.66
Miami,2,17,65,Treatment,45,5.65
Miami,2,17,65,Treatment,50,5.88
Miami,2,17,65,Treatment,55,5.4
Miami,2,18,66,Control,0,5.23
Miami,2,18,66,Control,5,5.42
Miami,2,18,66,Control,10,6.08
Miami,2,18,66,Control,15,5.72
Miami,2,18,66,Control,20,6.24
Miami,2,18,66,Control,25,6.13
Miami,2,18,66,Control,30,6.37
Miami,2,18,66,Control,35,6.09
Miami,2,18,66,Control,40,6.11
Miami,2,18,66,Control,45,6.23
Miami,2,18,66,Control,50,5.93
Miami,2,18,66,Control,55,5.92
Miami,2,19,67,Treatment,0,6.09
Miami,2,19,67,Treatment,5,5.79
Miami,2,19,67,Treatment,10,5.67
Miami,2,19,67,Treatment,15,5.89
Miami,2,19,67,Treatment,20,5.38
Miami,2,19,67,Treatment,25,5.37
Miami,2,19,67,Treatment,30,5.06
Miami,2,19,67,Treatment,35,5.48
Miami,2,19,67,Treatment,40,5.65
Miami,2,19,67,Treatment,45,5.7
Miami,2,19,67,Treatment,50,5.52
Miami,2,19,67,Treatment,55,5.73
Miami,2,20,68,Treatment,0,5.77
Miami,2,20,68,Treatment,5,5.74
Miami,2,20,68,Treatment,10,5.88
Miami,2,20,68,Treatment,15,5.45
Miami,2,20,68,Treatment,20,5.16
Miami,2,20,68,Treatment,25,5.66
Miami,2,20,68,Treatment,30,5.69
Miami,2,20,68,Treatment,35,5.88
Miami,2,20,68,Treatment,40,5.81
Miami,2,20,68,Treatment,45,5.98
Miami,2,20,68,Treatment,50,5.64
Miami,2,20,68,Treatment,55,5.55
Miami,2,21,69,Treatment,0,5.57
Miami,2,21,69,Treatment,5,5.35
Miami,2,21,69,Treatment,10,5.54
Miami,2,21,69,Treatment,15,5.5
Miami,2,21,69,Treatment,20,5.61
Miami,2,21,69,Treatment,25,5.47
Miami,2,21,69,Treatment,30,5.72
Miami,2,21,69,Treatment,35,4.81
Miami,2,21,69,Treatment,40,5.54
Miami,2,21,69,Treatment,45,5.79
Miami,2,21,69,Treatment,50,5.96
Miami,2,21,69,Treatment,55,5.67
Miami,2,22,70,Control,0,5.53
Miami,2,22,70,Control,5,5.69
Miami,2,22,70,Control,10,6.03
Miami,2,22,70,Control,15,6.1
Miami,2,22,70,Control,20,5.9
Miami,2,22,70,Control,25,5.97
Miami,2,22,70,Control,30,5.82
Miami,2,22,70,Control,35,6.23
Miami,2,22,70,Control,40,6.1
Miami,2,22,70,Control,45,6.01
Miami,2,22,70,Control,50,5.96
Miami,2,22,70,Control,55,6.23
Miami,2,23,71,Control,0,5.82
Miami,2,23,71,Control,5,5.78
Miami,2,23,71,Control,10,6.34
Miami,2,23,71,Control,15,5.76
Miami,2,23,71,Control,20,6.24
Miami,2,23,71,Control,25,6.5
Miami,2,23,71,Control,30,6.5
Miami,2,23,71,Control,35,6.28
Miami,2,23,71,Control,40,6.28
Miami,2,23,71,Control,45,6.66
Miami,2,23,71,Control,50,5.52
Miami,2,23,71,Control,55,5.98
Miami,3,0,72,Treatment,0,6.02
Miami,3,0,72,Treatment,5,6.21
Miami,3,0,72,Treatment,10,5.68
Miami,3,0,72,Treatment,15,5.52
Miami,3,0,72,Treatment,20,5.42
Miami,3,0,72,Treatment,25,5.36
Miami,3,0,72,Treatment,30,5.35
Miami,3,0,72,Treatment,35,5.56
Miami,3,0,72,Treatment,40,5.3
Miami,3,0,72,Treatment,45,5.73
Miami,3,0,72,Treatment,50,5.65
Miami,3,0,72,Treatment,55,5.76
Miami,3,1,73,Treatment,0,5.07
Miami,3,1,73,Treatment,5,5.49
Miami,3,1,73,Treatment,10,6.21
Miami,3,1,73,Treatment,15,5.81
Miami,3,1,73,Treatment,20,5.35
Miami,3,1,73,Treatment,25,5.6
Miami,3,1,73,Treatment,30,5.67
Miami,3,1,73,Treatment,35,5.15
Miami,3,1,73,Treatment,40,5.83
Miami,3,1,73,Treatment,45,5.45
Miami,3,1,73,Treatment,50,5.47
Miami,3,1,73,Treatment,55,5.5
Miami,3,2,74,Treatment,0,5.3
Miami,3,2,74,Treatment,5,5.06
Miami,3,2,74,Treatment,10,5.57
Miami,3,2,74,Treatment,15,4.98
Miami,3,2,74,Treatment,20,5.41
Miami,3,2,74,Treatment,25,5.79
Miami,3,2,74,Treatment,30,5.63
Miami,3,2,74,Treatment,35,5.75
Miami,3,2,74,Treatment,40,5.65
Miami,3,2,74,Treatment,45,6.09
Miami,3,2,74,Treatment,50,5.34
Miami,3,2,74,Treatment,55,5.59
Miami,3,3,75,Treatment,0,5.73
Miami,3,3,75,Treatment,5,5.47
Miami,3,3,75,Treatment,10,5.92
Miami,3,3,75,Treatment,15,5.36
Miami,3,3,75,Treatment,20,5.84
Miami,3,3,75,Treatment,25,5.64
Miami,3,3,75,Treatment,30,5.48
Miami,3,3,75,Treatment,35,5.63
Miami,3,3,75,Treatment,40,5.56
Miami,3,3,75,Treatment,45,5.58
Miami,3,3,75,Treatment,50,5.44
Miami,3,3,75,Treatment,55,5.31
Miami,3,4,76,Control,0,5.07
Miami,3,4,76,Control,5,5.9
Miami,3,4,76,Control,10,5.59
Miami,3,4,76,Control,15,6.05
Miami,3,4,76,Control,20,6.26
Miami,3,4,76,Control,25,6.31
Miami,3,4,76,Control,30,5.66
Miami,3,4,76,Control,35,6.08
Miami,3,4,76,Control,40,6.21
Miami,3,4,76,Control,45,6.11
Miami,3,4,76,Control,50,6.44
Miami,3,4,76,Control,55,5.89
Miami,3,5,77,Treatment,0,6.3
Miami,3,5,77,Treatment,5,5.76
Miami,3,5,77,Treatment,10,5.25
Miami,3,5,77,Treatment,15,5.45
Miami,3,5,77,Treatment,20,5.8
Miami,3,5,77,Treatment,25,5.17
Miami,3,5,77,Treatment,30,6.07
Miami,3,5,77,Treatment,35,5.28
Miami,3,5,77,Treatment,40,5.51
Miami,3,5,77,Treatment,45,5.19
Miami,3,5,77,Treatment,50,5.5
Miami,3,5,77,Treatment,55,5.46
Miami,3,6,78,Treatment,0,6.2
Miami,3,6,78,Treatment,5,5.37
Miami,3,6,78,Treatment,10,5.37
Miami,3,6,78,Treatment,15,5.73
Miami,3,6,78,Treatment,20,5.94
Miami,3,6,78,Treatment,25,5.77
Miami,3,6,78,Treatment,30,5.19
Miami,3,6,78,Treatment,35,5.54
Miami,3,6,78,Treatment,40,5.02
Miami,3,6,78,Treatment,45,5.72
Miami,3,6,78,Treatment,50,5.08
Miami,3,6,78,Treatment,55,5.29
Miami,3,7,79,Treatment,0,5.6
Miami,3,7,79,Treatment,5,5.42
Miami,3,7,79,Treatment,10,5.87
Miami,3,7,79,Treatment,15,5.67
Miami,3,7,79,Treatment,20,5.65
Miami,3,7,79,Treatment,25,5.18
Miami,3,7,79,Treatment,30,5.91
Miami,3,7,79,Treatment,35,5.29
Miami,3,7,79,Treatment,40,5.92
Miami,3,7,79,Treatment,45,6.0
Miami,3,7,79,Treatment,50,5.62
Miami,3,7,79,Treatment,55,5.75
Miami,3,8,80,Treatment,0,5.44
Miami,3,8,80,Treatment,5,5.77
Miami,3,8,80,Treatment,10,5.72
Miami,3,8,80,Treatment,15,5.19
Miami,3,8,80,Treatment,20,5.42
Miami,3,8,80,Treatment,25,4.86
Miami,3,8,80,Treatment,30,5.59
Miami,3,8,80,Treatment,35,5.02
Miami,3,8,80,Treatment,40,5.77
Miami,3,8,80,Treatment,45,5.79
Miami,3,8,80,Treatment,50,5.37
Miami,3,8,80,Treatment,55,5.62
Miami,3,9,81,Treatment,0,5.55
Miami,3,9,81,Treatment,5,5.2
Miami,3,9,81,Treatment,10,5.65
Miami,3,9,81,Treatment,15,5.08
Miami,3,9,81,Treatment,20,5.03
Miami,3,9,81,Treatment,25,5.46
Miami,3,9,81,Treatment,30,5.44
Miami,3,9,81,Treatment,35,5.56
Miami,3,9,81,Treatment,40,5.33
Miami,3,9,81,Treatment,45,5.96
Miami,3,9,81,Treatment,50,5.53
Miami,3,9,81,Treatment,55,5.55
Miami,3,10,82,Treatment,0,5.74
Miami,3,10,82,Treatment,5,5.63
Miami,3,10,82,Treatment,10,5.6
Miami,3,10,82,Treatment,15,5.67
Miami,3,10,82,Treatment,20,5.03
Miami,3,10,82,Treatment,25,5.04
Miami,3,10,82,Treatment,30,5.47
Miami,3,10,82,Treatment,35,5.44
Miami,3,10,82,Treatment,40,5.63
Miami,3,10,82,Treatment,45,5.5
Miami,3,10,82,Treatment,50,5.64
Miami,3,10,82,Treatment,55,5.18
Miami,3,11,83,Control,0,5.15
Miami,3,11,83,Control,5,5.79
Miami,3,11,83,Control,10,5.43
Miami,3,11,83,Control,15,6.19
Miami,3,11,83,Control,20,5.73
Miami,3,11,83,Control,25,6.0
Miami,3,11,83,Control,30,6.32
Miami,3,11,83,Control,35,6.16
Miami,3,11,83,Control,40,5.69
Miami,3,11,83,Control,45,5.93
Miami,3,11,83,Control,50,5.72
Miami,3,11,83,Control,55,5.68
Miami,3,12,84,Control,0,6.24
Miami,3,12,84,Control,5,6.21
Miami,3,12,84,Control,10,6.25
Miami,3,12,84,Control,15,6.1
Miami,3,12,84,Control,20,6.03
Miami,3,12,84,Control,25,5.83
Miami,3,12,84,Control,30,5.99
Miami,3,12,84,Control,35,5.77
Miami,3,12,84,Control,40,5.89
Miami,3,12,84,Control,45,6.12
Miami,3,12,84,Control,50,6.07
Miami,3,12,84,Control,55,6.87
Miami,3,13,85,Control,0,6.07
Miami,3,13,85,Control,5,5.74
Miami,3,13,85,Control,10,6.0
Miami,3,13,85,Control,15,6.01
Miami,3,13,85,Control,20,6.31
Miami,3,13,85,Control,25,5.99
Miami,3,13,85,Control,30,6.05
Miami,3,13,85,Control,35,5.99
Miami,3,13,85,Control,40,5.75
Miami,3,13,85,Control,45,5.94
Miami,3,13,85,Control,50,6.0
Miami,3,13,85,Control,55,6.12
Miami,3,14,86,Treatment,0,6.04
Miami,3,14,86,Treatment,5,5.83
Miami,3,14,86,Treatment,10,5.26
Miami,3,14,86,Treatment,15,5.62
Miami,3,14,86,Treatment,20,5.32
Miami,3,14,86,Treatment,25,5.68
Miami,3,14,86,Treatment,30,5.82
Miami,3,14,86,Treatment,35,5.44
Miami,3,14,86,Treatment,40,5.23
Miami,3,14,86,Treatment,45,5.49
Miami,3,14,86,Treatment,50,5.58
Miami,3,14,86,Treatment,55,5.41
Miami,3,15,87,Control,0,5.63
Miami,3,15,87,Control,5,5.82
Miami,3,15,87,Control,10,5.81
Miami,3,15,87,Control,15,5.69
Miami,3,15,87,Control,20,6.21
Miami,3,15,87,Control,25,5.91
Miami,3,15,87,Control,30,6.15
Miami,3,15,87,Control,35,6.14
Miami,3,15,87,Control,40,5.63
Miami,3,15,87,Control,45,6.12
Miami,3,15,87,Control,50,6.23
Miami,3,15,87,Control,55,6.26
Miami,3,16,88,Treatment,0,5.61
Miami,3,16,88,Treatment,5,6.22
Miami,3,16,88,Treatment,10,5.8
Miami,3,16,88,Treatment,15,5.19
Miami,3,16,88,Treatment,20,5.29
Miami,3,16,88,Treatment,25,5.55
Miami,3,16,88,Treatment,30,5.66
Miami,3,16,88,Treatment,35,5.37
Miami,3,16,88,Treatment,40,5.7
Miami,3,16,88,Treatment,45,5.04
Miami,3,16,88,Treatment,50,5.23
Miami,3,16,88,Treatment,55,4.97
Miami,3,17,89,Treatment,0,5.87
Miami,3,17,89,Treatment,5,6.0
Miami,3,17,89,Treatment,10,5.55
Miami,3,17,89,Treatment,15,5.33
Miami,3,17,89,Treatment,20,5.43
Miami,3,17,89,Treatment,25,5.61
Miami,3,17,89,Treatment,30,5.1
Miami,3,17,89,Treatment,35,5.35
Miami,3,17,89,Treatment,40,5.85
Miami,3,17,89,Treatment,45,5.23
Miami,3,17,89,Treatment,50,5.3
Miami,3,17,89,Treatment,55,5.49
Miami,3,18,90,Treatment,0,5.33
Miami,3,18,90,Treatment,5,5.51
Miami,3,18,90,Treatment,10,5.64
Miami,3,18,90,Treatment,15,5.98
Miami,3,18,90,Treatment,20,5.46
Miami,3,18,90,Treatment,25,5.48
Miami,3,18,90,Treatment,30,5.87
Miami,3,18,90,Treatment,35,5.35
Miami,3,18,90,Treatment,40,5.16
Miami,3,18,90,Treatment,45,5.55
Miami,3,18,90,Treatment,50,5.76
Miami,3,18,90,Treatment,55,5.58
Miami,3,19,91,Control,0,6.18
Miami,3,19,91,Control,5,5.33
Miami,3,19,91,Control,10,5.88
Miami,3,19,91,Control,15,6.41
Miami,3,19,91,Control,20,5.79
Miami,3,19,91,Control,25,6.04
Miami,3,19,91,Control,30,6.0
Miami,3,19,91,Control,35,5.93
Miami,3,19,91,Control,40,6.16
Miami,3,19,91,Control,45,6.21
Miami,3,19,91,Control,50,6.21
Miami,3,19,91,Control,55,5.86
Miami,3,20,92,Treatment,0,6.17
Miami,3,20,92,Treatment,5,5.77
Miami,3,20,92,Treatment,10,6.15
Miami,3,20,92,Treatment,15,5.96
Miami,3,20,92,Treatment,20,5.99
Miami,3,20,92,Treatment,25,5.25
Miami,3,20,92,Treatment,30,5.63
Miami,3,20,92,Treatment,35,5.71
Miami,3,20,92,Treatment,40,5.68
Miami,3,20,92,Treatment,45,5.4
Miami,3,20,92,Treatment,50,5.81
Miami,3,20,92,Treatment,55,5.49
Miami,3,21,93,Control,0,5.11
Miami,3,21,93,Control,5,5.85
Miami,3,21,93,Control,10,5.83
Miami,3,21,93,Control,15,6.22
Miami,3,21,93,Control,20,6.16
Miami,3,21,93,Control,25,6.15
Miami,3,21,93,Control,30,6.09
Miami,3,21,93,Control,35,6.3
Miami,3,21,93,Control,40,6.05
Miami,3,21,93,Control,45,5.74
Miami,3,21,93,Control,50,6.24
Miami,3,21,93,Control,55,5.9
Miami,3,22,94,Treatment,0,5.84
Miami,3,22,94,Treatment,5,5.97
Miami,3,22,94,Treatment,10,5.67
Miami,3,22,94,Treatment,15,4.96
Miami,3,22,94,Treatment,20,5.39
Miami,3,22,94,Treatment,25,5.78
Miami,3,22,94,Treatment,30,5.38
Miami,3,22,94,Treatment,35,5.45
Miami,3,22,94,Treatment,40,5.75
Miami,3,22,94,Treatment,45,5.69
Miami,3,22,94,Treatment,50,5.75
Miami,3,22,94,Treatment,55,4.8
Miami,3,23,95,Treatment,0,5.65
Miami,3,23,95,Treatment,5,6.11
Miami,3,23,95,Treatment,10,5.29
Miami,3,23,95,Treatment,15,5.05
Miami,3,23,95,Treatment,20,5.49
Miami,3,23,95,Treatment,25,5.42
Miami,3,23,95,Treatment,30,5.65
Miami,3,23,95,Treatment,35,5.76
Miami,3,23,95,Treatment,40,5.47
Miami,3,23,95,Treatment,45,5.43
Miami,3,23,95,Treatment,50,5.62
Miami,3,23,95,Treatment,55,5.43
Miami,4,0,96,Treatment,0,5.75
Miami,4,0,96,Treatment,5,5.8
Miami,4,0,96,Treatment,10,5.76
Miami,4,0,96,Treatment,15,5.45
Miami,4,0,96,Treatment,20,4.96
Miami,4,0,96,Treatment,25,5.45
Miami,4,0,96,Treatment,30,5.3
Miami,4,0,96,Treatment,35,5.46
Miami,4,0,96,Treatment,40,5.32
Miami,4,0,96,Treatment,45,5.48
Miami,4,0,96,Treatment,50,5.23
Miami,4,0,96,Treatment,55,5.17
Miami,4,1,97,Control,0,5.25
Miami,4,1,97,Control,5,5.69
Miami,4,1,97,Control,10,6.14
Miami,4,1,97,Control,15,6.33
Miami,4,1,97,Control,20,6.3
Miami,4,1,97,Control,25,6.18
Miami,4,1,97,Control,30,6.28
Miami,4,1,97,Control,35,6.44
Miami,4,1,97,Control,40,6.21
Miami,4,1,97,Control,45,5.64
Miami,4,1,97,Control,50,5.97
Miami,4,1,97,Control,55,6.27
Miami,4,2,98,Treatment,0,6.51
Miami,4,2,98,Treatment,5,5.88
Miami,4,2,98,Treatment,10,5.71
Miami,4,2,98,Treatment,15,5.77
Miami,4,2,98,Treatment,20,5.44
Miami,4,2,98,Treatment,25,5.53
Miami,4,2,98,Treatment,30,5.71
Miami,4,2,98,Treatment,35,5.12
Miami,4,2,98,Treatment,40,5.42
Miami,4,2,98,Treatment,45,5.7
Miami,4,2,98,Treatment,50,5.51
Miami,4,2,98,Treatment,55,5.86
Miami,4,3,99,Treatment,0,5.07
Miami,4,3,99,Treatment,5,5.68
Miami,4,3,99,Treatment,10,5.71
Miami,4,3,99,Treatment,15,5.44
Miami,4,3,99,Treatment,20,5.59
Miami,4,3,99,Treatment,25,5.68
Miami,4,3,99,Treatment,30,5.29
Miami,4,3,99,Treatment,35,5.31
Miami,4,3,99,Treatment,40,5.54
Miami,4,3,99,Treatment,45,5.72
Miami,4,3,99,Treatment,50,5.2
Miami,4,3,99,Treatment,55,5.44
Miami,4,4,100,Control,0,5.59
Miami,4,4,100,Control,5,5.69
Miami,4,4,100,Control,10,5.76
Miami,4,4,100,Control,15,6.41
Miami,4,4,100,Control,20,5.97
Miami,4,4,100,Control,25,6.03
Miami,4,4,100,Control,30,5.7
Miami,4,4,100,Control,35,5.92
Miami,4,4,100,Control,40,6.23
Miami,4,4,100,Control,45,6.18
Miami,4,4,100,Control,50,6.25
Miami,4,4,100,Control,55,6.24
Miami,4,5,101,Treatment,0,5.91
Miami,4,5,101,Treatment,5,5.49
Miami,4,5,101,Treatment,10,5.43
Miami,4,5,101,Treatment,15,5.31
Miami,4,5,101,Treatment,20,5.25
Miami,4,5,101,Treatment,25,5.51
Miami,4,5,101,Treatment,30,5.8
Miami,4,5,101,Treatment,35,5.87
Miami,4,5,101,Treatment,40,5.62
Miami,4,5,101,Treatment,45,6.03
Miami,4,5,101,Treatment,50,5.4
Miami,4,5,101,Treatment,55,5.08
Miami,4,6,102,Treatment,0,5.03
Miami,4,6,102,Treatment,5,5.3
Miami,4,6,102,Treatment,10,5.62
Miami,4,6,102,Treatment,15,5.46
Miami,4,6,102,Treatment,20,5.44
Miami,4,6,102,Treatment,25,5.19
Miami,4,6,102,Treatment,30,5.49
Miami,4,6,102,Treatment,35,5.74
Miami,4,6,102,Treatment,40,5.49
Miami,4,6,102,Treatment,45,5.28
Miami,4,6,102,Treatment,50,5.18
Miami,4,6,102,Treatment,55,5.29
Miami,4,7,103,Control,0,5.58
Miami,4,7,103,Control,5,5.49
Miami,4,7,103,Control,10,5.34
Miami,4,7,103,Control,15,6.21
Miami,4,7,103,Control,20,5.88
Miami,4,7,103,Control,25,6.27
Miami,4,7,103,Control,30,5.91
Miami,4,7,103,Control,35,5.85
Miami,4,7,103,Control,40,6.14
Miami,4,7,103,Control,45,6.69
Miami,4,7,103,Control,50,6.29
Miami,4,7,103,Control,55,6.13
Miami,4,8,104,Treatment,0,5.66
Miami,4,8,104,Treatment,5,5.62
Miami,4,8,104,Treatment,10,5.07
Miami,4,8,104,Treatment,15,5.92
Miami,4,8,104,Treatment,20,5.87
Miami,4,8,104,Treatment,25,5.59
Miami,4,8,104,Treatment,30,5.52
Miami,4,8,104,Treatment,35,5.1
Miami,4,8,104,Treatment,40,5.44
Miami,4,8,104,Treatment,45,5.94
Miami,4,8,104,Treatment,50,5.52
Miami,4,8,104,Treatment,55,5.35
Miami,4,9,105,Control,0,5.84
Miami,4,9,105,Control,5,5.68
Miami,4,9,105,Control,10,5.46
Miami,4,9,105,Control,15,5.87
Miami,4,9,105,Control,20,5.78
Miami,4,9,105,Control,25,6.07
Miami,4,9,105,Control,30,6.15
Miami,4,9,105,Control,35,5.97
Miami,4,9,105,Control,40,6.29
Miami,4,9,105,Control,45,6.12
Miami,4,9,105,Control,50,6.37
Miami,4,9,105,Control,55,6.01
Miami,4,10,106,Control,0,5.96
Miami,4,10,106,Control,5,5.87
Miami,4,10,106,Control,10,5.84
Miami,4,10,106,Control,15,6.05
Miami,4,10,106,Control,20,5.67
Miami,4,10,106,Control,25,6.17
Miami,4,10,106,Control,30,5.62
Miami,4,10,106,Control,35,6.14
Miami,4,10,106,Control,40,5.76
Miami,4,10,106,Control,45,6.0
Miami,4,10,106,Control,50,6.25
Miami,4,10,106,Control,55,6.68
Miami,4,11,107,Control,0,6.06
Miami,4,11,107,Control,5,5.92
Miami,4,11,107,Control,10,5.88
Miami,4,11,107,Control,15,5.92
Miami,4,11,107,Control,20,6.31
Miami,4,11,107,Control,25,5.98
Miami,4,11,107,Control,30,6.66
Miami,4,11,107,Control,35,6.2
Miami,4,11,107,Control,40,5.85
Miami,4,11,107,Control,45,6.01
Miami,4,11,107,Control,50,5.9
Miami,4,11,107,Control,55,6.3
Miami,4,12,108,Treatment,0,5.76
Miami,4,12,108,Treatment,5,5.75
Miami,4,12,108,Treatment,10,5.86
Miami,4,12,108,Treatment,15,5.8
Miami,4,12,108,Treatment,20,5.84
Miami,4,12,108,Treatment,25,5.62
Miami,4,12,108,Treatment,30,5.47
Miami,4,12,108,Treatment,35,5.69
Miami,4,12,108,Treatment,40,5.2
Miami,4,12,108,Treatment,45,5.03
Miami,4,12,108,Treatment,50,5.6
Miami,4,12,108,Treatment,55,5.24
Miami,4,13,109,Treatment,0,5.52
Miami,4,13,109,Treatment,5,5.55
Miami,4,13,109,Treatment,10,5.72
Miami,4,13,109,Treatment,15,5.7
Miami,4,13,109,Treatment,20,5.54
Miami,4,13,109,Treatment,25,5.38
Miami,4,13,109,Treatment,30,5.52
Miami,4,13,109,Treatment,35,5.34
Miami,4,13,109,Treatment,40,5.44
Miami,4,13,109,Treatment,45,6.14
Miami,4,13,109,Treatment,50,5.54
Miami,4,13,109,Treatment,55,5.6
Miami,4,14,110,Control,0,5.75
Miami,4,14,110,Control,5,5.88
Miami,4,14,110,Control,10,6.09
Miami,4,14,110,Control,15,6.15
Miami,4,14,110,Control,20,6.36
Miami,4,14,110,Control,25,6.42
Miami,4,14,110,Control,30,6.17
Miami,4,14,110,Control,35,6.07
Miami,4,14,110,Control,40,6.32
Miami,4,14,110,Control,45,5.87
Miami,4,14,110,Control,50,5.92
Miami,4,14,110,Control,55,6.09
Miami,4,15,111,Control,0,6.31
Miami,4,15,111,Control,5,5.86
Miami,4,15,111,Control,10,5.98
Miami,4,15,111,Control,15,6.05
Miami,4,15,111,Control,20,6.11
Miami,4,15,111,Control,25,6.01
Miami,4,15,111,Control,30,6.08
Miami,4,15,111,Control,35,6.09
Miami,4,15,111,Control,40,5.99
Miami,4,15,111,Control,45,5.91
Miami,4,15,111,Control,50,6.37
Miami,4,15,111,Control,55,5.57
Miami,4,16,112,Treatment,0,5.98
Miami,4,16,112,Treatment,5,6.0
Miami,4,16,112,Treatment,10,5.33
Miami,4,16,112,Treatment,15,5.37
Miami,4,16,112,Treatment,20,5.46
Miami,4,16,112,Treatment,25,5.76
Miami,4,16,112,Treatment,30,5.57
Miami,4,16,112,Treatment,35,5.19
Miami,4,16,112,Treatment,40,5.37
Miami,4,16,112,Treatment,45,5.71
Miami,4,16,112,Treatment,50,5.19
Miami,4,16,112,Treatment,55,5.47
Miami,4,17,113,Control,0,5.39
Miami,4,17,113,Control,5,6.37
Miami,4,17,113,Control,10,5.79
Miami,4,17,113,Control,15,6.21
Miami,4,17,113,Control,20,5.91
Miami,4,17,113,Control,25,6.23
Miami,4,17,113,Control,30,6.32
Miami,4,17,113,Control,35,5.95
Miami,4,17,113,Control,40,6.09
Miami,4,17,113,Control,45,5.88
Miami,4,17,113,Control,50,5.81
Miami,4,17,113,Control,55,6.36
Miami,4,18,114,Treatment,0,5.5
Miami,4,18,114,Treatment,5,6.34
Miami,4,18,114,Treatment,10,5.49
Miami,4,18,114,Treatment,15,5.43
Miami,4,18,114,Treatment,20,5.9
Miami,4,18,114,Treatment,25,5.45
Miami,4,18,114,Treatment,30,5.45
Miami,4,18,114,Treatment,35,5.18
Miami,4,18,114,Treatment,40,5.08
Miami,4,18,114,Treatment,45,5.45
Miami,4,18,114,Treatment,50,5.58
Miami,4,18,114,Treatment,55,5.57
Miami,4,19,115,Treatment,0,5.5
Miami,4,19,115,Treatment,5,5.03
Miami,4,19,115,Treatment,10,5.61
Miami,4,19,115,Treatment,15,5.53
Miami,4,19,115,Treatment,20,5.98
Miami,4,19,115,Treatment,25,5.49
Miami,4,19,115,Treatment,30,5.25
Miami,4,19,115,Treatment,35,5.48
Miami,4,19,115,Treatment,40,5.41
Miami,4,19,115,Treatment,45,5.6
Miami,4,19,115,Treatment,50,5.5
Miami,4,19,115,Treatment,55,5.18
Miami,4,20,116,Control,0,5.56
Miami,4,20,116,Control,5,6.04
Miami,4,20,116,Control,10,5.92
Miami,4,20,116,Control,15,6.3
Miami,4,20,116,Control,20,6.35
Miami,4,20,116,Control,25,6.17
Miami,4,20,116,Control,30,5.9
Miami,4,20,116,Control,35,6.15
Miami,4,20,116,Control,40,6.4
Miami,4,20,116,Control,45,6.23
Miami,4,20,116,Control,50,6.29
Miami,4,20,116,Control,55,5.98
Miami,4,21,117,Treatment,0,6.07
Miami,4,21,117,Treatment,5,5.88
Miami,4,21,117,Treatment,10,5.99
Miami,4,21,117,Treatment,15,4.9
Miami,4,21,117,Treatment,20,5.5
Miami,4,21,117,Treatment,25,5.47
Miami,4,21,117,Treatment,30,5.15
Miami,4,21,117,Treatment,35,5.66
Miami,4,21,117,Treatment,40,5.31
Miami,4,21,117,Treatment,45,5.4
Miami,4,21,117,Treatment,50,5.95
Miami,4,21,117,Treatment,55,5.74
Miami,4,22,118,Control,0,5.59
Miami,4,22,118,Control,5,5.65
Miami,4,22,118,Control,10,6.4
Miami,4,22,118,Control,15,6.3
Miami,4,22,118,Control,20,5.91
Miami,4,22,118,Control,25,5.75
Miami,4,22,118,Control,30,6.24
Miami,4,22,118,Control,35,6.09
Miami,4,22,118,Control,40,5.74
Miami,4,22,118,Control,45,6.21
Miami,4,22,118,Control,50,6.03
Miami,4,22,118,Control,55,6.23
Miami,4,23,119,Control,0,5.95
Miami,4,23,119,Control,5,6.26
Miami,4,23,119,Control,10,5.98
Miami,4,23,119,Control,15,5.99
Miami,4,23,119,Control,20,5.97
Miami,4,23,119,Control,25,6.38
Miami,4,23,119,Control,30,6.03
Miami,4,23,119,Control,35,6.44
Miami,4,23,119,Control,40,6.55
Miami,4,23,119,Control,45,5.92
Miami,4,23,119,Control,50,5.37
Miami,4,23,119,Control,55,6.36
Miami,5,0,120,Control,0,5.88
Miami,5,0,120,Control,5,5.95
Miami,5,0,120,Control,10,6.0
Miami,5,0,120,Control,15,6.42
Miami,5,0,120,Control,20,6.14
Miami,5,0,120,Control,25,6.42
Miami,5,0,120,Control,30,6.22
Miami,5,0,120,Control,35,6.02
Miami,5,0,120,Control,40,6.0
Miami,5,0,120,Control,45,6.24
Miami,5,0,120,Control,50,6.31
Miami,5,0,120,Control,55,6.35
Miami,5,1,121,Control,0,6.14
Miami,5,1,121,Control,5,6.25
Miami,5,1,121,Control,10,6.0
Miami,5,1,121,Control,15,5.82
Miami,5,1,121,Control,20,5.9
Miami,5,1,121,Control,25,6.04
Miami,5,1,121,Control,30,6.27
Miami,5,1,121,Control,35,6.41
Miami,5,1,121,Control,40,5.76
Miami,5,1,121,Control,45,5.95
Miami,5,1,121,Control,50,6.01
Miami,5,1,121,Control,55,6.3
Miami,5,2,122,Control,0,5.99
Miami,5,2,122,Control,5,5.75
Miami,5,2,122,Control,10,6.22
Miami,5,2,122,Control,15,6.06
Miami,5,2,122,Control,20,5.94
Miami,5,2,122,Control,25,6.04
Miami,5,2,122,Control,30,6.38
Miami,5,2,122,Control,35,5.85
Miami,5,2,122,Control,40,5.89
Miami,5,2,122,Control,45,6.41
Miami,5,2,122,Control,50,6.12
Miami,5,2,122,Control,55,6.27
Miami,5,3,123,Treatment,0,6.09
Miami,5,3,123,Treatment,5,5.81
Miami,5,3,123,Treatment,10,5.9
Miami,5,3,123,Treatment,15,5.78
Miami,5,3,123,Treatment,20,5.76
Miami,5,3,123,Treatment,25,5.19
Miami,5,3,123,Treatment,30,5.82
Miami,5,3,123,Treatment,35,5.4
Miami,5,3,123,Treatment,40,5.3
Miami,5,3,123,Treatment,45,5.45
Miami,5,3,123,Treatment,50,5.7
Miami,5,3,123,Treatment,55,5.63
Miami,5,4,124,Control,0,5.7
Miami,5,4,124,Control,5,5.73
Miami,5,4,124,Control,10,5.75
Miami,5,4,124,Control,15,5.92
Miami,5,4,124,Control,20,6.2
Miami,5,4,124,Control,25,6.08
Miami,5,4,124,Control,30,5.76
Miami,5,4,124,Control,35,6.31
Miami,5,4,124,Control,40,5.98
Miami,5,4,124,Control,45,6.5
Miami,5,4,124,Control,50,5.75
Miami,5,4,124,Control,55,6.05
Miami,5,5,125,Control,0,5.86
Miami,5,5,125,Control,5,5.98
Miami,5,5,125,Control,10,6.54
Miami,5,5,125,Control,15,6.14
Miami,5,5,125,Control,20,5.9
Miami,5,5,125,Control,25,5.64
Miami,5,5,125,Control,30,5.67
Miami,5,5,125,Control,35,5.97
Miami,5,5,125,Control,40,5.94
Miami,5,5,125,Control,45,6.04
Miami,5,5,125,Control,50,5.53
Miami,5,5,125,Control,55,6.08
Miami,5,6,126,Control,0,6.0
Miami,5,6,126,Control,5,6.36
Miami,5,6,126,Control,10,6.51
Miami,5,6,126,Control,15,5.63
Miami,5,6,126,Control,20,5.9
Miami,5,6,126,Control,25,5.89
Miami,5,6,126,Control,30,6.14
Miami,5,6,126,Control,35,5.8
Miami,5,6,126,Control,40,6.52
Miami,5,6,126,Control,45,6.11
Miami,5,6,126,Control,50,6.07
Miami,5,6,126,Control,55,6.5
Miami,5,7,127,Treatment,0,6.2
Miami,5,7,127,Treatment,5,5.71
Miami,5,7,127,Treatment,10,5.35
Miami,5,7,127,Treatment,15,5.34
Miami,5,7,127,Treatment,20,6.04
Miami,5,7,127,Treatment,25,5.65
Miami,5,7,127,Treatment,30,5.56
Miami,5,7,127,Treatment,35,5.25
Miami,5,7,127,Treatment,40,5.72
Miami,5,7,127,Treatment,45,5.15
Miami,5,7,127,Treatment,50,5.1
Miami,5,7,127,Treatment,55,5.35
Miami,5,8,128,Control,0,5.96
Miami,5,8,128,Control,5,5.58
Miami,5,8,128,Control,10,5.73
Miami,5,8,128,Control,15,5.69
Miami,5,8,128,Control,20,6.12
Miami,5,8,128,Control,25,6.14
Miami,5,8,128,Control,30,6.3
Miami,5,8,128,Control,35,6.33
Miami,5,8,128,Control,40,6.05
Miami,5,8,128,Control,45,6.24
Miami,5,8,128,Control,50,5.92
Miami,5,8,128,Control,55,6.23
Miami,5,9,129,Control,0,6.21
Miami,5,9,129,Control,5,6.19
Miami,5,9,129,Control,10,6.12
Miami,5,9,129,Control,15,6.3
Miami,5,9,129,Control,20,5.71
Miami,5,9,129,Control,25,5.83
Miami,5,9,129,Control,30,6.03
Miami,5,9,129,Control,35,5.74
Miami,5,9,129,Control,40,6.0
Miami,5,9,129,Control,45,6.01
Miami,5,9,129,Control,50,6.43
Miami,5,9,129,Control,55,6.14
Miami,5,10,130,Treatment,0,6.18
Miami,5,10,130,Treatment,5,5.76
Miami,5,10,130,Treatment,10,5.73
Miami,5,10,130,Treatment,15,5.67
Miami,5,10,130,Treatment,20,5.79
Miami,5,10,130,Treatment,25,5.46
Miami,5,10,130,Treatment,30,5.08
Miami,5,10,130,Treatment,35,5.06
Miami,5,10,130,Treatment,40,5.41
Miami,5,10,130,Treatment,45,4.91
Miami,5,10,130,Treatment,50,5.94
Miami,5,10,130,Treatment,55,5.64
Miami,5,11,131,Treatment,0,5.21
Miami,5,11,131,Treatment,5,5.75
Miami,5,11,131,Treatment,10,5.21
Miami,5,11,131,Treatment,15,5.24
Miami,5,11,131,Treatment,20,5.3
Miami,5,11,131,Treatment,25,5.52
Miami,5,11,131,Treatment,30,5.65
Miami,5,11,131,Treatment,35,5.79
Miami,5,11,131,Treatment,40,5.75
Miami,5,11,131,Treatment,45,5.49
Miami,5,11,131,Treatment,50,5.75
Miami,5,11,131,Treatment,55,5.32
Miami,5,12,132,Treatment,0,5.32
Miami,5,12,132,Treatment,5,5.29
Miami,5,12,132,Treatment,10,5.33
Miami,5,12,132,Treatment,15,5.25
Miami,5,12,132,Treatment,20,5.37
Miami,5,12,132,Treatment,25,5.65
Miami,5,12,132,Treatment,30,5.92
Miami,5,12,132,Treatment,35,5.06
Miami,5,12,132,Treatment,40,5.17
Miami,5,12,132,Treatment,45,5.29
Miami,5,12,132,Treatment,50,5.68
Miami,5,12,132,Treatment,55,5.44
Miami,5,13,133,Treatment,0,5.67
Miami,5,13,133,Treatment,5,5.73
Miami,5,13,133,Treatment,10,5.49
Miami,5,13,133,Treatment,15,5.29
Miami,5,13,133,Treatment,20,5.56
Miami,5,13,133,Treatment,25,5.43
Miami,5,13,133,Treatment,30,5.43
Miami,5,13,133,Treatment,35,5.36
Miami,5,13,133,Treatment,40,5.72
Miami,5,13,133,Treatment,45,5.55
Miami,5,13,133,Treatment,50,5.75
Miami,5,13,133,Treatment,55,5.82
Miami,5,14,134,Control,0,5.36
Miami,5,14,134,Control,5,5.95
Miami,5,14,134,Control,10,6.01
Miami,5,14,134,Control,15,6.75
Miami,5,14,134,Control,20,6.18
Miami,5,14,134,Control,25,6.27
Miami,5,14,134,Control,30,6.17
Miami,5,14,134,Control,35,6.08
Miami,5,14,134,Control,40,6.04
Miami,5,14,134,Control,45,6.17
Miami,5,14,134,Control,50,6.23
Miami,5,14,134,Control,55,6.39
Miami,5,15,135,Treatment,0,5.98
Miami,5,15,135,Treatment,5,5.81
Miami,5,15,135,Treatment,10,5.36
Miami,5,15,135,Treatment,15,5.91
Miami,5,15,135,Treatment,20,5.35
Miami,5,15,135,Treatment,25,5.73
Miami,5,15,135,Treatment,30,5.56
Miami,5,15,135,Treatment,35,5.57
Miami,5,15,135,Treatment,40,5.46
Miami,5,15,135,Treatment,45,5.29
Miami,5,15,135,Treatment,50,5.25
Miami,5,15,135,Treatment,55,5.92
Miami,5,16,136,Treatment,0,5.77
Miami,5,16,136,Treatment,5,5.84
Miami,5,16,136,Treatment,10,5.39
Miami,5,16,136,Treatment,15,5.6
Miami,5,16,136,Treatment,20,5.5
Miami,5,16,136,Treatment,25,5.2
Miami,5,16,136,Treatment,30,5.44
Miami,5,16,136,Treatment,35,5.64
Miami,5,16,136,Treatment,40,5.37
Miami,5,16,136,Treatment,45,5.41
Miami,5,16,136,Treatment,50,5.45
Miami,5,16,136,Treatment,55,6.02
Miami,5,17,137,Control,0,5.62
Miami,5,17,137,Control,5,5.63
Miami,5,17,137,Control,10,5.74
Miami,5,17,137,Control,15,6.03
Miami,5,17,137,Control,20,6.27
Miami,5,17,137,Control,25,6.28
Miami,5,17,137,Control,30,6.15
Miami,5,17,137,Control,35,6.37
Miami,5,17,137,Control,40,6.42
Miami,5,17,137,Control,45,6.3
Miami,5,17,137,Control,50,5.96
Miami,5,17,137,Control,55,6.22
Miami,5,18,138,Treatment,0,5.9
Miami,5,18,138,Treatment,5,5.5
Miami,5,18,138,Treatment,10,5.19
Miami,5,18,138,Treatment,15,5.51
Miami,5,18,138,Treatment,20,5.56
Miami,5,18,138,Treatment,25,5.19
Miami,5,18,138,Treatment,30,5.75
Miami,5,18,138,Treatment,35,5.53
Miami,5,18,138,Treatment,40,5.83
Miami,5,18,138,Treatment,45,5.58
Miami,5,18,138,Treatment,50,5.22
Miami,5,18,138,Treatment,55,5.6
Miami,5,19,139,Control,0,5.35
Miami,5,19,139,Control,5,5.33
Miami,5,19,139,Control,10,5.92
Miami,5,19,139,Control,15,5.85
Miami,5,19,139,Control,20,6.38
Miami,5,19,139,Control,25,6.0
Miami,5,19,139,Control,30,6.53
Miami,5,19,139,Control,35,5.57
Miami,5,19,139,Control,40,6.13
Miami,5,19,139,Control,45,6.46
Miami,5,19,139,Control,50,5.88
Miami,5,19,139,Control,55,6.06
Miami,5,20,140,Treatment,0,5.93
Miami,5,20,140,Treatment,5,5.96
Miami,5,20,140,Treatment,10,5.37
Miami,5,20,140,Treatment,15,5.46
Miami,5,20,140,Treatment,20,5.62
Miami,5,20,140,Treatment,25,5.44
Miami,5,20,140,Treatment,30,5.24
Miami,5,20,140,Treatment,35,5.75
Miami,5,20,140,Treatment,40,5.67
Miami,5,20,140,Treatment,45,5.23
Miami,5,20,140,Treatment,50,5.17
Miami,5,20,140,Treatment,55,5.25
Miami,5,21,141,Treatment,0,5.16
Miami,5,21,141,Treatment,5,5.63
Miami,5,21,141,Treatment,10,5.56
Miami,5,21,141,Treatment,15,5.69
Miami,5,21,141,Treatment,20,5.41
Miami,5,21,141,Treatment,25,5.26
Miami,5,21,141,Treatment,30,5.72
Miami,5,21,141,Treatment,35,5.35
Miami,5,21,141,Treatment,40,5.54
Miami,5,21,141,Treatment,45,5.1
Miami,5,21,141,Treatment,50,5.35
Miami,5,21,141,Treatment,55,5.74
Miami,5,22,142,Treatment,0,5.69
Miami,5,22,142,Treatment,5,4.91
Miami,5,22,142,Treatment,10,5.35
Miami,5,22,142,Treatment,15,5.45
Miami,5,22,142,Treatment,20,5.93
Miami,5,22,142,Treatment,25,5.2
Miami,5,22,142,Treatment,30,5.66
Miami,5,22,142,Treatment,35,5.75
Miami,5,22,142,Treatment,40,5.31
Miami,5,22,142,Treatment,45,5.4
Miami,5,22,142,Treatment,50,5.53
Miami,5,22,142,Treatment,55,5.12
Miami,5,23,143,Control,0,5.81
Miami,5,23,143,Control,5,5.82
Miami,5,23,143,Control,10,5.86
Miami,5,23,143,Control,15,6.13
Miami,5,23,143,Control,20,6.25
Miami,5,23,143,Control,25,6.29
Miami,5,23,143,Control,30,5.96
Miami,5,23,143,Control,35,6.48
Miami,5,23,143,Control,40,6.43
Miami,5,23,143,Control,45,6.27
Miami,5,23,143,Control,50,5.89
Miami,5,23,143,Control,55,5.84
Miami,6,0,144,Control,0,6.12
Miami,6,0,144,Control,5,5.66
Miami,6,0,144,Control,10,6.22
Miami,6,0,144,Control,15,6.42
Miami,6,0,144,Control,20,6.24
Miami,6,0,144,Control,25,5.93
Miami,6,0,144,Control,30,5.9
Miami,6,0,144,Control,35,6.17
Miami,6,0,144,Control,40,6.06
Miami,6,0,144,Control,45,6.21
Miami,6,0,144,Control,50,6.25
Miami,6,0,144,Control,55,6.37
Miami,6,1,145,Control,0,6.16
Miami,6,1,145,Control,5,6.01
Miami,6,1,145,Control,10,6.08
Miami,6,1,145,Control,15,6.32
Miami,6,1,145,Control,20,6.34
Miami,6,1,145,Control,25,6.45
Miami,6,1,145,Control,30,6.21
Miami,6,1,145,Control,35,6.07
Miami,6,1,145,Control,40,6.04
Miami,6,1,145,Control,45,5.67
Miami,6,1,145,Control,50,6.43
Miami,6,1,145,Control,55,6.02
Miami,6,2,146,Treatment,0,6.27
Miami,6,2,146,Treatment,5,5.59
Miami,6,2,146,Treatment,10,5.46
Miami,6,2,146,Treatment,15,5.88
Miami,6,2,146,Treatment,20,5.56
Miami,6,2,146,Treatment,25,5.34
Miami,6,2,146,Treatment,30,5.46
Miami,6,2,146,Treatment,35,5.76
Miami,6,2,146,Treatment,40,5.72
Miami,6,2,146,Treatment,45,5.12
Miami,6,2,146,Treatment,50,5.9
Miami,6,2,146,Treatment,55,5.73
Miami,6,3,147,Control,0,5.19
Miami,6,3,147,Control,5,5.96
Miami,6,3,147,Control,10,6.02
Miami,6,3,147,Control,15,5.74
Miami,6,3,147,Control,20,6.04
Miami,6,3,147,Control,25,6.88
Miami,6,3,147,Control,30,6.1
Miami,6,3,147,Control,35,5.91
Miami,6,3,147,Control,40,5.85
Miami,6,3,147,Control,45,6.54
Miami,6,3,147,Control,50,6.31
Miami,6,3,147,Control,55,6.45
Miami,6,4,148,Control,0,6.41
Miami,6,4,148,Control,5,5.89
Miami,6,4,148,Control,10,6.14
Miami,6,4,148,Control,15,6.17
Miami,6,4,148,Control,20,6.45
Miami,6,4,148,Control,25,6.18
Miami,6,4,148,Control,30,5.94
Miami,6,4,148,Control,35,6.12
Miami,6,4,148,Control,40,5.68
Miami,6,4,148,Control,45,5.52
Miami,6,4,148,Control,50,6.31
Miami,6,4,148,Control,55,6.01
Miami,6,5,149,Treatment,0,6.31
Miami,6,5,149,Treatment,5,6.25
Miami,6,5,149,Treatment,10,5.83
Miami,6,5,149,Treatment,15,5.97
Miami,6,5,149,Treatment,20,5.62
Miami,6,5,149,Treatment,25,5.57
Miami,6,5,149,Treatment,30,5.55
Miami,6,5,149,Treatment,35,5.17
Miami,6,5,149,Treatment,40,5.73
Miami,6,5,149,Treatment,45,4.88
Miami,6,5,149,Treatment,50,5.34
Miami,6,5,149,Treatment,55,5.5
Miami,6,6,150,Control,0,5.38
Miami,6,6,150,Control,5,6.15
Miami,6,6,150,Control,10,6.17
Miami,6,6,150,Control,15,5.93
Miami,6,6,150,Control,20,5.98
Miami,6,6,150,Control,25,5.78
Miami,6,6,150,Control,30,6.28
Miami,6,6,150,Control,35,6.04
Miami,6,6,150,Control,40,5.61
Miami,6,6,150,Control,45,6.13
Miami,6,6,150,Control,50,6.21
Miami,6,6,150,Control,55,6.34
Miami,6,7,151,Control,0,6.01
Miami,6,7,151,Control,5,6.6
Miami,6,7,151,Control,10,6.1
Miami,6,7,151,Control,15,6.28
Miami,6,7,151,Control,20,5.97
Miami,6,7,151,Control,25,6.27
Miami,6,7,151,Control,30,5.74
Miami,6,7,151,Control,35,5.98
Miami,6,7,151,Control,40,5.8
Miami,6,7,151,Control,45,5.95
Miami,6,7,151,Control,50,6.41
Miami,6,7,151,Control,55,5.95
Miami,6,8,152,Treatment,0,6.48
Miami,6,8,152,Treatment,5,5.89
Miami,6,8,152,Treatment,10,5.94
Miami,6,8,152,Treatment,15,5.62
Miami,6,8,152,Treatment,20,5.52
Miami,6,8,152,Treatment,25,5.68
Miami,6,8,152,Treatment,30,5.95
Miami,6,8,152,Treatment,35,5.33
Miami,6,8,152,Treatment,40,5.25
Miami,6,8,152,Treatment,45,5.24
Miami,6,8,152,Treatment,50,5.74
Miami,6,8,152,Treatment,55,5.77
Miami,6,9,153,Treatment,0,4.96
Miami,6,9,153,Treatment,5,5.32
Miami,6,9,153,Treatment,10,5.63
Miami,6,9,153,Treatment,15,5.47
Miami,6,9,153,Treatment,20,5.54
Miami,6,9,153,Treatment,25,5.36
Miami,6,9,153,Treatment,30,5.74
Miami,6,9,153,Treatment,35,5.58
Miami,6,9,153,Treatment,40,5.64
Miami,6,9,153,Treatment,45,5.53
Miami,6,9,153,Treatment,50,5.62
Miami,6,9,153,Treatment,55,5.6
Miami,6,10,154,Control,0,5.58
Miami,6,10,154,Control,5,5.89
Miami,6,10,154,Control,10,6.19
Miami,6,10,154,Control,15,6.2
Miami,6,10,154,Control,20,5.86
Miami,6,10,154,Control,25,5.9
Miami,6,10,154,Control,30,5.99
Miami,6,10,154,Control,35,6.15
Miami,6,10,154,Control,40,6.07
Miami,6,10,154,Control,45,5.82
Miami,6,10,154,Control,50,5.82
Miami,6,10,154,Control,55,5.58
Miami,6,11,155,Control,0,6.06
Miami,6,11,155,Control,5,6.07
Miami,6,11,155,Control,10,6.68
Miami,6,11,155,Control,15,6.55
Miami,6,11,155,Control,20,5.86
Miami,6,11,155,Control,25,6.14
Miami,6,11,155,Control,30,5.73
Miami,6,11,155,Control,35,5.77
Miami,6,11,155,Control,40,5.8
Miami,6,11,155,Control,45,6.04
Miami,6,11,155,Control,50,6.05
Miami,6,11,155,Control,55,6.16
Miami,6,12,156,Control,0,6.02
Miami,6,12,156,Control,5,6.11
Miami,6,12,156,Control,10,5.83
Miami,6,12,156,Control,15,5.76
Miami,6,12,156,Control,20,5.73
Miami,6,12,156,Control,25,6.26
Miami,6,12,156,Control,30,6.02
Miami,6,12,156,Control,35,5.63
Miami,6,12,156,Control,40,6.08
Miami,6,12,156,Control,45,5.79
Miami,6,12,156,Control,50,6.52
Miami,6,12,156,Control,55,5.96
Miami,6,13,157,Treatment,0,6.37
Miami,6,13,157,Treatment,5,5.66
Miami,6,13,157,Treatment,10,5.71
Miami,6,13,157,Treatment,15,5.63
Miami,6,13,157,Treatment,20,5.52
Miami,6,13,157,Treatment,25,5.58
Miami,6,13,157,Treatment,30,5.16
Miami,6,13,157,Treatment,35,5.63
Miami,6,13,157,Treatment,40,5.37
Miami,6,13,157,Treatment,45,5.58
Miami,6,13,157,Treatment,50,5.72
Miami,6,13,157,Treatment,55,5.66
Miami,6,14,158,Treatment,0,5.65
Miami,6,14,158,Treatment,5,5.66
Miami,6,14,158,Treatment,10,5.86
Miami,6,14,158,Treatment,15,5.48
Miami,6,14,158,Treatment,20,5.53
Miami,6,14,158,Treatment,25,5.72
Miami,6,14,158,Treatment,30,5.37
Miami,6,14,158,Treatment,35,5.16
Miami,6,14,158,Treatment,40,5.61
Miami,6,14,158,Treatment,45,5.44
Miami,6,14,158,Treatment,50,5.19
Miami,6,14,158,Treatment,55,5.62
Miami,6,15,159,Control,0,5.08
Miami,6,15,159,Control,5,5.95
Miami,6,15,159,Control,10,5.26
Miami,6,15,159,Control,15,6.0
Miami,6,15,159,Control,20,6.56
Miami,6,15,159,Control,25,6.02
Miami,6,15,159,Control,30,6.12
Miami,6,15,159,Control,35,6.29
Miami,6,15,159,Control,40,5.67
Miami,6,15,159,Control,45,6.12
Miami,6,15,159,Control,50,6.12
Miami,6,15,159,Control,55,6.57
Miami,6,16,160,Control,0,6.0
Miami,6,16,160,Control,5,5.87
Miami,6,16,160,Control,10,5.84
Miami,6,16,160,Control,15,6.38
Miami,6,16,160,Control,20,6.11
Miami,6,16,160,Control,25,5.96
Miami,6,16,160,Control,30,5.97
Miami,6,16,160,Control,35,5.96
Miami,6,16,160,Control,40,5.98
Miami,6,16,160,Control,45,5.78
Miami,6,16,160,Control,50,6.04
Miami,6,16,160,Control,55,6.01
Miami,6,17,161,Treatment,0,6.14
Miami,6,17,161,Treatment,5,5.96
Miami,6,17,161,Treatment,10,5.55
Miami,6,17,161,Treatment,15,5.45
Miami,6,17,161,Treatment,20,6.03
Miami,6,17,161,Treatment,25,6.02
Miami,6,17,161,Treatment,30,5.23
Miami,6,17,161,Treatment,35,5.26
Miami,6,17,161,Treatment,40,5.23
Miami,6,17,161,Treatment,45,5.75
Miami,6,17,161,Treatment,50,5.39
Miami,6,17,161,Treatment,55,5.55
Miami,6,18,162,Treatment,0,5.49
Miami,6,18,162,Treatment,5,5.67
Miami,6,18,162,Treatment,10,5.62
Miami,6,18,162,Treatment,15,5.34
Miami,6,18,162,Treatment,20,5.75
Miami,6,18,162,Treatment,25,5.28
Miami,6,18,162,Treatment,30,5.82
Miami,6,18,162,Treatment,35,5.34
Miami,6,18,162,Treatment,40,5.37
Miami,6,18,162,Treatment,45,5.22
Miami,6,18,162,Treatment,50,5.26
Miami,6,18,162,Treatment,55,5.38
Miami,6,19,163,Treatment,0,5.43
Miami,6,19,163,Treatment,5,5.36
Miami,6,19,163,Treatment,10,5.69
Miami,6,19,163,Treatment,15,5.6
Miami,6,19,163,Treatment,20,5.31
Miami,6,19,163,Treatment,25,5.38
Miami,6,19,163,Treatment,30,5.43
Miami,6,19,163,Treatment,35,5.86
Miami,6,19,163,Treatment,40,5.28
Miami,6,19,163,Treatment,45,5.31
Miami,6,19,163,Treatment,50,5.21
Miami,6,19,163,Treatment,55,5.12
Miami,6,20,164,Treatment,0,5.54
Miami,6,20,164,Treatment,5,5.81
Miami,6,20,164,Treatment,10,5.75
Miami,6,20,164,Treatment,15,6.09
Miami,6,20,164,Treatment,20,5.47
Miami,6,20,164,Treatment,25,5.42
Miami,6,20,164,Treatment,30,5.16
Miami,6,20,164,Treatment,35,5.66
Miami,6,20,164,Treatment,40,5.52
Miami,6,20,164,Treatment,45,5.65
Miami,6,20,164,Treatment,50,5.21
Miami,6,20,164,Treatment,55,5.58
Miami,6,21,165,Control,0,5.52
Miami,6,21,165,Control,5,5.52
Miami,6,21,165,Control,10,6.19
Miami,6,21,165,Control,15,6.61
Miami,6,21,165,Control,20,5.82
Miami,6,21,165,Control,25,6.28
Miami,6,21,165,Control,30,5.38
Miami,6,21,165,Control,35,6.27
Miami,6,21,165,Control,40,5.63
Miami,6,21,165,Control,45,5.97
Miami,6,21,165,Control,50,5.77
Miami,6,21,165,Control,55,6.05
Miami,6,22,166,Treatment,0,5.64
Miami,6,22,166,Treatment,5,5.81
Miami,6,22,166,Treatment,10,5.56
Miami,6,22,166,Treatment,15,5.89
Miami,6,22,166,Treatment,20,5.6
Miami,6,22,166,Treatment,25,5.2
Miami,6,22,166,Treatment,30,5.37
Miami,6,22,166,Treatment,35,5.88
Miami,6,22,166,Treatment,40,5.67
Miami,6,22,166,Treatment,45,5.26
Miami,6,22,166,Treatment,50,5.42
Miami,6,22,166,Treatment,55,5.43
Miami,6,23,167,Control,0,5.06
Miami,6,23,167,Control,5,5.52
Miami,6,23,167,Control,10,6.24
Miami,6,23,167,Control,15,6.0
Miami,6,23,167,Control,20,6.07
Miami,6,23,167,Control,25,6.14
Miami,6,23,167,Control,30,6.65
Miami,6,23,167,Control,35,6.1
Miami,6,23,167,Control,40,6.37
Miami,6,23,167,Control,45,5.95
Miami,6,23,167,Control,50,6.04
Miami,6,23,167,Control,55,6.1
Miami,7,0,168,Treatment,0,6.05
Miami,7,0,168,Treatment,5,6.12
Miami,7,0,168,Treatment,10,5.49
Miami,7,0,168,Treatment,15,5.49
Miami,7,0,168,Treatment,20,5.67
Miami,7,0,168,Treatment,25,5.28
Miami,7,0,168,Treatment,30,5.76
Miami,7,0,168,Treatment,35,5.51
Miami,7,0,168,Treatment,40,5.45
Miami,7,0,168,Treatment,45,4.99
Miami,7,0,168,Treatment,50,5.4
Miami,7,0,168,Treatment,55,5.58
Miami,7,1,169,Control,0,5.63
Miami,7,1,169,Control,5,5.97
Miami,7,1,169,Control,10,5.59
Miami,7,1,169,Control,15,6.07
Miami,7,1,169,Control,20,6.41
Miami,7,1,169,Control,25,5.88
Miami,7,1,169,Control,30,6.34
Miami,7,1,169,Control,35,6.28
Miami,7,1,169,Control,40,6.17
Miami,7,1,169,Control,45,6.02
Miami,7,1,169,Control,50,5.85
Miami,7,1,169,Control,55,6.54
Miami,7,2,170,Treatment,0,6.19
Miami,7,2,170,Treatment,5,5.79
Miami,7,2,170,Treatment,10,5.7
Miami,7,2,170,Treatment,15,5.53
Miami,7,2,170,Treatment,20,5.59
Miami,7,2,170,Treatment,25,5.67
Miami,7,2,170,Treatment,30,5.29
Miami,7,2,170,Treatment,35,5.12
Miami,7,2,170,Treatment,40,5.51
Miami,7,2,170,Treatment,45,5.05
Miami,7,2,170,Treatment,50,5.41
Miami,7,2,170,Treatment,55,5.36
Miami,7,3,171,Treatment,0,5.99
Miami,7,3,171,Treatment,5,5.0
Miami,7,3,171,Treatment,10,6.06
Miami,7,3,171,Treatment,15,5.43
Miami,7,3,171,Treatment,20,5.58
Miami,7,3,171,Treatment,25,5.14
Miami,7,3,171,Treatment,30,5.74
Miami,7,3,171,Treatment,35,5.5
Miami,7,3,171,Treatment,40,5.47
Miami,7,3,171,Treatment,45,5.01
Miami,7,3,171,Treatment,50,5.51
Miami,7,3,171,Treatment,55,5.7
Miami,7,4,172,Control,0,5.78
Miami,7,4,172,Control,5,5.98
Miami,7,4,172,Control,10,5.74
Miami,7,4,172,Control,15,6.5
Miami,7,4,172,Control,20,6.11
Miami,7,4,172,Control,25,6.11
Miami,7,4,172,Control,30,6.12
Miami,7,4,172,Control,35,6.12
Miami,7,4,172,Control,40,5.44
Miami,7,4,172,Control,45,6.05
Miami,7,4,172,Control,50,5.76
Miami,7,4,172,Control,55,6.51
Miami,7,5,173,Treatment,0,6.31
Miami,7,5,173,Treatment,5,5.84
Miami,7,5,173,Treatment,10,5.44
Miami,7,5,173,Treatment,15,5.33
Miami,7,5,173,Treatment,20,5.98
Miami,7,5,173,Treatment,25,5.32
Miami,7,5,173,Treatment,30,4.9
Miami,7,5,173,Treatment,35,5.75
Miami,7,5,173,Treatment,40,5.87
Miami,7,5,173,Treatment,45,5.9
Miami,7,5,173,Treatment,50,5.75
Miami,7,5,173,Treatment,55,5.79
Miami,7,6,174,Control,0,4.97
Miami,7,6,174,Control,5,5.7
Miami,7,6,174,Control,10,6.05
Miami,7,6,174,Control,15,6.07
Miami,7,6,174,Control,20,6.05
Miami,7,6,174,Control,25,5.86
Miami,7,6,174,Control,30,5.85
Miami,7,6,174,Control,35,6.56
Miami,7,6,174,Control,40,6.57
Miami,7,6,174,Control,45,6.1
Miami,7,6,174,Control,50,6.17
Miami,7,6,174,Control,55,5.85
Miami,7,7,175,Control,0,6.54
Miami,7,7,175,Control,5,5.72
Miami,7,7,175,Control,10,6.22
Miami,7,7,175,Control,15,6.23
Miami,7,7,175,Control,20,6.23
Miami,7,7,175,Control,25,6.51
Miami,7,7,175,Control,30,6.61
Miami,7,7,175,Control,35,6.04
Miami,7,7,175,Control,40,6.27
Miami,7,7,175,Control,45,6.12
Miami,7,7,175,Control,50,5.94
Miami,7,7,175,Control,55,6.17
Miami,7,8,176,Treatment,0,6.15
Miami,7,8,176,Treatment,5,5.68
Miami,7,8,176,Treatment,10,5.58
Miami,7,8,176,Treatment,15,5.38
Miami,7,8,176,Treatment,20,5.28
Miami,7,8,176,Treatment,25,5.57
Miami,7,8,176,Treatment,30,5.59
Miami,7,8,176,Treatment,35,5.73
Miami,7,8,176,Treatment,40,5.28
Miami,7,8,176,Treatment,45,5.35
Miami,7,8,176,Treatment,50,5.88
Miami,7,8,176,Treatment,55,5.45
Miami,7,9,177,Treatment,0,5.45
Miami,7,9,177,Treatment,5,5.77
Miami,7,9,177,Treatment,10,5.78
Miami,7,9,177,Treatment,15,5.77
Miami,7,9,177,Treatment,20,5.5
Miami,7,9,177,Treatment,25,5.27
Miami,7,9,177,Treatment,30,5.97
Miami,7,9,177,Treatment,35,5.7
Miami,7,9,177,Treatment,40,5.38
Miami,7,9,177,Treatment,45,5.85
Miami,7,9,177,Treatment,50,5.36
Miami,7,9,177,Treatment,55,5.84
Miami,7,10,178,Control,0,5.26
Miami,7,10,178,Control,5,5.84
Miami,7,10,178,Control,10,6.09
Miami,7,10,178,Control,15,6.75
Miami,7,10,178,Control,20,5.91
Miami,7,10,178,Control,25,6.46
Miami,7,10,178,Control,30,6.1
Miami,7,10,178,Control,35,5.79
Miami,7,10,178,Control,40,6.07
Miami,7,10,178,Control,45,6.1
Miami,7,10,178,Control,50,5.84
Miami,7,10,178,Control,55,6.18
Miami,7,11,179,Control,0,6.16
Miami,7,11,179,Control,5,5.96
Miami,7,11,179,Control,10,6.06
Miami,7,11,179,Control,15,6.1
Miami,7,11,179,Control,20,6.15
Miami,7,11,179,Control,25,6.38
Miami,7,11,179,Control,30,6.17
Miami,7,11,179,Control,35,5.75
Miami,7,11,179,Control,40,5.96
Miami,7,11,179,Control,45,6.14
Miami,7,11,179,Control,50,6.38
Miami,7,11,179,Control,55,6.42
Miami,7,12,180,Treatment,0,6.13
Miami,7,12,180,Treatment,5,6.09
Miami,7,12,180,Treatment,10,5.33
Miami,7,12,180,Treatment,15,5.6
Miami,7,12,180,Treatment,20,5.22
Miami,7,12,180,Treatment,25,5.47
Miami,7,12,180,Treatment,30,6.25
Miami,7,12,180,Treatment,35,5.57
Miami,7,12,180,Treatment,40,5.27
Miami,7,12,180,Treatment,45,5.59
Miami,7,12,180,Treatment,50,5.36
Miami,7,12,180,Treatment,55,5.25
Miami,7,13,181,Control,0,5.76
Miami,7,13,181,Control,5,5.78
Miami,7,13,181,Control,10,5.8
Miami,7,13,181,Control,15,6.02
Miami,7,13,181,Control,20,6.49
Miami,7,13,181,Control,25,6.18
Miami,7,13,181,Control,30,5.33
Miami,7,13,181,Control,35,6.71
Miami,7,13,181,Control,40,6.15
Miami,7,13,181,Control,45,6.19
Miami,7,13,181,Control,50,6.37
Miami,7,13,181,Control,55,6.22
Miami,7,14,182,Treatment,0,5.99
Miami,7,14,182,Treatment,5,5.59
Miami,7,14,182,Treatment,10,5.76
Miami,7,14,182,Treatment,15,5.85
Miami,7,14,182,Treatment,20,5.33
Miami,7,14,182,Treatment,25,5.31
Miami,7,14,182,Treatment,30,5.8
Miami,7,14,182,Treatment,35,5.38
Miami,7,14,182,Treatment,40,5.39
Miami,7,14,182,Treatment,45,5.4
Miami,7,14,182,Treatment,50,5.47
Miami,7,14,182,Treatment,55,5.1
Miami,7,15,183,Treatment,0,5.55
Miami,7,15,183,Treatment,5,5.55
Miami,7,15,183,Treatment,10,5.78
Miami,7,15,183,Treatment,15,5.95
Miami,7,15,183,Treatment,20,5.87
Miami,7,15,183,Treatment,25,5.72
Miami,7,15,183,Treatment,30,5.45
Miami,7,15,183,Treatment,35,5.33
Miami,7,15,183,Treatment,40,5.49
Miami,7,15,183,Treatment,45,5.64
Miami,7,15,183,Treatment,50,5.7
Miami,7,15,183,Treatment,55,5.65
Miami,7,16,184,Control,0,5.69
Miami,7,16,184,Control,5,6.01
Miami,7,16,184,Control,10,6.12
Miami,7,16,184,Control,15,6.09
Miami,7,16,184,Control,20,5.89
Miami,7,16,184,Control,25,5.89
Miami,7,16,184,Control,30,5.93
Miami,7,16,184,Control,35,6.16
Miami,7,16,184,Control,40,6.23
Miami,7,16,184,Control,45,5.75
Miami,7,16,184,Control,50,5.97
Miami,7,16,184,Control,55,6.16
Miami,7,17,185,Treatment,0,6.21
Miami,7,17,185,Treatment,5,5.82
Miami,7,17,185,Treatment,10,5.51
Miami,7,17,185,Treatment,15,5.5
Miami,7,17,185,Treatment,20,5.59
Miami,7,17,185,Treatment,25,5.28
Miami,7,17,185,Treatment,30,5.43
Miami,7,17,185,Treatment,35,5.61
Miami,7,17,185,Treatment,40,5.3
Miami,7,17,185,Treatment,45,5.08
Miami,7,17,185,Treatment,50,5.11
Miami,7,17,185,Treatment,55,5.39
Miami,7,18,186,Control,0,5.4
Miami,7,18,186,Control,5,6.11
Miami,7,18,186,Control,10,5.55
Miami,7,18,186,Control,15,6.03
Miami,7,18,186,Control,20,6.63
Miami,7,18,186,Control,25,6.2
Miami,7,18,186,Control,30,6.01
Miami,7,18,186,Control,35,6.06
Miami,7,18,186,Control,40,6.21
Miami,7,18,186,Control,45,6.52
Miami,7,18,186,Control,50,5.97
Miami,7,18,186,Control,55,5.91
Miami,7,19,187,Treatment,0,6.13
Miami,7,19,187,Treatment,5,5.55
Miami,7,19,187,Treatment,10,5.58
Miami,7,19,187,Treatment,15,5.26
Miami,7,19,187,Treatment,20,5.76
Miami,7,19,187,Treatment,25,5.36
Miami,7,19,187,Treatment,30,5.59
Miami,7,19,187,Treatment,35,5.09
Miami,7,19,187,Treatment,40,5.52
Miami,7,19,187,Treatment,45,5.19
Miami,7,19,187,Treatment,50,5.38
Miami,7,19,187,Treatment,55,6.04
Miami,7,20,188,Treatment,0,5.46
Miami,7,20,188,Treatment,5,6.29
Miami,7,20,188,Treatment,10,5.26
Miami,7,20,188,Treatment,15,5.78
Miami,7,20,188,Treatment,20,5.11
Miami,7,20,188,Treatment,25,5.43
Miami,7,20,188,Treatment,30,5.15
Miami,7,20,188,Treatment,35,5.55
Miami,7,20,188,Treatment,40,5.5
Miami,7,20,188,Treatment,45,5.41
Miami,7,20,188,Treatment,50,5.76
Miami,7,20,188,Treatment,55,5.35
Miami,7,21,189,Control,0,5.7
Miami,7,21,189,Control,5,5.32
Miami,7,21,189,Control,10,5.71
Miami,7,21,189,Control,15,6.11
Miami,7,21,189,Control,20,6.26
Miami,7,21,189,Control,25,6.46
Miami,7,21,189,Control,30,6.05
Miami,7,21,189,Control,35,6.02
Miami,7,21,189,Control,40,5.88
Miami,7,21,189,Control,45,6.18
Miami,7,21,189,Control,50,6.03
Miami,7,21,189,Control,55,6.03
Miami,7,22,190,Treatment,0,6.24
Miami,7,22,190,Treatment,5,5.76
Miami,7,22,190,Treatment,10,5.5
Miami,7,22,190,Treatment,15,5.6
Miami,7,22,190,Treatment,20,4.73
Miami,7,22,190,Treatment,25,5.34
Miami,7,22,190,Treatment,30,5.2
Miami,7,22,190,Treatment,35,5.79
Miami,7,22,190,Treatment,40,5.38
Miami,7,22,190,Treatment,45,5.35
Miami,7,22,190,Treatment,50,5.48
Miami,7,22,190,Treatment,55,5.34
Miami,7,23,191,Treatment,0,5.51
Miami,7,23,191,Treatment,5,5.38
Miami,7,23,191,Treatment,10,5.38
Miami,7,23,191,Treatment,15,5.24
Miami,7,23,191,Treatment,20,5.2
Miami,7,23,191,Treatment,25,5.51
Miami,7,23,191,Treatment,30,5.57
Miami,7,23,191,Treatment,35,5.13
Miami,7,23,191,Treatment,40,5.68
Miami,7,23,191,Treatment,45,5.68
Miami,7,23,191,Treatment,50,5.73
Miami,7,23,191,Treatment,55,5.56
Miami,8,0,192,Treatment,0,6.04
Miami,8,0,192,Treatment,5,5.41
Miami,8,0,192,Treatment,10,5.23
Miami,8,0,192,Treatment,15,5.11
Miami,8,0,192,Treatment,20,5.93
Miami,8,0,192,Treatment,25,5.93
Miami,8,0,192,Treatment,30,5.26
Miami,8,0,192,Treatment,35,5.31
Miami,8,0,192,Treatment,40,5.41
Miami,8,0,192,Treatment,45,5.8
Miami,8,0,192,Treatment,50,5.17
Miami,8,0,192,Treatment,55,5.0
Miami,8,1,193,Control,0,5.57
Miami,8,1,193,Control,5,5.81
Miami,8,1,193,Control,10,5.85
Miami,8,1,193,Control,15,6.22
Miami,8,1,193,Control,20,5.72
Miami,8,1,193,Control,25,5.89
Miami,8,1,193,Control,30,6.13
Miami,8,1,193,Control,35,5.53
Miami,8,1,193,Control,40,6.02
Miami,8,1,193,Control,45,6.01
Miami,8,1,193,Control,50,6.02
Miami,8,1,193,Control,55,5.96
Miami,8,2,194,Treatment,0,5.64
Miami,8,2,194,Treatment,5,5.93
Miami,8,2,194,Treatment,10,5.62
Miami,8,2,194,Treatment,15,5.15
Miami,8,2,194,Treatment,20,5.51
Miami,8,2,194,Treatment,25,5.42
Miami,8,2,194,Treatment,30,5.37
Miami,8,2,194,Treatment,35,4.95
Miami,8,2,194,Treatment,40,5.66
Miami,8,2,194,Treatment,45,5.18
Miami,8,2,194,Treatment,50,5.51
Miami,8,2,194,Treatment,55,5.29
Miami,8,3,195,Control,0,5.78
Miami,8,3,195,Control,5,5.83
Miami,8,3,195,Control,10,6.18
Miami,8,3,195,Control,15,6.18
Miami,8,3,195,Control,20,6.2
Miami,8,3,195,Control,25,5.65
Miami,8,3,195,Control,30,6.02
Miami,8,3,195,Control,35,6.04
Miami,8,3,195,Control,40,6.41
Miami,8,3,195,Control,45,5.97
Miami,8,3,195,Control,50,6.17
Miami,8,3,195,Control,55,6.16
Miami,8,4,196,Control,0,6.07
Miami,8,4,196,Control,5,6.31
Miami,8,4,196,Control,10,5.67
Miami,8,4,196,Control,15,5.7
Miami,8,4,196,Control,20,5.53
Miami,8,4,196,Control,25,6.3
Miami,8,4,196,Control,30,6.27
Miami,8,4,196,Control,35,6.32
Miami,8,4,196,Control,40,5.93
Miami,8,4,196,Control,45,5.96
Miami,8,4,196,Control,50,6.07
Miami,8,4,196,Control,55,6.46
Miami,8,5,197,Treatment,0,6.3
Miami,8,5,197,Treatment,5,5.98
Miami,8,5,197,Treatment,10,6.03
Miami,8,5,197,Treatment,15,5.43
Miami,8,5,197,Treatment,20,5.39
Miami,8,5,197,Treatment,25,5.46
Miami,8,5,197,Treatment,30,5.25
Miami,8,5,197,Treatment,35,5.45
Miami,8,5,197,Treatment,40,5.21
Miami,8,5,197,Treatment,45,5.75
Miami,8,5,197,Treatment,50,5.63
Miami,8,5,197,Treatment,55,5.85
Miami,8,6,198,Control,0,5.97
Miami,8,6,198,Control,5,5.3
Miami,8,6,198,Control,10,5.6
Miami,8,6,198,Control,15,5.94
Miami,8,6,198,Control,20,6.43
Miami,8,6,198,Control,25,6.16
Miami,8,6,198,Control,30,6.04
Miami,8,6,198,Control,35,5.9
Miami,8,6,198,Control,40,5.76
Miami,8,6,198,Control,45,6.38
Miami,8,6,198,Control,50,6.3
Miami,8,6,198,Control,55,6.44
Miami,8,7,199,Control,0,5.44
Miami,8,7,199,Control,5,5.79
Miami,8,7,199,Control,10,6.22
Miami,8,7,199,Control,15,6.01
Miami,8,7,199,Control,20,5.96
Miami,8,7,199,Control,25,5.82
Miami,8,7,199,Control,30,6.34
Miami,8,7,199,Control,35,6.21
Miami,8,7,199,Control,40,6.23
Miami,8,7,199,Control,45,5.94
Miami,8,7,199,Control,50,6.14
Miami,8,7,199,Control,55,5.77
Miami,8,8,200,Treatment,0,5.47
Miami,8,8,200,Treatment,5,5.5
Miami,8,8,200,Treatment,10,5.61
Miami,8,8,200,Treatment,15,6.08
Miami,8,8,200,Treatment,20,5.04
Miami,8,8,200,Treatment,25,5.18
Miami,8,8,200,Treatment,30,5.54
Miami,8,8,200,Treatment,35,5.93
Miami,8,8,200,Treatment,40,5.54
Miami,8,8,200,Treatment,45,5.67
Miami,8,8,200,Treatment,50,5.41
Miami,8,8,200,Treatment,55,5.36
Miami,8,9,201,Treatment,0,5.33
Miami,8,9,201,Treatment,5,5.67
Miami,8,9,201,Treatment,10,5.09
Miami,8,9,201,Treatment,15,5.71
Miami,8,9,201,Treatment,20,5.5
Miami,8,9,201,Treatment,25,5.44
Miami,8,9,201,Treatment,30,5.08
Miami,8,9,201,Treatment,35,5.25
Miami,8,9,201,Treatment,40,5.79
Miami,8,9,201,Treatment,45,5.44
Miami,8,9,201,Treatment,50,5.56
Miami,8,9,201,Treatment,55,5.27
Miami,8,10,202,Treatment,0,5.15
Miami,8,10,202,Treatment,5,5.51
Miami,8,10,202,Treatment,10,5.58
Miami,8,10,202,Treatment,15,5.57
Miami,8,10,202,Treatment,20,5.26
Miami,8,10,202,Treatment,25,5.4
Miami,8,10,202,Treatment,30,5.62
Miami,8,10,202,Treatment,35,5.44
Miami,8,10,202,Treatment,40,5.42
Miami,8,10,202,Treatment,45,5.97
Miami,8,10,202,Treatment,50,5.25
Miami,8,10,202,Treatment,55,5.76
Miami,8,11,203,Treatment,0,5.65
Miami,8,11,203,Treatment,5,5.67
Miami,8,11,203,Treatment,10,5.36
Miami,8,11,203,Treatment,15,5.19
Miami,8,11,203,Treatment,20,5.0
Miami,8,11,203,Treatment,25,5.34
Miami,8,11,203,Treatment,30,5.62
Miami,8,11,203,Treatment,35,5.22
Miami,8,11,203,Treatment,40,5.51
Miami,8,11,203,Treatment,45,5.12
Miami,8,11,203,Treatment,50,5.43
Miami,8,11,203,Treatment,55,5.2
Miami,8,12,204,Control,0,5.36
Miami,8,12,204,Control,5,5.4
Miami,8,12,204,Control,10,5.73
Miami,8,12,204,Control,15,5.87
Miami,8,12,204,Control,20,5.77
Miami,8,12,204,Control,25,6.37
Miami,8,12,204,Control,30,6.01
Miami,8,12,204,Control,35,5.55
Miami,8,12,204,Control,40,5.94
Miami,8,12,204,Control,45,6.33
Miami,8,12,204,Control,50,5.91
Miami,8,12,204,Control,55,6.47
Miami,8,13,205,Treatment,0,6.23
Miami,8,13,205,Treatment,5,6.16
Miami,8,13,205,Treatment,10,5.81
Miami,8,13,205,Treatment,15,5.15
Miami,8,13,205,Treatment,20,5.25
Miami,8,13,205,Treatment,25,5.78
Miami,8,13,205,Treatment,30,5.29
Miami,8,13,205,Treatment,35,5.73
Miami,8,13,205,Treatment,40,5.38
Miami,8,13,205,Treatment,45,5.53
Miami,8,13,205,Treatment,50,5.14
Miami,8,13,205,Treatment,55,5.34
Miami,8,14,206,Treatment,0,5.55
Miami,8,14,206,Treatment,5,5.51
Miami,8,14,206,Treatment,10,5.61
Miami,8,14,206,Treatment,15,5.37
Miami,8,14,206,Treatment,20,5.26
Miami,8,14,206,Treatment,25,5.54
Miami,8,14,206,Treatment,30,5.23
Miami,8,14,206,Treatment,35,5.76
Miami,8,14,206,Treatment,40,5.46
Miami,8,14,206,Treatment,45,5.41
Miami,8,14,206,Treatment,50,5.61
Miami,8,14,206,Treatment,55,5.47
Miami,8,15,207,Treatment,0,5.22
Miami,8,15,207,Treatment,5,5.75
Miami,8,15,207,Treatment,10,5.51
Miami,8,15,207,Treatment,15,5.07
Miami,8,15,207,Treatment,20,5.58
Miami,8,15,207,Treatment,25,5.35
Miami,8,15,207,Treatment,30,5.27
Miami,8,15,207,Treatment,35,5.2
Miami,8,15,207,Treatment,40,5.74
Miami,8,15,207,Treatment,45,5.0
Miami,8,15,207,Treatment,50,5.28
Miami,8,15,207,Treatment,55,5.52
Miami,8,16,208,Control,0,5.63
Miami,8,16,208,Control,5,5.48
Miami,8,16,208,Control,10,6.28
Miami,8,16,208,Control,15,5.76
Miami,8,16,208,Control,20,6.17
Miami,8,16,208,Control,25,6.22
Miami,8,16,208,Control,30,5.88
Miami,8,16,208,Control,35,6.27
Miami,8,16,208,Control,40,5.97
Miami,8,16,208,Control,45,6.27
Miami,8,16,208,Control,50,5.64
Miami,8,16,208,Control,55,6.18
Miami,8,17,209,Control,0,6.39
Miami,8,17,209,Control,5,6.09
Miami,8,17,209,Control,10,6.41
Miami,8,17,209,Control,15,6.23
Miami,8,17,209,Control,20,6.07
Miami,8,17,209,Control,25,6.3
Miami,8,17,209,Control,30,6.3
Miami,8,17,209,Control,35,6.22
Miami,8,17,209,Control,40,5.53
Miami,8,17,209,Control,45,5.85
Miami,8,17,209,Control,50,6.45
Miami,8,17,209,Control,55,5.79
Miami,8,18,210,Control,0,6.28
Miami,8,18,210,Control,5,5.92
Miami,8,18,210,Control,10,5.6
Miami,8,18,210,Control,15,5.96
Miami,8,18,210,Control,20,6.62
Miami,8,18,210,Control,25,5.88
Miami,8,18,210,Control,30,5.9
Miami,8,18,210,Control,35,5.85
Miami,8,18,210,Control,40,6.4
Miami,8,18,210,Control,45,6.04
Miami,8,18,210,Control,50,5.94
Miami,8,18,210,Control,55,6.45
Miami,8,19,211,Control,0,5.87
Miami,8,19,211,Control,5,5.79
Miami,8,19,211,Control,10,6.39
Miami,8,19,211,Control,15,6.1
Miami,8,19,211,Control,20,5.71
Miami,8,19,211,Control,25,5.65
Miami,8,19,211,Control,30,5.82
Miami,8,19,211,Control,35,5.79
Miami,8,19,211,Control,40,5.59
Miami,8,19,211,Control,45,5.83
Miami,8,19,211,Control,50,5.87
Miami,8,19,211,Control,55,5.98
Miami,8,20,212,Control,0,6.03
Miami,8,20,212,Control,5,6.06
Miami,8,20,212,Control,10,6.23
Miami,8,20,212,Control,15,6.04
Miami,8,20,212,Control,20,6.2
Miami,8,20,212,Control,25,6.17
Miami,8,20,212,Control,30,6.13
Miami,8,20,212,Control,35,6.79
Miami,8,20,212,Control,40,6.33
Miami,8,20,212,Control,45,5.83
Miami,8,20,212,Control,50,6.19
Miami,8,20,212,Control,55,5.9
Miami,8,21,213,Control,0,5.76
Miami,8,21,213,Control,5,5.82
Miami,8,21,213,Control,10,6.19
Miami,8,21,213,Control,15,6.35
Miami,8,21,213,Control,20,6.23
Miami,8,21,213,Control,25,6.31
Miami,8,21,213,Control,30,6.19
Miami,8,21,213,Control,35,6.14
Miami,8,21,213,Control,40,5.97
Miami,8,21,213,Control,45,6.3
Miami,8,21,213,Control,50,6.36
Miami,8,21,213,Control,55,6.08
Miami,8,22,214,Treatment,0,6.5
Miami,8,22,214,Treatment,5,5.89
Miami,8,22,214,Treatment,10,5.71
Miami,8,22,214,Treatment,15,5.61
Miami,8,22,214,Treatment,20,5.47
Miami,8,22,214,Treatment,25,5.28
Miami,8,22,214,Treatment,30,5.58
Miami,8,22,214,Treatment,35,5.48
Miami,8,22,214,Treatment,40,5.95
Miami,8,22,214,Treatment,45,5.69
Miami,8,22,214,Treatment,50,5.34
Miami,8,22,214,Treatment,55,5.67
Miami,8,23,215,Control,0,5.82
Miami,8,23,215,Control,5,5.56
Miami,8,23,215,Control,10,5.94
Miami,8,23,215,Control,15,6.08
Miami,8,23,215,Control,20,6.11
Miami,8,23,215,Control,25,5.88
Miami,8,23,215,Control,30,6.24
Miami,8,23,215,Control,35,6.2
Miami,8,23,215,Control,40,6.42
Miami,8,23,215,Control,45,6.1
Miami,8,23,215,Control,50,6.0
Miami,8,23,215,Control,55,6.3
Miami,9,0,216,Control,0,6.37
Miami,9,0,216,Control,5,6.37
Miami,9,0,216,Control,10,6.41
Miami,9,0,216,Control,15,6.19
Miami,9,0,216,Control,20,5.98
Miami,9,0,216,Control,25,6.13
Miami,9,0,216,Control,30,6.2
Miami,9,0,216,Control,35,5.96
Miami,9,0,216,Control,40,6.43
Miami,9,0,216,Control,45,6.25
Miami,9,0,216,Control,50,5.88
Miami,9,0,216,Control,55,6.57
Miami,9,1,217,Control,0,5.83
Miami,9,1,217,Control,5,5.89
Miami,9,1,217,Control,10,6.47
Miami,9,1,217,Control,15,6.56
Miami,9,1,217,Control,20,6.35
Miami,9,1,217,Control,25,6.43
Miami,9,1,217,Control,30,6.4
Miami,9,1,217,Control,35,6.24
Miami,9,1,217,Control,40,6.18
Miami,9,1,217,Control,45,6.23
Miami,9,1,217,Control,50,6.28
Miami,9,1,217,Control,55,5.91
Miami,9,2,218,Control,0,6.46
Miami,9,2,218,Control,5,6.05
Miami,9,2,218,Control,10,6.02
Miami,9,2,218,Control,15,6.22
Miami,9,2,218,Control,20,5.94
Miami,9,2,218,Control,25,5.77
Miami,9,2,218,Control,30,6.39
Miami,9,2,218,Control,35,5.99
Miami,9,2,218,Control,40,6.1
Miami,9,2,218,Control,45,5.95
Miami,9,2,218,Control,50,6.42
Miami,9,2,218,Control,55,6.31
Miami,9,3,219,Treatment,0,5.81
Miami,9,3,219,Treatment,5,5.81
Miami,9,3,219,Treatment,10,5.84
Miami,9,3,219,Treatment,15,5.54
Miami,9,3,219,Treatment,20,5.52
Miami,9,3,219,Treatment,25,5.54
Miami,9,3,219,Treatment,30,5.68
Miami,9,3,219,Treatment,35,5.48
Miami,9,3,219,Treatment,40,5.6
Miami,9,3,219,Treatment,45,5.24
Miami,9,3,219,Treatment,50,6.13
Miami,9,3,219,Treatment,55,5.42
Miami,9,4,220,Control,0,5.63
Miami,9,4,220,Control,5,5.59
Miami,9,4,220,Control,10,5.9
Miami,9,4,220,Control,15,6.1
Miami,9,4,220,Control,20,5.87
Miami,9,4,220,Control,25,6.21
Miami,9,4,220,Control,30,5.69
Miami,9,4,220,Control,35,6.54
Miami,9,4,220,Control,40,6.3
Miami,9,4,220,Control,45,6.26
Miami,9,4,220,Control,50,5.67
Miami,9,4,220,Control,55,5.9
Miami,9,5,221,Control,0,7.14
Miami,9,5,221,Control,5,6.4
Miami,9,5,221,Control,10,6.36
Miami,9,5,221,Control,15,6.23
Miami,9,5,221,Control,20,5.89
Miami,9,5,221,Control,25,6.35
Miami,9,5,221,Control,30,5.82
Miami,9,5,221,Control,35,5.8
Miami,9,5,221,Control,40,5.78
Miami,9,5,221,Control,45,6.34
Miami,9,5,221,Control,50,6.09
Miami,9,5,221,Control,55,6.13
Miami,9,6,222,Treatment,0,5.82
Miami,9,6,222,Treatment,5,5.73
Miami,9,6,222,Treatment,10,5.54
Miami,9,6,222,Treatment,15,5.14
Miami,9,6,222,Treatment,20,5.36
Miami,9,6,222,Treatment,25,5.22
Miami,9,6,222,Treatment,30,5.63
Miami,9,6,222,Treatment,35,5.66
Miami,9,6,222,Treatment,40,5.17
Miami,9,6,222,Treatment,45,5.42
Miami,9,6,222,Treatment,50,5.95
Miami,9,6,222,Treatment,55,5.24
Miami,9,7,223,Control,0,5.52
Miami,9,7,223,Control,5,5.97
Miami,9,7,223,Control,10,5.97
Miami,9,7,223,Control,15,5.99
Miami,9,7,223,Control,20,6.12
Miami,9,7,223,Control,25,6.12
Miami,9,7,223,Control,30,6.08
Miami,9,7,223,Control,35,5.77
Miami,9,7,223,Control,40,6.41
Miami,9,7,223,Control,45,6.37
Miami,9,7,223,Control,50,5.84
Miami,9,7,223,Control,55,6.02
Miami,9,8,224,Treatment,0,5.81
Miami,9,8,224,Treatment,5,5.43
Miami,9,8,224,Treatment,10,5.53
Miami,9,8,224,Treatment,15,5.4
Miami,9,8,224,Treatment,20,5.13
Miami,9,8,224,Treatment,25,5.53
Miami,9,8,224,Treatment,30,5.78
Miami,9,8,224,Treatment,35,5.7
Miami,9,8,224,Treatment,40,5.46
Miami,9,8,224,Treatment,45,5.03
Miami,9,8,224,Treatment,50,5.67
Miami,9,8,224,Treatment,55,5.53
Miami,9,9,225,Control,0,5.97
Miami,9,9,225,Control,5,5.49
Miami,9,9,225,Control,10,5.18
Miami,9,9,225,Control,15,5.84
Miami,9,9,225,Control,20,6.22
Miami,9,9,225,Control,25,6.11
Miami,9,9,225,Control,30,5.8
Miami,9,9,225,Control,35,5.75
Miami,9,9,225,Control,40,6.01
Miami,9,9,225,Control,45,5.79
Miami,9,9,225,Control,50,6.23
Miami,9,9,225,Control,55,6.0
Miami,9,10,226,Control,0,5.91
Miami,9,10,226,Control,5,6.17
Miami,9,10,226,Control,10,6.11
Miami,9,10,226,Control,15,6.15
Miami,9,10,226,Control,20,6.15
Miami,9,10,226,Control,25,6.08
Miami,9,10,226,Control,30,5.84
Miami,9,10,226,Control,35,5.92
Miami,9,10,226,Control,40,6.0
Miami,9,10,226,Control,45,6.62
Miami,9,10,226,Control,50,5.76
Miami,9,10,226,Control,55,6.0
Miami,9,11,227,Control,0,6.02
Miami,9,11,227,Control,5,6.37
Miami,9,11,227,Control,10,6.02
Miami,9,11,227,Control,15,6.04
Miami,9,11,227,Control,20,6.3
Miami,9,11,227,Control,25,6.55
Miami,9,11,227,Control,30,6.45
Miami,9,11,227,Control,35,6.07
Miami,9,11,227,Control,40,6.09
Miami,9,11,227,Control,45,6.11
Miami,9,11,227,Control,50,6.14
Miami,9,11,227,Control,55,5.89
Miami,9,12,228,Treatment,0,6.15
Miami,9,12,228,Treatment,5,5.89
Miami,9,12,228,Treatment,10,5.38
Miami,9,12,228,Treatment,15,5.51
Miami,9,12,228,Treatment,20,5.02
Miami,9,12,228,Treatment,25,5.34
Miami,9,12,228,Treatment,30,5.35
Miami,9,12,228,Treatment,35,5.56
Miami,9,12,228,Treatment,40,5.96
Miami,9,12,228,Treatment,45,5.63
Miami,9,12,228,Treatment,50,5.85
Miami,9,12,228,Treatment,55,5.65
Miami,9,13,229,Treatment,0,5.95
Miami,9,13,229,Treatment,5,5.31
Miami,9,13,229,Treatment,10,5.29
Miami,9,13,229,Treatment,15,5.66
Miami,9,13,229,Treatment,20,5.49
Miami,9,13,229,Treatment,25,5.55
Miami,9,13,229,Treatment,30,5.43
Miami,9,13,229,Treatment,35,5.34
Miami,9,13,229,Treatment,40,5.9
Miami,9,13,229,Treatment,45,5.22
Miami,9,13,229,Treatment,50,5.66
Miami,9,13,229,Treatment,55,5.62
Miami,9,14,230,Treatment,0,5.28
Miami,9,14,230,Treatment,5,5.32
Miami,9,14,230,Treatment,10,5.63
Miami,9,14,230,Treatment,15,5.4
Miami,9,14,230,Treatment,20,5.47
Miami,9,14,230,Treatment,25,5.13
Miami,9,14,230,Treatment,30,6.07
Miami,9,14,230,Treatment,35,5.51
Miami,9,14,230,Treatment,40,5.61
Miami,9,14,230,Treatment,45,5.35
Miami,9,14,230,Treatment,50,5.33
Miami,9,14,230,Treatment,55,5.97
Miami,9,15,231,Control,0,5.56
Miami,9,15,231,Control,5,5.39
Miami,9,15,231,Control,10,5.8
Miami,9,15,231,Control,15,5.94
Miami,9,15,231,Control,20,5.85
Miami,9,15,231,Control,25,6.11
Miami,9,15,231,Control,30,5.46
Miami,9,15,231,Control,35,6.02
Miami,9,15,231,Control,40,6.08
Miami,9,15,231,Control,45,5.76
Miami,9,15,231,Control,50,6.48
Miami,9,15,231,Control,55,5.95
Miami,9,16,232,Control,0,5.95
Miami,9,16,232,Control,5,6.08
Miami,9,16,232,Control,10,6.43
Miami,9,16,232,Control,15,6.72
Miami,9,16,232,Control,20,6.29
Miami,9,16,232,Control,25,6.37
Miami,9,16,232,Control,30,6.53
Miami,9,16,232,Control,35,6.16
Miami,9,16,232,Control,40,6.49
Miami,9,16,232,Control,45,6.3
Miami,9,16,232,Control,50,6.14
Miami,9,16,232,Control,55,6.19
Miami,9,17,233,Control,0,6.17
Miami,9,17,233,Control,5,5.71
Miami,9,17,233,Control,10,5.69
Miami,9,17,233,Control,15,6.15
Miami,9,17,233,Control,20,5.82
Miami,9,17,233,Control,25,6.1
Miami,9,17,233,Control,30,6.13
Miami,9,17,233,Control,35,6.15
Miami,9,17,233,Control,40,5.87
Miami,9,17,233,Control,45,6.32
Miami,9,17,233,Control,50,6.08
Miami,9,17,233,Control,55,6.21
Miami,9,18,234,Control,0,6.06
Miami,9,18,234,Control,5,6.37
Miami,9,18,234,Control,10,6.34
Miami,9,18,234,Control,15,5.9
Miami,9,18,234,Control,20,5.96
Miami,9,18,234,Control,25,5.85
Miami,9,18,234,Control,30,5.94
Miami,9,18,234,Control,35,5.75
Miami,9,18,234,Control,40,6.07
Miami,9,18,234,Control,45,6.26
Miami,9,18,234,Control,50,5.9
Miami,9,18,234,Control,55,6.08
Miami,9,19,235,Treatment,0,6.36
Miami,9,19,235,Treatment,5,5.74
Miami,9,19,235,Treatment,10,5.55
Miami,9,19,235,Treatment,15,5.28
Miami,9,19,235,Treatment,20,5.21
Miami,9,19,235,Treatment,25,5.62
Miami,9,19,235,Treatment,30,5.46
Miami,9,19,235,Treatment,35,5.5
Miami,9,19,235,Treatment,40,5.81
Miami,9,19,235,Treatment,45,5.82
Miami,9,19,235,Treatment,50,5.08
Miami,9,19,235,Treatment,55,5.65
Miami,9,20,236,Treatment,0,5.37
Miami,9,20,236,Treatment,5,5.57
Miami,9,20,236,Treatment,10,5.06
Miami,9,20,236,Treatment,15,5.86
Miami,9,20,236,Treatment,20,5.62
Miami,9,20,236,Treatment,25,5.27
Miami,9,20,236,Treatment,30,5.34
Miami,9,20,236,Treatment,35,5.06
Miami,9,20,236,Treatment,40,5.41
Miami,9,20,236,Treatment,45,5.37
Miami,9,20,236,Treatment,50,5.16
Miami,9,20,236,Treatment,55,5.68
Miami,9,21,237,Control,0,5.48
Miami,9,21,237,Control,5,5.62
Miami,9,21,237,Control,10,6.01
Miami,9,21,237,Control,15,6.1
Miami,9,21,237,Control,20,5.83
Miami,9,21,237,Control,25,5.94
Miami,9,21,237,Control,30,6.03
Miami,9,21,237,Control,35,6.16
Miami,9,21,237,Control,40,6.1
Miami,9,21,237,Control,45,6.15
Miami,9,21,237,Control,50,5.72
Miami,9,21,237,Control,55,6.27
Miami,9,22,238,Control,0,6.74
Miami,9,22,238,Control,5,6.0
Miami,9,22,238,Control,10,6.18
Miami,9,22,238,Control,15,6.81
Miami,9,22,238,Control,20,6.15
Miami,9,22,238,Control,25,6.08
Miami,9,22,238,Control,30,5.85
Miami,9,22,238,Control,35,6.48
Miami,9,22,238,Control,40,5.81
Miami,9,22,238,Control,45,6.21
Miami,9,22,238,Control,50,5.98
Miami,9,22,238,Control,55,6.05
Miami,9,23,239,Control,0,6.44
Miami,9,23,239,Control,5,6.03
Miami,9,23,239,Control,10,5.8
Miami,9,23,239,Control,15,6.41
Miami,9,23,239,Control,20,5.97
Miami,9,23,239,Control,25,6.18
Miami,9,23,239,Control,30,6.31
Miami,9,23,239,Control,35,6.22
Miami,9,23,239,Control,40,5.55
Miami,9,23,239,Control,45,6.27
Miami,9,23,239,Control,50,6.07
Miami,9,23,239,Control,55,6.02
Miami,10,0,240,Treatment,0,5.7
Miami,10,0,240,Treatment,5,5.94
Miami,10,0,240,Treatment,10,5.35
Miami,10,0,240,Treatment,15,5.42
Miami,10,0,240,Treatment,20,5.53
Miami,10,0,240,Treatment,25,5.76
Miami,10,0,240,Treatment,30,5.29
Miami,10,0,240,Treatment,35,5.85
Miami,10,0,240,Treatment,40,5.73
Miami,10,0,240,Treatment,45,5.38
Miami,10,0,240,Treatment,50,5.21
Miami,10,0,240,Treatment,55,5.13
Miami,10,1,241,Control,0,5.31
Miami,10,1,241,Control,5,5.99
Miami,10,1,241,Control,10,5.73
Miami,10,1,241,Control,15,5.87
Miami,10,1,241,Control,20,6.16
Miami,10,1,241,Control,25,5.93
Miami,10,1,241,Control,30,6.1
Miami,10,1,241,Control,35,6.35
Miami,10,1,241,Control,40,6.13
Miami,10,1,241,Control,45,6.13
Miami,10,1,241,Control,50,6.15
Miami,10,1,241,Control,55,5.68
Miami,10,2,242,Treatment,0,6.14
Miami,10,2,242,Treatment,5,6.12
Miami,10,2,242,Treatment,10,5.84
Miami,10,2,242,Treatment,15,5.44
Miami,10,2,242,Treatment,20,5.75
Miami,10,2,242,Treatment,25,5.42
Miami,10,2,242,Treatment,30,5.55
Miami,10,2,242,Treatment,35,5.41
Miami,10,2,242,Treatment,40,5.61
Miami,10,2,242,Treatment,45,5.4
Miami,10,2,242,Treatment,50,5.9
Miami,10,2,242,Treatment,55,5.99
Miami,10,3,243,Control,0,5.88
Miami,10,3,243,Control,5,5.31
Miami,10,3,243,Control,10,5.54
Miami,10,3,243,Control,15,6.02
Miami,10,3,243,Control,20,6.11
Miami,10,3,243,Control,25,6.05
Miami,10,3,243,Control,30,5.69
Miami,10,3,243,Control,35,6.39
Miami,10,3,243,Control,40,6.64
Miami,10,3,243,Control,45,6.42
Miami,10,3,243,Control,50,6.37
Miami,10,3,243,Control,55,6.16
Miami,10,4,244,Control,0,6.12
Miami,10,4,244,Control,5,6.63
Miami,10,4,244,Control,10,6.01
Miami,10,4,244,Control,15,5.99
Miami,10,4,244,Control,20,6.38
Miami,10,4,244,Control,25,6.39
Miami,10,4,244,Control,30,5.89
Miami,10,4,244,Control,35,6.03
Miami,10,4,244,Control,40,5.97
Miami,10,4,244,Control,45,6.12
Miami,10,4,244,Control,50,6.38
Miami,10,4,244,Control,55,5.9
Miami,10,5,245,Control,0,6.13
Miami,10,5,245,Control,5,6.68
Miami,10,5,245,Control,10,6.18
Miami,10,5,245,Control,15,6.08
Miami,10,5,245,Control,20,6.24
Miami,10,5,245,Control,25,6.02
Miami,10,5,245,Control,30,5.65
Miami,10,5,245,Control,35,6.04
Miami,10,5,245,Control,40,6.04
Miami,10,5,245,Control,45,5.7
Miami,10,5,245,Control,50,6.08
Miami,10,5,245,Control,55,5.58
Miami,10,6,246,Treatment,0,6.16
Miami,10,6,246,Treatment,5,5.92
Miami,10,6,246,Treatment,10,5.59
Miami,10,6,246,Treatment,15,5.47
Miami,10,6,246,Treatment,20,5.29
Miami,10,6,246,Treatment,25,5.49
Miami,10,6,246,Treatment,30,5.5
Miami,10,6,246,Treatment,35,5.26
Miami,10,6,246,Treatment,40,5.56
Miami,10,6,246,Treatment,45,5.56
Miami,10,6,246,Treatment,50,5.45
Miami,10,6,246,Treatment,55,6.1
Miami,10,7,247,Treatment,0,5.42
Miami,10,7,247,Treatment,5,5.42
Miami,10,7,247,Treatment,10,5.38
Miami,10,7,247,Treatment,15,5.25
Miami,10,7,247,Treatment,20,5.66
Miami,10,7,247,Treatment,25,5.32
Miami,10,7,247,Treatment,30,5.35
Miami,10,7,247,Treatment,35,5.36
Miami,10,7,247,Treatment,40,5.24
Miami,10,7,247,Treatment,45,5.05
Miami,10,7,247,Treatment,50,5.37
Miami,10,7,247,Treatment,55,5.71
Miami,10,8,248,Control,0,5.88
Miami,10,8,248,Control,5,5.88
Miami,10,8,248,Control,10,6.03
Miami,10,8,248,Control,15,6.57
Miami,10,8,248,Control,20,6.08
Miami,10,8,248,Control,25,6.12
Miami,10,8,248,Control,30,6.1
Miami,10,8,248,Control,35,6.49
Miami,10,8,248,Control,40,6.1
Miami,10,8,248,Control,45,5.94
Miami,10,8,248,Control,50,6.25
Miami,10,8,248,Control,55,5.9
Miami,10,9,249,Control,0,6.2
Miami,10,9,249,Control,5,6.05
Miami,10,9,249,Control,10,6.24
Miami,10,9,249,Control,15,5.73
Miami,10,9,249,Control,20,6.14
Miami,10,9,249,Control,25,5.98
Miami,10,9,249,Control,30,6.82
Miami,10,9,249,Control,35,6.14
Miami,10,9,249,Control,40,5.95
Miami,10,9,249,Control,45,5.76
Miami,10,9,249,Control,50,6.43
Miami,10,9,249,Control,55,6.01
Miami,10,10,250,Control,0,6.18
Miami,10,10,250,Control,5,6.26
Miami,10,10,250,Control,10,6.26
Miami,10,10,250,Control,15,6.1
Miami,10,10,250,Control,20,6.14
Miami,10,10,250,Control,25,6.16
Miami,10,10,250,Control,30,6.18
Miami,10,10,250,Control,35,6.21
Miami,10,10,250,Control,40,6.37
Miami,10,10,250,Control,45,6.11
Miami,10,10,250,Control,50,5.9
Miami,10,10,250,Control,55,6.06
Miami,10,11,251,Treatment,0,5.65
Miami,10,11,251,Treatment,5,5.45
Miami,10,11,251,Treatment,10,5.92
Miami,10,11,251,Treatment,15,5.87
Miami,10,11,251,Treatment,20,5.17
Miami,10,11,251,Treatment,25,5.52
Miami,10,11,251,Treatment,30,5.39
Miami,10,11,251,Treatment,35,5.42
Miami,10,11,251,Treatment,40,5.57
Miami,10,11,251,Treatment,45,5.17
Miami,10,11,251,Treatment,50,5.21
Miami,10,11,251,Treatment,55,5.41
Miami,10,12,252,Treatment,0,5.21
Miami,10,12,252,Treatment,5,5.69
Miami,10,12,252,Treatment,10,5.39
Miami,10,12,252,Treatment,15,5.38
Miami,10,12,252,Treatment,20,5.56
Miami,10,12,252,Treatment,25,5.46
Miami,10,12,252,Treatment,30,5.7
Miami,10,12,252,Treatment,35,5.26
Miami,10,12,252,Treatment,40,5.14
Miami,10,12,252,Treatment,45,5.41
Miami,10,12,252,Treatment,50,5.51
Miami,10,12,252,Treatment,55,5.18
Miami,10,13,253,Control,0,5.54
Miami,10,13,253,Control,5,5.5
Miami,10,13,253,Control,10,5.53
Miami,10,13,253,Control,15,6.34
Miami,10,13,253,Control,20,5.94
Miami,10,13,253,Control,25,6.39
Miami,10,13,253,Control,30,6.11
Miami,10,13,253,Control,35,6.17
Miami,10,13,253,Control,40,6.05
Miami,10,13,253,Control,45,5.44
Miami,10,13,253,Control,50,5.82
Miami,10,13,253,Control,55,6.07
Miami,10,14,254,Treatment,0,5.65
Miami,10,14,254,Treatment,5,5.88
Miami,10,14,254,Treatment,10,5.41
Miami,10,14,254,Treatment,15,5.55
Miami,10,14,254,Treatment,20,5.49
Miami,10,14,254,Treatment,25,5.68
Miami,10,14,254,Treatment,30,5.76
Miami,10,14,254,Treatment,35,5.6
Miami,10,14,254,Treatment,40,5.71
Miami,10,14,254,Treatment,45,5.4
Miami,10,14,254,Treatment,50,6.2
Miami,10,14,254,Treatment,55,5.19
Miami,10,15,255,Control,0,5.72
Miami,10,15,255,Control,5,5.88
Miami,10,15,255,Control,10,6.02
Miami,10,15,255,Control,15,6.27
Miami,10,15,255,Control,20,5.58
Miami,10,15,255,Control,25,6.5
Miami,10,15,255,Control,30,6.05
Miami,10,15,255,Control,35,6.41
Miami,10,15,255,Control,40,5.59
Miami,10,15,255,Control,45,6.16
Miami,10,15,255,Control,50,5.96
Miami,10,15,255,Control,55,6.24
Miami,10,16,256,Treatment,0,6.19
Miami,10,16,256,Treatment,5,5.63
Miami,10,16,256,Treatment,10,5.68
Miami,10,16,256,Treatment,15,5.44
Miami,10,16,256,Treatment,20,5.61
Miami,10,16,256,Treatment,25,5.74
Miami,10,16,256,Treatment,30,5.53
Miami,10,16,256,Treatment,35,5.17
Miami,10,16,256,Treatment,40,5.52
Miami,10,16,256,Treatment,45,6.14
Miami,10,16,256,Treatment,50,5.9
Miami,10,16,256,Treatment,55,4.75
Miami,10,17,257,Control,0,5.72
Miami,10,17,257,Control,5,5.65
Miami,10,17,257,Control,10,5.78
Miami,10,17,257,Control,15,6.03
Miami,10,17,257,Control,20,6.24
Miami,10,17,257,Control,25,5.81
Miami,10,17,257,Control,30,6.4
Miami,10,17,257,Control,35,6.09
Miami,10,17,257,Control,40,5.87
Miami,10,17,257,Control,45,6.38
Miami,10,17,257,Control,50,5.71
Miami,10,17,257,Control,55,5.96
Miami,10,18,258,Control,0,6.64
Miami,10,18,258,Control,5,5.93
Miami,10,18,258,Control,10,5.56
Miami,10,18,258,Control,15,5.95
Miami,10,18,258,Control,20,6.21
Miami,10,18,258,Control,25,6.3
Miami,10,18,258,Control,30,6.67
Miami,10,18,258,Control,35,6.45
Miami,10,18,258,Control,40,6.15
Miami,10,18,258,Control,45,5.88
Miami,10,18,258,Control,50,6.51
Miami,10,18,258,Control,55,6.01
Miami,10,19,259,Treatment,0,6.0
Miami,10,19,259,Treatment,5,5.58
Miami,10,19,259,Treatment,10,5.58
Miami,10,19,259,Treatment,15,5.43
Miami,10,19,259,Treatment,20,5.67
Miami,10,19,259,Treatment,25,5.39
Miami,10,19,259,Treatment,30,5.17
Miami,10,19,259,Treatment,35,5.09
Miami,10,19,259,Treatment,40,5.54
Miami,10,19,259,Treatment,45,5.51
Miami,10,19,259,Treatment,50,5.35
Miami,10,19,259,Treatment,55,5.37
Miami,10,20,260,Control,0,5.84
Miami,10,20,260,Control,5,5.5
Miami,10,20,260,Control,10,5.92
Miami,10,20,260,Control,15,6.34
Miami,10,20,260,Control,20,5.91
Miami,10,20,260,Control,25,6.1
Miami,10,20,260,Control,30,6.09
Miami,10,20,260,Control,35,5.77
Miami,10,20,260,Control,40,6.14
Miami,10,20,260,Control,45,6.11
Miami,10,20,260,Control,50,6.24
Miami,10,20,260,Control,55,5.8
Miami,10,21,261,Treatment,0,6.45
Miami,10,21,261,Treatment,5,6.42
Miami,10,21,261,Treatment,10,6.01
Miami,10,21,261,Treatment,15,5.2
Miami,10,21,261,Treatment,20,5.6
Miami,10,21,261,Treatment,25,5.37
Miami,10,21,261,Treatment,30,5.56
Miami,10,21,261,Treatment,35,5.3
Miami,10,21,261,Treatment,40,5.06
Miami,10,21,261,Treatment,45,5.4
Miami,10,21,261,Treatment,50,5.67
Miami,10,21,261,Treatment,55,5.56
Miami,10,22,262,Control,0,5.54
Miami,10,22,262,Control,5,5.79
Miami,10,22,262,Control,10,6.03
Miami,10,22,262,Control,15,6.03
Miami,10,22,262,Control,20,6.12
Miami,10,22,262,Control,25,6.54
Miami,10,22,262,Control,30,6.14
Miami,10,22,262,Control,35,6.11
Miami,10,22,262,Control,40,6.13
Miami,10,22,262,Control,45,6.05
Miami,10,22,262,Control,50,5.99
Miami,10,22,262,Control,55,6.15
Miami,10,23,263,Treatment,0,6.06
Miami,10,23,263,Treatment,5,5.7
Miami,10,23,263,Treatment,10,5.72
Miami,10,23,263,Treatment,15,5.64
Miami,10,23,263,Treatment,20,5.44
Miami,10,23,263,Treatment,25,4.99
Miami,10,23,263,Treatment,30,5.64
Miami,10,23,263,Treatment,35,5.52
Miami,10,23,263,Treatment,40,5.24
Miami,10,23,263,Treatment,45,5.68
Miami,10,23,263,Treatment,50,5.14
Miami,10,23,263,Treatment,55,5.75
Miami,11,0,264,Control,0,4.92
Miami,11,0,264,Control,5,5.74
Miami,11,0,264,Control,10,5.8
Miami,11,0,264,Control,15,5.96
Miami,11,0,264,Control,20,5.92
Miami,11,0,264,Control,25,6.07
Miami,11,0,264,Control,30,5.98
Miami,11,0,264,Control,35,5.64
Miami,11,0,264,Control,40,6.42
Miami,11,0,264,Control,45,6.04
Miami,11,0,264,Control,50,5.92
Miami,11,0,264,Control,55,5.82
Miami,11,1,265,Control,0,5.78
Miami,11,1,265,Control,5,6.13
Miami,11,1,265,Control,10,5.95
Miami,11,1,265,Control,15,5.97
Miami,11,1,265,Control,20,5.82
Miami,11,1,265,Control,25,5.94
Miami,11,1,265,Control,30,6.1
Miami,11,1,265,Control,35,6.16
Miami,11,1,265,Control,40,5.9
Miami,11,1,265,Control,45,6.08
Miami,11,1,265,Control,50,6.32
Miami,11,1,265,Control,55,5.68
Miami,11,2,266,Treatment,0,5.86
Miami,11,2,266,Treatment,5,5.63
Miami,11,2,266,Treatment,10,5.76
Miami,11,2,266,Treatment,15,5.35
Miami,11,2,266,Treatment,20,5.19
Miami,11,2,266,Treatment,25,5.82
Miami,11,2,266,Treatment,30,5.72
Miami,11,2,266,Treatment,35,5.01
Miami,11,2,266,Treatment,40,5.12
Miami,11,2,266,Treatment,45,5.64
Miami,11,2,266,Treatment,50,5.42
Miami,11,2,266,Treatment,55,5.87
Miami,11,3,267,Control,0,5.56
Miami,11,3,267,Control,5,5.44
Miami,11,3,267,Control,10,6.02
Miami,11,3,267,Control,15,5.78
Miami,11,3,267,Control,20,6.43
Miami,11,3,267,Control,25,6.21
Miami,11,3,267,Control,30,5.89
Miami,11,3,267,Control,35,6.3
Miami,11,3,267,Control,40,6.66
Miami,11,3,267,Control,45,6.05
Miami,11,3,267,Control,50,6.24
Miami,11,3,267,Control,55,5.99
Miami,11,4,268,Control,0,5.72
Miami,11,4,268,Control,5,6.1
Miami,11,4,268,Control,10,6.11
Miami,11,4,268,Control,15,6.55
Miami,11,4,268,Control,20,5.65
Miami,11,4,268,Control,25,6.03
Miami,11,4,268,Control,30,6.42
Miami,11,4,268,Control,35,6.04
Miami,11,4,268,Control,40,6.06
Miami,11,4,268,Control,45,5.89
Miami,11,4,268,Control,50,5.87
Miami,11,4,268,Control,55,5.64
Miami,11,5,269,Treatment,0,5.85
Miami,11,5,269,Treatment,5,5.93
Miami,11,5,269,Treatment,10,5.5
Miami,11,5,269,Treatment,15,5.37
Miami,11,5,269,Treatment,20,5.38
Miami,11,5,269,Treatment,25,5.48
Miami,11,5,269,Treatment,30,5.36
Miami,11,5,269,Treatment,35,5.22
Miami,11,5,269,Treatment,40,5.51
Miami,11,5,269,Treatment,45,5.76
Miami,11,5,269,Treatment,50,5.52
Miami,11,5,269,Treatment,55,5.34
Miami,11,6,270,Control,0,4.98
Miami,11,6,270,Control,5,5.66
Miami,11,6,270,Control,10,5.8
Miami,11,6,270,Control,15,5.87
Miami,11,6,270,Control,20,5.91
Miami,11,6,270,Control,25,6.0
Miami,11,6,270,Control,30,6.35
Miami,11,6,270,Control,35,6.37
Miami,11,6,270,Control,40,5.87
Miami,11,6,270,Control,45,5.97
Miami,11,6,270,Control,50,5.98
Miami,11,6,270,Control,55,6.3
Miami,11,7,271,Treatment,0,6.12
Miami,11,7,271,Treatment,5,6.03
Miami,11,7,271,Treatment,10,5.54
Miami,11,7,271,Treatment,15,5.83
Miami,11,7,271,Treatment,20,5.49
Miami,11,7,271,Treatment,25,5.28
Miami,11,7,271,Treatment,30,5.43
Miami,11,7,271,Treatment,35,5.8
Miami,11,7,271,Treatment,40,5.38
Miami,11,7,271,Treatment,45,5.73
Miami,11,7,271,Treatment,50,5.33
Miami,11,7,271,Treatment,55,5.3
Miami,11,8,272,Treatment,0,5.27
Miami,11,8,272,Treatment,5,5.7
Miami,11,8,272,Treatment,10,5.58
Miami,11,8,272,Treatment,15,5.27
Miami,11,8,272,Treatment,20,5.47
Miami,11,8,272,Treatment,25,5.35
Miami,11,8,272,Treatment,30,5.58
Miami,11,8,272,Treatment,35,5.96
Miami,11,8,272,Treatment,40,5.4
Miami,11,8,272,Treatment,45,5.62
Miami,11,8,272,Treatment,50,5.5
Miami,11,8,272,Treatment,55,5.5
Miami,11,9,273,Control,0,5.28
Miami,11,9,273,Control,5,5.78
Miami,11,9,273,Control,10,5.82
Miami,11,9,273,Control,15,5.87
Miami,11,9,273,Control,20,6.35
Miami,11,9,273,Control,25,6.12
Miami,11,9,273,Control,30,6.04
Miami,11,9,273,Control,35,6.44
Miami,11,9,273,Control,40,5.64
Miami,11,9,273,Control,45,6.42
Miami,11,9,273,Control,50,5.88
Miami,11,9,273,Control,55,6.15
Miami,11,10,274,Treatment,0,5.87
Miami,11,10,274,Treatment,5,6.23
Miami,11,10,274,Treatment,10,6.16
Miami,11,10,274,Treatment,15,5.43
Miami,11,10,274,Treatment,20,5.57
Miami,11,10,274,Treatment,25,5.5
Miami,11,10,274,Treatment,30,5.92
Miami,11,10,274,Treatment,35,4.96
Miami,11,10,274,Treatment,40,5.58
Miami,11,10,274,Treatment,45,5.31
Miami,11,10,274,Treatment,50,4.9
Miami,11,10,274,Treatment,55,5.4
Miami,11,11,275,Treatment,0,5.33
Miami,11,11,275,Treatment,5,5.69
Miami,11,11,275,Treatment,10,5.79
Miami,11,11,275,Treatment,15,5.49
Miami,11,11,275,Treatment,20,5.52
Miami,11,11,275,Treatment,25,5.06
Miami,11,11,275,Treatment,30,5.31
Miami,11,11,275,Treatment,35,5.72
Miami,11,11,275,Treatment,40,5.51
Miami,11,11,275,Treatment,45,5.58
Miami,11,11,275,Treatment,50,5.52
Miami,11,11,275,Treatment,55,6.04
Miami,11,12,276,Control,0,5.89
Miami,11,12,276,Control,5,5.73
Miami,11,12,276,Control,10,6.32
Miami,11,12,276,Control,15,5.79
Miami,11,12,276,Control,20,6.15
Miami,11,12,276,Control,25,6.0
Miami,11,12,276,Control,30,6.13
Miami,11,12,276,Control,35,6.41
Miami,11,12,276,Control,40,6.19
Miami,11,12,276,Control,45,6.41
Miami,11,12,276,Control,50,5.93
Miami,11,12,276,Control,55,5.89
Miami,11,13,277,Control,0,6.09
Miami,11,13,277,Control,5,6.05
Miami,11,13,277,Control,10,5.86
Miami,11,13,277,Control,15,6.4
Miami,11,13,277,Control,20,6.01
Miami,11,13,277,Control,25,6.46
Miami,11,13,277,Control,30,6.1
Miami,11,13,277,Control,35,6.26
Miami,11,13,277,Control,40,6.24
Miami,11,13,277,Control,45,5.89
Miami,11,13,277,Control,50,6.19
Miami,11,13,277,Control,55,6.58
Miami,11,14,278,Treatment,0,6.33
Miami,11,14,278,Treatment,5,6.07
Miami,11,14,278,Treatment,10,5.77
Miami,11,14,278,Treatment,15,5.54
Miami,11,14,278,Treatment,20,5.63
Miami,11,14,278,Treatment,25,5.68
Miami,11,14,278,Treatment,30,5.15
Miami,11,14,278,Treatment,35,5.55
Miami,11,14,278,Treatment,40,5.44
Miami,11,14,278,Treatment,45,5.39
Miami,11,14,278,Treatment,50,5.81
Miami,11,14,278,Treatment,55,5.31
Miami,11,15,279,Control,0,5.69
Miami,11,15,279,Control,5,5.34
Miami,11,15,279,Control,10,5.41
Miami,11,15,279,Control,15,6.33
Miami,11,15,279,Control,20,6.14
Miami,11,15,279,Control,25,6.22
Miami,11,15,279,Control,30,5.99
Miami,11,15,279,Control,35,5.75
Miami,11,15,279,Control,40,5.8
Miami,11,15,279,Control,45,6.03
Miami,11,15,279,Control,50,5.78
Miami,11,15,279,Control,55,6.18
Miami,11,16,280,Treatment,0,6.15
Miami,11,16,280,Treatment,5,5.94
Miami,11,16,280,Treatment,10,5.79
Miami,11,16,280,Treatment,15,5.61
Miami,11,16,280,Treatment,20,5.4
Miami,11,16,280,Treatment,25,5.54
Miami,11,16,280,Treatment,30,5.55
Miami,11,16,280,Treatment,35,4.88
Miami,11,16,280,Treatment,40,5.65
Miami,11,16,280,Treatment,45,5.53
Miami,11,16,280,Treatment,50,5.63
Miami,11,16,280,Treatment,55,5.17
Miami,11,17,281,Control,0,5.22
Miami,11,17,281,Control,5,5.88
Miami,11,17,281,Control,10,5.55
Miami,11,17,281,Control,15,5.87
Miami,11,17,281,Control,20,6.23
Miami,11,17,281,Control,25,5.94
Miami,11,17,281,Control,30,5.87
Miami,11,17,281,Control,35,6.33
Miami,11,17,281,Control,40,6.34
Miami,11,17,281,Control,45,6.28
Miami,11,17,281,Control,50,6.31
Miami,11,17,281,Control,55,6.04
Miami,11,18,282,Treatment,0,5.94
Miami,11,18,282,Treatment,5,5.94
Miami,11,18,282,Treatment,10,5.56
Miami,11,18,282,Treatment,15,5.38
Miami,11,18,282,Treatment,20,5.64
Miami,11,18,282,Treatment,25,5.79
Miami,11,18,282,Treatment,30,5.59
Miami,11,18,282,Treatment,35,5.94
Miami,11,18,282,Treatment,40,5.31
Miami,11,18,282,Treatment,45,5.03
Miami,11,18,282,Treatment,50,5.67
Miami,11,18,282,Treatment,55,5.3
Miami,11,19,283,Treatment,0,5.05
Miami,11,19,283,Treatment,5,5.27
Miami,11,19,283,Treatment,10,5.11
Miami,11,19,283,Treatment,15,5.38
Miami,11,19,283,Treatment,20,5.39
Miami,11,19,283,Treatment,25,5.51
Miami,11,19,283,Treatment,30,5.8
Miami,11,19,283,Treatment,35,5.66
Miami,11,19,283,Treatment,40,5.08
Miami,11,19,283,Treatment,45,5.64
Miami,11,19,283,Treatment,50,5.52
Miami,11,19,283,Treatment,55,5.47
Miami,11,20,284,Control,0,5.54
Miami,11,20,284,Control,5,5.52
Miami,11,20,284,Control,10,5.85
Miami,11,20,284,Control,15,6.4
Miami,11,20,284,Control,20,5.92
Miami,11,20,284,Control,25,5.84
Miami,11,20,284,Control,30,6.08
Miami,11,20,284,Control,35,5.82
Miami,11,20,284,Control,40,5.67
Miami,11,20,284,Control,45,6.01
Miami,11,20,284,Control,50,6.46
Miami,11,20,284,Control,55,6.09
Miami,11,21,285,Control,0,5.57
Miami,11,21,285,Control,5,6.21
Miami,11,21,285,Control,10,6.12
Miami,11,21,285,Control,15,5.93
Miami,11,21,285,Control,20,6.15
Miami,11,21,285,Control,25,6.14
Miami,11,21,285,Control,30,5.84
Miami,11,21,285,Control,35,6.18
Miami,11,21,285,Control,40,6.4
Miami,11,21,285,Control,45,6.04
Miami,11,21,285,Control,50,5.88
Miami,11,21,285,Control,55,6.06
Miami,11,22,286,Control,0,5.79
Miami,11,22,286,Control,5,6.24
Miami,11,22,286,Control,10,5.93
Miami,11,22,286,Control,15,6.16
Miami,11,22,286,Control,20,5.96
Miami,11,22,286,Control,25,5.96
Miami,11,22,286,Control,30,6.48
Miami,11,22,286,Control,35,5.75
Miami,11,22,286,Control,40,6.22
Miami,11,22,286,Control,45,6.53
Miami,11,22,286,Control,50,6.27
Miami,11,22,286,Control,55,5.77
Miami,11,23,287,Treatment,0,5.91
Miami,11,23,287,Treatment,5,5.94
Miami,11,23,287,Treatment,10,5.75
Miami,11,23,287,Treatment,15,5.17
Miami,11,23,287,Treatment,20,5.27
Miami,11,23,287,Treatment,25,5.29
Miami,11,23,287,Treatment,30,5.44
Miami,11,23,287,Treatment,35,5.99
Miami,11,23,287,Treatment,40,5.26
Miami,11,23,287,Treatment,45,5.25
Miami,11,23,287,Treatment,50,5.21
Miami,11,23,287,Treatment,55,5.65
Miami,12,0,288,Treatment,0,5.27
Miami,12,0,288,Treatment,5,5.4
Miami,12,0,288,Treatment,10,5.29
Miami,12,0,288,Treatment,15,5.56
Miami,12,0,288,Treatment,20,6.16
Miami,12,0,288,Treatment,25,5.63
Miami,12,0,288,Treatment,30,5.47
Miami,12,0,288,Treatment,35,5.32
Miami,12,0,288,Treatment,40,5.15
Miami,12,0,288,Treatment,45,5.67
Miami,12,0,288,Treatment,50,5.66
Miami,12,0,288,Treatment,55,5.37
Miami,12,1,289,Treatment,0,5.5
Miami,12,1,289,Treatment,5,5.68
Miami,12,1,289,Treatment,10,5.56
Miami,12,1,289,Treatment,15,5.45
Miami,12,1,289,Treatment,20,5.25
Miami,12,1,289,Treatment,25,5.45
Miami,12,1,289,Treatment,30,5.7
Miami,12,1,289,Treatment,35,5.36
Miami,12,1,289,Treatment,40,5.6
Miami,12,1,289,Treatment,45,5.22
Miami,12,1,289,Treatment,50,5.69
Miami,12,1,289,Treatment,55,5.57
Miami,12,2,290,Treatment,0,5.43
Miami,12,2,290,Treatment,5,5.72
Miami,12,2,290,Treatment,10,5.18
Miami,12,2,290,Treatment,15,5.22
Miami,12,2,290,Treatment,20,5.47
Miami,12,2,290,Treatment,25,6.02
Miami,12,2,290,Treatment,30,5.32
Miami,12,2,290,Treatment,35,5.61
Miami,12,2,290,Treatment,40,5.56
Miami,12,2,290,Treatment,45,5.34
Miami,12,2,290,Treatment,50,5.53
Miami,12,2,290,Treatment,55,5.38
Miami,12,3,291,Treatment,0,5.07
Miami,12,3,291,Treatment,5,5.48
Miami,12,3,291,Treatment,10,5.71
Miami,12,3,291,Treatment,15,5.5
Miami,12,3,291,Treatment,20,5.76
Miami,12,3,291,Treatment,25,5.64
Miami,12,3,291,Treatment,30,5.48
Miami,12,3,291,Treatment,35,5.33
Miami,12,3,291,Treatment,40,5.37
Miami,12,3,291,Treatment,45,5.12
Miami,12,3,291,Treatment,50,5.42
Miami,12,3,291,Treatment,55,5.53
Miami,12,4,292,Treatment,0,5.62
Miami,12,4,292,Treatment,5,5.27
Miami,12,4,292,Treatment,10,5.13
Miami,12,4,292,Treatment,15,5.44
Miami,12,4,292,Treatment,20,5.69
Miami,12,4,292,Treatment,25,5.43
Miami,12,4,292,Treatment,30,5.63
Miami,12,4,292,Treatment,35,5.44
Miami,12,4,292,Treatment,40,5.67
Miami,12,4,292,Treatment,45,5.09
Miami,12,4,292,Treatment,50,5.89
Miami,12,4,292,Treatment,55,5.21
Miami,12,5,293,Treatment,0,5.42
Miami,12,5,293,Treatment,5,5.46
Miami,12,5,293,Treatment,10,5.43
Miami,12,5,293,Treatment,15,5.55
Miami,12,5,293,Treatment,20,5.6
Miami,12,5,293,Treatment,25,5.75
Miami,12,5,293,Treatment,30,5.84
Miami,12,5,293,Treatment,35,5.57
Miami,12,5,293,Treatment,40,5.92
Miami,12,5,293,Treatment,45,5.51
Miami,12,5,293,Treatment,50,5.76
Miami,12,5,293,Treatment,55,5.6
Miami,12,6,294,Treatment,0,5.54
Miami,12,6,294,Treatment,5,5.62
Miami,12,6,294,Treatment,10,5.48
Miami,12,6,294,Treatment,15,5.59
Miami,12,6,294,Treatment,20,5.71
Miami,12,6,294,Treatment,25,5.48
Miami,12,6,294,Treatment,30,4.75
Miami,12,6,294,Treatment,35,5.91
Miami,12,6,294,Treatment,40,5.42
Miami,12,6,294,Treatment,45,5.28
Miami,12,6,294,Treatment,50,5.21
Miami,12,6,294,Treatment,55,5.41
Miami,12,7,295,Control,0,5.31
Miami,12,7,295,Control,5,5.52
Miami,12,7,295,Control,10,6.03
Miami,12,7,295,Control,15,6.61
Miami,12,7,295,Control,20,6.31
Miami,12,7,295,Control,25,6.38
Miami,12,7,295,Control,30,6.01
Miami,12,7,295,Control,35,6.13
Miami,12,7,295,Control,40,6.21
Miami,12,7,295,Control,45,5.94
Miami,12,7,295,Control,50,5.99
Miami,12,7,295,Control,55,6.31
Miami,12,8,296,Control,0,6.12
Miami,12,8,296,Control,5,5.8
Miami,12,8,296,Control,10,6.03
Miami,12,8,296,Control,15,5.74
Miami,12,8,296,Control,20,6.12
Miami,12,8,296,Control,25,6.16
Miami,12,8,296,Control,30,6.03
Miami,12,8,296,Control,35,6.16
Miami,12,8,296,Control,40,6.2
Miami,12,8,296,Control,45,6.16
Miami,12,8,296,Control,50,5.8
Miami,12,8,296,Control,55,6.04
Miami,12,9,297,Control,0,6.49
Miami,12,9,297,Control,5,6.03
Miami,12,9,297,Control,10,6.24
Miami,12,9,297,Control,15,6.32
Miami,12,9,297,Control,20,6.05
Miami,12,9,297,Control,25,6.39
Miami,12,9,297,Control,30,6.4
Miami,12,9,297,Control,35,6.45
Miami,12,9,297,Control,40,6.21
Miami,12,9,297,Control,45,6.69
Miami,12,9,297,Control,50,5.95
Miami,12,9,297,Control,55,6.63
Miami,12,10,298,Treatment,0,6.44
Miami,12,10,298,Treatment,5,5.82
Miami,12,10,298,Treatment,10,5.9
Miami,12,10,298,Treatment,15,5.85
Miami,12,10,298,Treatment,20,5.22
Miami,12,10,298,Treatment,25,5.45
Miami,12,10,298,Treatment,30,4.95
Miami,12,10,298,Treatment,35,5.45
Miami,12,10,298,Treatment,40,5.29
Miami,12,10,298,Treatment,45,5.44
Miami,12,10,298,Treatment,50,6.22
Miami,12,10,298,Treatment,55,5.92
Miami,12,11,299,Control,0,5.63
Miami,12,11,299,Control,5,5.89
Miami,12,11,299,Control,10,5.81
Miami,12,11,299,Control,15,6.14
Miami,12,11,299,Control,20,6.17
Miami,12,11,299,Control,25,5.76
Miami,12,11,299,Control,30,5.84
Miami,12,11,299,Control,35,6.14
Miami,12,11,299,Control,40,6.12
Miami,12,11,299,Control,45,5.92
Miami,12,11,299,Control,50,5.9
Miami,12,11,299,Control,55,6.08
Miami,12,12,300,Control,0,6.08
Miami,12,12,300,Control,5,6.51
Miami,12,12,300,Control,10,5.93
Miami,12,12,300,Control,15,6.15
Miami,12,12,300,Control,20,6.01
Miami,12,12,300,Control,25,6.25
Miami,12,12,300,Control,30,5.9
Miami,12,12,300,Control,35,6.58
Miami,12,12,300,Control,40,5.68
Miami,12,12,300,Control,45,6.53
Miami,12,12,300,Control,50,6.12
Miami,12,12,300,Control,55,6.24
Miami,12,13,301,Treatment,0,6.31
Miami,12,13,301,Treatment,5,5.71
Miami,12,13,301,Treatment,10,5.84
Miami,12,13,301,Treatment,15,5.96
Miami,12,13,301,Treatment,20,5.27
Miami,12,13,301,Treatment,25,6.02
Miami,12,13,301,Treatment,30,5.59
Miami,12,13,301,Treatment,35,5.38
Miami,12,13,301,Treatment,40,5.27
Miami,12,13,301,Treatment,45,5.43
Miami,12,13,301,Treatment,50,5.0
Miami,12,13,301,Treatment,55,5.39
Miami,12,14,302,Treatment,0,5.22
Miami,12,14,302,Treatment,5,5.68
Miami,12,14,302,Treatment,10,5.44
Miami,12,14,302,Treatment,15,5.33
Miami,12,14,302,Treatment,20,5.41
Miami,12,14,302,Treatment,25,5.58
Miami,12,14,302,Treatment,30,5.51
Miami,12,14,302,Treatment,35,5.31
Miami,12,14,302,Treatment,40,5.52
Miami,12,14,302,Treatment,45,5.48
Miami,12,14,302,Treatment,50,5.21
Miami,12,14,302,Treatment,55,5.42
Miami,12,15,303,Control,0,5.63
Miami,12,15,303,Control,5,5.64
Miami,12,15,303,Control,10,6.07
Miami,12,15,303,Control,15,5.86
Miami,12,15,303,Control,20,5.86
Miami,12,15,303,Control,25,6.04
Miami,12,15,303,Control,30,6.47
Miami,12,15,303,Control,35,6.14
Miami,12,15,303,Control,40,6.03
Miami,12,15,303,Control,45,6.49
Miami,12,15,303,Control,50,6.03
Miami,12,15,303,Control,55,6.66
Miami,12,16,304,Treatment,0,5.85
Miami,12,16,304,Treatment,5,5.86
Miami,12,16,304,Treatment,10,5.63
Miami,12,16,304,Treatment,15,5.29
Miami,12,16,304,Treatment,20,6.14
Miami,12,16,304,Treatment,25,5.57
Miami,12,16,304,Treatment,30,5.61
Miami,12,16,304,Treatment,35,5.37
Miami,12,16,304,Treatment,40,5.35
Miami,12,16,304,Treatment,45,5.75
Miami,12,16,304,Treatment,50,5.07
Miami,12,16,304,Treatment,55,5.2
Miami,12,17,305,Treatment,0,5.83
Miami,12,17,305,Treatment,5,5.4
Miami,12,17,305,Treatment,10,5.59
Miami,12,17,305,Treatment,15,5.5
Miami,12,17,305,Treatment,20,5.81
Miami,12,17,305,Treatment,25,5.09
Miami,12,17,305,Treatment,30,5.67
Miami,12,17,305,Treatment,35,5.44
Miami,12,17,305,Treatment,40,5.72
Miami,12,17,305,Treatment,45,5.29
Miami,12,17,305,Treatment,50,5.5
Miami,12,17,305,Treatment,55,5.46
Miami,12,18,306,Treatment,0,5.17
Miami,12,18,306,Treatment,5,5.34
Miami,12,18,306,Treatment,10,5.52
Miami,12,18,306,Treatment,15,5.3
Miami,12,18,306,Treatment,20,5.41
Miami,12,18,306,Treatment,25,5.02
Miami,12,18,306,Treatment,30,5.4
Miami,12,18,306,Treatment,35,5.75
Miami,12,18,306,Treatment,40,5.67
Miami,12,18,306,Treatment,45,5.47
Miami,12,18,306,Treatment,50,5.55
Miami,12,18,306,Treatment,55,5.28
Miami,12,19,307,Control,0,6.01
Miami,12,19,307,Control,5,5.73
Miami,12,19,307,Control,10,6.54
Miami,12,19,307,Control,15,5.93
Miami,12,19,307,Control,20,5.79
Miami,12,19,307,Control,25,5.92
Miami,12,19,307,Control,30,6.05
Miami,12,19,307,Control,35,6.68
Miami,12,19,307,Control,40,6.03
Miami,12,19,307,Control,45,5.89
Miami,12,19,307,Control,50,5.88
Miami,12,19,307,Control,55,6.39
Miami,12,20,308,Treatment,0,5.98
Miami,12,20,308,Treatment,5,5.43
Miami,12,20,308,Treatment,10,5.41
Miami,12,20,308,Treatment,15,5.92
Miami,12,20,308,Treatment,20,5.66
Miami,12,20,308,Treatment,25,5.51
Miami,12,20,308,Treatment,30,5.96
Miami,12,20,308,Treatment,35,5.98
Miami,12,20,308,Treatment,40,5.48
Miami,12,20,308,Treatment,45,5.49
Miami,12,20,308,Treatment,50,5.34
Miami,12,20,308,Treatment,55,5.42
Miami,12,21,309,Control,0,5.12
Miami,12,21,309,Control,5,5.26
Miami,12,21,309,Control,10,6.17
Miami,12,21,309,Control,15,5.71
Miami,12,21,309,Control,20,6.59
Miami,12,21,309,Control,25,5.92
Miami,12,21,309,Control,30,6.53
Miami,12,21,309,Control,35,6.01
Miami,12,21,309,Control,40,5.71
Miami,12,21,309,Control,45,6.42
Miami,12,21,309,Control,50,6.45
Miami,12,21,309,Control,55,5.87
Miami,12,22,310,Treatment,0,5.87
Miami,12,22,310,Treatment,5,5.87
Miami,12,22,310,Treatment,10,5.72
Miami,12,22,310,Treatment,15,5.4
Miami,12,22,310,Treatment,20,5.04
Miami,12,22,310,Treatment,25,5.34
Miami,12,22,310,Treatment,30,5.67
Miami,12,22,310,Treatment,35,5.44
Miami,12,22,310,Treatment,40,5.41
Miami,12,22,310,Treatment,45,5.26
Miami,12,22,310,Treatment,50,5.34
Miami,12,22,310,Treatment,55,5.84
Miami,12,23,311,Control,0,5.67
Miami,12,23,311,Control,5,5.71
Miami,12,23,311,Control,10,5.96
Miami,12,23,311,Control,15,5.92
Miami,12,23,311,Control,20,6.01
Miami,12,23,311,Control,25,6.1
Miami,12,23,311,Control,30,5.97
Miami,12,23,311,Control,35,6.18
Miami,12,23,311,Control,40,6.21
Miami,12,23,311,Control,45,6.64
Miami,12,23,311,Control,50,6.17
Miami,12,23,311,Control,55,5.62
Miami,13,0,312,Treatment,0,6.05
Miami,13,0,312,Treatment,5,6.4
Miami,13,0,312,Treatment,10,6.06
Miami,13,0,312,Treatment,15,5.36
Miami,13,0,312,Treatment,20,5.67
Miami,13,0,312,Treatment,25,5.34
Miami,13,0,312,Treatment,30,5.49
Miami,13,0,312,Treatment,35,5.66
Miami,13,0,312,Treatment,40,5.77
Miami,13,0,312,Treatment,45,5.71
Miami,13,0,312,Treatment,50,5.51
Miami,13,0,312,Treatment,55,6.11
Miami,13,1,313,Control,0,5.09
Miami,13,1,313,Control,5,5.34
Miami,13,1,313,Control,10,6.27
Miami,13,1,313,Control,15,6.08
Miami,13,1,313,Control,20,6.14
Miami,13,1,313,Control,25,5.96
Miami,13,1,313,Control,30,5.99
Miami,13,1,313,Control,35,5.9
Miami,13,1,313,Control,40,6.22
Miami,13,1,313,Control,45,6.08
Miami,13,1,313,Control,50,6.21
Miami,13,1,313,Control,55,6.18
Miami,13,2,314,Treatment,0,5.74
Miami,13,2,314,Treatment,5,5.51
Miami,13,2,314,Treatment,10,6.45
Miami,13,2,314,Treatment,15,5.86
Miami,13,2,314,Treatment,20,5.83
Miami,13,2,314,Treatment,25,5.32
Miami,13,2,314,Treatment,30,5.49
Miami,13,2,314,Treatment,35,5.29
Miami,13,2,314,Treatment,40,5.16
Miami,13,2,314,Treatment,45,5.34
Miami,13,2,314,Treatment,50,5.82
Miami,13,2,314,Treatment,55,5.7
Miami,13,3,315,Control,0,5.41
Miami,13,3,315,Control,5,5.88
Miami,13,3,315,Control,10,5.75
Miami,13,3,315,Control,15,6.12
Miami,13,3,315,Control,20,6.2
Miami,13,3,315,Control,25,6.2
Miami,13,3,315,Control,30,6.16
Miami,13,3,315,Control,35,5.94
Miami,13,3,315,Control,40,5.96
Miami,13,3,315,Control,45,5.82
Miami,13,3,315,Control,50,5.71
Miami,13,3,315,Control,55,6.07
Miami,13,4,316,Control,0,5.75
Miami,13,4,316,Control,5,6.17
Miami,13,4,316,Control,10,6.3
Miami,13,4,316,Control,15,5.64
Miami,13,4,316,Control,20,6.03
Miami,13,4,316,Control,25,6.51
Miami,13,4,316,Control,30,6.24
Miami,13,4,316,Control,35,5.63
Miami,13,4,316,Control,40,6.26
Miami,13,4,316,Control,45,5.91
Miami,13,4,316,Control,50,6.27
Miami,13,4,316,Control,55,5.93
Miami,13,5,317,Treatment,0,5.97
Miami,13,5,317,Treatment,5,5.9
Miami,13,5,317,Treatment,10,5.55
Miami,13,5,317,Treatment,15,5.43
Miami,13,5,317,Treatment,20,5.2
Miami,13,5,317,Treatment,25,5.61
Miami,13,5,317,Treatment,30,5.53
Miami,13,5,317,Treatment,35,5.09
Miami,13,5,317,Treatment,40,5.74
Miami,13,5,317,Treatment,45,5.45
Miami,13,5,317,Treatment,50,5.53
Miami,13,5,317,Treatment,55,5.68
Miami,13,6,318,Control,0,5.78
Miami,13,6,318,Control,5,5.62
Miami,13,6,318,Control,10,6.16
Miami,13,6,318,Control,15,6.13
Miami,13,6,318,Control,20,6.23
Miami,13,6,318,Control,25,6.2
Miami,13,6,318,Control,30,6.41
Miami,13,6,318,Control,35,6.28
Miami,13,6,318,Control,40,5.99
Miami,13,6,318,Control,45,5.94
Miami,13,6,318,Control,50,6.09
Miami,13,6,318,Control,55,5.91
Miami,13,7,319,Treatment,0,5.57
Miami,13,7,319,Treatment,5,5.51
Miami,13,7,319,Treatment,10,6.19
Miami,13,7,319,Treatment,15,5.33
Miami,13,7,319,Treatment,20,5.97
Miami,13,7,319,Treatment,25,5.59
Miami,13,7,319,Treatment,30,5.48
Miami,13,7,319,Treatment,35,5.11
Miami,13,7,319,Treatment,40,5.49
Miami,13,7,319,Treatment,45,5.96
Miami,13,7,319,Treatment,50,5.88
Miami,13,7,319,Treatment,55,5.56
Miami,13,8,320,Treatment,0,5.25
Miami,13,8,320,Treatment,5,5.28
Miami,13,8,320,Treatment,10,5.81
Miami,13,8,320,Treatment,15,5.9
Miami,13,8,320,Treatment,20,5.54
Miami,13,8,320,Treatment,25,5.41
Miami,13,8,320,Treatment,30,5.88
Miami,13,8,320,Treatment,35,5.25
Miami,13,8,320,Treatment,40,5.5
Miami,13,8,320,Treatment,45,5.61
Miami,13,8,320,Treatment,50,5.27
Miami,13,8,320,Treatment,55,5.33
Miami,13,9,321,Treatment,0,5.84
Miami,13,9,321,Treatment,5,5.97
Miami,13,9,321,Treatment,10,5.52
Miami,13,9,321,Treatment,15,5.42
Miami,13,9,321,Treatment,20,5.34
Miami,13,9,321,Treatment,25,5.49
Miami,13,9,321,Treatment,30,5.35
Miami,13,9,321,Treatment,35,5.47
Miami,13,9,321,Treatment,40,5.59
Miami,13,9,321,Treatment,45,5.39
Miami,13,9,321,Treatment,50,5.44
Miami,13,9,321,Treatment,55,5.44
Miami,13,10,322,Control,0,5.38
Miami,13,10,322,Control,5,5.88
Miami,13,10,322,Control,10,5.45
Miami,13,10,322,Control,15,6.49
Miami,13,10,322,Control,20,6.13
Miami,13,10,322,Control,25,6.25
Miami,13,10,322,Control,30,6.28
Miami,13,10,322,Control,35,5.92
Miami,13,10,322,Control,40,5.87
Miami,13,10,322,Control,45,5.84
Miami,13,10,322,Control,50,6.04
Miami,13,10,322,Control,55,6.27
Miami,13,11,323,Control,0,6.25
Miami,13,11,323,Control,5,5.51
Miami,13,11,323,Control,10,6.0
Miami,13,11,323,Control,15,6.39
Miami,13,11,323,Control,20,6.06
Miami,13,11,323,Control,25,5.89
Miami,13,11,323,Control,30,5.94
Miami,13,11,323,Control,35,5.34
Miami,13,11,323,Control,40,5.85
Miami,13,11,323,Control,45,6.36
Miami,13,11,323,Control,50,5.95
Miami,13,11,323,Control,55,5.98
Miami,13,12,324,Control,0,5.69
Miami,13,12,324,Control,5,6.4
Miami,13,12,324,Control,10,6.25
Miami,13,12,324,Control,15,5.78
Miami,13,12,324,Control,20,5.94
Miami,13,12,324,Control,25,6.09
Miami,13,12,324,Control,30,5.8
Miami,13,12,324,Control,35,5.6
Miami,13,12,324,Control,40,6.06
Miami,13,12,324,Control,45,6.24
Miami,13,12,324,Control,50,6.25
Miami,13,12,324,Control,55,6.32
Miami,13,13,325,Treatment,0,6.11
Miami,13,13,325,Treatment,5,5.83
Miami,13,13,325,Treatment,10,5.67
Miami,13,13,325,Treatment,15,5.44
Miami,13,13,325,Treatment,20,5.32
Miami,13,13,325,Treatment,25,4.74
Miami,13,13,325,Treatment,30,5.78
Miami,13,13,325,Treatment,35,5.57
Miami,13,13,325,Treatment,40,5.12
Miami,13,13,325,Treatment,45,5.61
Miami,13,13,325,Treatment,50,5.38
Miami,13,13,325,Treatment,55,5.39
Miami,13,14,326,Treatment,0,5.62
Miami,13,14,326,Treatment,5,5.29
Miami,13,14,326,Treatment,10,5.22
Miami,13,14,326,Treatment,15,5.77
Miami,13,14,326,Treatment,20,5.45
Miami,13,14,326,Treatment,25,5.45
Miami,13,14,326,Treatment,30,5.66
Miami,13,14,326,Treatment,35,5.32
Miami,13,14,326,Treatment,40,5.37
Miami,13,14,326,Treatment,45,5.57
Miami,13,14,326,Treatment,50,5.1
Miami,13,14,326,Treatment,55,5.55
Miami,13,15,327,Treatment,0,5.7
Miami,13,15,327,Treatment,5,5.63
Miami,13,15,327,Treatment,10,5.59
Miami,13,15,327,Treatment,15,5.09
Miami,13,15,327,Treatment,20,5.46
Miami,13,15,327,Treatment,25,5.2
Miami,13,15,327,Treatment,30,5.48
Miami,13,15,327,Treatment,35,4.91
Miami,13,15,327,Treatment,40,5.1
Miami,13,15,327,Treatment,45,5.79
Miami,13,15,327,Treatment,50,5.58
Miami,13,15,327,Treatment,55,5.4
Miami,13,16,328,Control,0,5.22
Miami,13,16,328,Control,5,5.74
Miami,13,16,328,Control,10,5.81
Miami,13,16,328,Control,15,6.49
Miami,13,16,328,Control,20,6.05
Miami,13,16,328,Control,25,6.11
Miami,13,16,328,Control,30,5.75
Miami,13,16,328,Control,35,6.01
Miami,13,16,328,Control,40,6.14
Miami,13,16,328,Control,45,6.01
Miami,13,16,328,Control,50,5.98
Miami,13,16,328,Control,55,6.18
Miami,13,17,329,Control,0,6.14
Miami,13,17,329,Control,5,6.39
Miami,13,17,329,Control,10,6.26
Miami,13,17,329,Control,15,6.37
Miami,13,17,329,Control,20,5.95
Miami,13,17,329,Control,25,6.05
Miami,13,17,329,Control,30,6.05
Miami,13,17,329,Control,35,6.24
Miami,13,17,329,Control,40,6.3
Miami,13,17,329,Control,45,6.13
Miami,13,17,329,Control,50,6.32
Miami,13,17,329,Control,55,5.96
Miami,13,18,330,Treatment,0,6.35
Miami,13,18,330,Treatment,5,6.07
Miami,13,18,330,Treatment,10,5.73
Miami,13,18,330,Treatment,15,5.67
Miami,13,18,330,Treatment,20,5.27
Miami,13,18,330,Treatment,25,5.54
Miami,13,18,330,Treatment,30,5.57
Miami,13,18,330,Treatment,35,5.16
Miami,13,18,330,Treatment,40,5.61
Miami,13,18,330,Treatment,45,5.18
Miami,13,18,330,Treatment,50,5.38
Miami,13,18,330,Treatment,55,5.5
Miami,13,19,331,Treatment,0,5.51
Miami,13,19,331,Treatment,5,5.51
Miami,13,19,331,Treatment,10,5.28
Miami,13,19,331,Treatment,15,5.63
Miami,13,19,331,Treatment,20,5.3
Miami,13,19,331,Treatment,25,6.06
Miami,13,19,331,Treatment,30,5.46
Miami,13,19,331,Treatment,35,5.2
Miami,13,19,331,Treatment,40,5.24
Miami,13,19,331,Treatment,45,5.78
Miami,13,19,331,Treatment,50,5.39
Miami,13,19,331,Treatment,55,5.15
Miami,13,20,332,Treatment,0,5.39
Miami,13,20,332,Treatment,5,5.65
Miami,13,20,332,Treatment,10,5.72
Miami,13,20,332,Treatment,15,5.56
Miami,13,20,332,Treatment,20,6.09
Miami,13,20,332,Treatment,25,5.06
Miami,13,20,332,Treatment,30,5.29
Miami,13,20,332,Treatment,35,5.43
Miami,13,20,332,Treatment,40,6.06
Miami,13,20,332,Treatment,45,5.94
Miami,13,20,332,Treatment,50,5.81
Miami,13,20,332,Treatment,55,5.29
Miami,13,21,333,Treatment,0,5.28
Miami,13,21,333,Treatment,5,5.29
Miami,13,21,333,Treatment,10,5.86
Miami,13,21,333,Treatment,15,5.43
Miami,13,21,333,Treatment,20,5.46
Miami,13,21,333,Treatment,25,5.68
Miami,13,21,333,Treatment,30,5.07
Miami,13,21,333,Treatment,35,5.5
Miami,13,21,333,Treatment,40,5.22
Miami,13,21,333,Treatment,45,5.42
Miami,13,21,333,Treatment,50,5.34
Miami,13,21,333,Treatment,55,5.33
Miami,13,22,334,Control,0,5.55
Miami,13,22,334,Control,5,5.64
Miami,13,22,334,Control,10,5.99
Miami,13,22,334,Control,15,5.88
Miami,13,22,334,Control,20,6.27
Miami,13,22,334,Control,25,6.05
Miami,13,22,334,Control,30,5.98
Miami,13,22,334,Control,35,5.9
Miami,13,22,334,Control,40,6.04
Miami,13,22,334,Control,45,6.57
Miami,13,22,334,Control,50,6.08
Miami,13,22,334,Control,55,5.81
Miami,13,23,335,Treatment,0,5.98
Miami,13,23,335,Treatment,5,5.97
Miami,13,23,335,Treatment,10,5.54
Miami,13,23,335,Treatment,15,5.81
Miami,13,23,335,Treatment,20,5.34
Miami,13,23,335,Treatment,25,5.84
Miami,13,23,335,Treatment,30,5.23
Miami,13,23,335,Treatment,35,5.42
Miami,13,23,335,Treatment,40,5.84
Miami,13,23,335,Treatment,45,5.53
Miami,13,23,335,Treatment,50,6.06
Miami,13,23,335,Treatment,55,5.42
Seattle,0,0,0,Treatment,0,4.32
Seattle,0,0,0,Treatment,5,3.46
Seattle,0,0,0,Treatment,10,3.43
Seattle,0,0,0,Treatment,15,3.64
Seattle,0,0,0,Treatment,20,4.04
Seattle,0,0,0,Treatment,25,3.44
Seattle,0,0,0,Treatment,30,3.99
Seattle,0,0,0,Treatment,35,3.97
Seattle,0,0,0,Treatment,40,4.34
Seattle,0,0,0,Treatment,45,4.1
Seattle,0,0,0,Treatment,50,3.93
Seattle,0,0,0,Treatment,55,4.18
Seattle,0,1,1,Control,0,3.72
Seattle,0,1,1,Control,5,3.61
Seattle,0,1,1,Control,10,3.8
Seattle,0,1,1,Control,15,3.99
Seattle,0,1,1,Control,20,4.04
Seattle,0,1,1,Control,25,3.47
Seattle,0,1,1,Control,30,3.95
Seattle,0,1,1,Control,35,4.01
Seattle,0,1,1,Control,40,4.14
Seattle,0,1,1,Control,45,4.41
Seattle,0,1,1,Control,50,4.05
Seattle,0,1,1,Control,55,3.77
Seattle,0,2,2,Treatment,0,4.17
Seattle,0,2,2,Treatment,5,3.73
Seattle,0,2,2,Treatment,10,4.11
Seattle,0,2,2,Treatment,15,4.19
Seattle,0,2,2,Treatment,20,3.45
Seattle,0,2,2,Treatment,25,3.98
Seattle,0,2,2,Treatment,30,4.16
Seattle,0,2,2,Treatment,35,4.09
Seattle,0,2,2,Treatment,40,3.32
Seattle,0,2,2,Treatment,45,3.63
Seattle,0,2,2,Treatment,50,3.52
Seattle,0,2,2,Treatment,55,3.97
Seattle,0,3,3,Treatment,0,3.17
Seattle,0,3,3,Treatment,5,3.76
Seattle,0,3,3,Treatment,10,4.04
Seattle,0,3,3,Treatment,15,3.88
Seattle,0,3,3,Treatment,20,3.88
Seattle,0,3,3,Treatment,25,3.75
Seattle,0,3,3,Treatment,30,3.58
Seattle,0,3,3,Treatment,35,3.84
Seattle,0,3,3,Treatment,40,3.85
Seattle,0,3,3,Treatment,45,3.99
Seattle,0,3,3,Treatment,50,4.01
Seattle,0,3,3,Treatment,55,3.86
Seattle,0,4,4,Treatment,0,3.75
Seattle,0,4,4,Treatment,5,3.48
Seattle,0,4,4,Treatment,10,3.96
Seattle,0,4,4,Treatment,15,3.87
Seattle,0,4,4,Treatment,20,3.96
Seattle,0,4,4,Treatment,25,3.52
Seattle,0,4,4,Treatment,30,4.29
Seattle,0,4,4,Treatment,35,4.02
Seattle,0,4,4,Treatment,40,3.77
Seattle,0,4,4,Treatment,45,3.61
Seattle,0,4,4,Treatment,50,4.11
Seattle,0,4,4,Treatment,55,3.56
Seattle,0,5,5,Control,0,3.69
Seattle,0,5,5,Control,5,4.32
Seattle,0,5,5,Control,10,3.9
Seattle,0,5,5,Control,15,4.4
Seattle,0,5,5,Control,20,3.82
Seattle,0,5,5,Control,25,4.0
Seattle,0,5,5,Control,30,4.2
Seattle,0,5,5,Control,35,4.17
Seattle,0,5,5,Control,40,4.28
Seattle,0,5,5,Control,45,3.88
Seattle,0,5,5,Control,50,4.02
Seattle,0,5,5,Control,55,4.31
Seattle,0,6,6,Treatment,0,4.14
Seattle,0,6,6,Treatment,5,3.89
Seattle,0,6,6,Treatment,10,3.94
Seattle,0,6,6,Treatment,15,3.86
Seattle,0,6,6,Treatment,20,3.64
Seattle,0,6,6,Treatment,25,3.77
Seattle,0,6,6,Treatment,30,3.88
Seattle,0,6,6,Treatment,35,3.81
Seattle,0,6,6,Treatment,40,4.23
Seattle,0,6,6,Treatment,45,4.09
Seattle,0,6,6,Treatment,50,3.91
Seattle,0,6,6,Treatment,55,3.65
Seattle,0,7,7,Treatment,0,4.33
Seattle,0,7,7,Treatment,5,3.59
Seattle,0,7,7,Treatment,10,3.87
Seattle,0,7,7,Treatment,15,3.93
Seattle,0,7,7,Treatment,20,3.76
Seattle,0,7,7,Treatment,25,3.59
Seattle,0,7,7,Treatment,30,3.64
Seattle,0,7,7,Treatment,35,3.7
Seattle,0,7,7,Treatment,40,3.66
Seattle,0,7,7,Treatment,45,4.17
Seattle,0,7,7,Treatment,50,3.84
Seattle,0,7,7,Treatment,55,3.71
Seattle,0,8,8,Treatment,0,4.01
Seattle,0,8,8,Treatment,5,3.75
Seattle,0,8,8,Treatment,10,4.07
Seattle,0,8,8,Treatment,15,3.52
Seattle,0,8,8,Treatment,20,4.13
Seattle,0,8,8,Treatment,25,3.84
Seattle,0,8,8,Treatment,30,3.83
Seattle,0,8,8,Treatment,35,3.67
Seattle,0,8,8,Treatment,40,3.53
Seattle,0,8,8,Treatment,45,3.42
Seattle,0,8,8,Treatment,50,3.65
Seattle,0,8,8,Treatment,55,3.99
Seattle,0,9,9,Control,0,3.45
Seattle,0,9,9,Control,5,3.67
Seattle,0,9,9,Control,10,3.85
Seattle,0,9,9,Control,15,3.91
Seattle,0,9,9,Control,20,3.97
Seattle,0,9,9,Control,25,4.26
Seattle,0,9,9,Control,30,4.31
Seattle,0,9,9,Control,35,4.5
Seattle,0,9,9,Control,40,3.59
Seattle,0,9,9,Control,45,3.79
Seattle,0,9,9,Control,50,4.17
Seattle,0,9,9,Control,55,3.89
Seattle,0,10,10,Treatment,0,4.05
Seattle,0,10,10,Treatment,5,4.34
Seattle,0,10,10,Treatment,10,4.15
Seattle,0,10,10,Treatment,15,4.11
Seattle,0,10,10,Treatment,20,3.74
Seattle,0,10,10,Treatment,25,3.82
Seattle,0,10,10,Treatment,30,3.76
Seattle,0,10,10,Treatment,35,3.46
Seattle,0,10,10,Treatment,40,4.21
Seattle,0,10,10,Treatment,45,4.03
Seattle,0,10,10,Treatment,50,3.75
Seattle,0,10,10,Treatment,55,4.17
Seattle,0,11,11,Control,0,3.38
Seattle,0,11,11,Control,5,4.15
Seattle,0,11,11,Control,10,3.63
Seattle,0,11,11,Control,15,3.95
Seattle,0,11,11,Control,20,4.05
Seattle,0,11,11,Control,25,4.1
Seattle,0,11,11,Control,30,4.21
Seattle,0,11,11,Control,35,4.15
Seattle,0,11,11,Control,40,4.14
Seattle,0,11,11,Control,45,3.8
Seattle,0,11,11,Control,50,4.07
Seattle,0,11,11,Control,55,3.62
Seattle,0,12,12,Control,0,3.65
Seattle,0,12,12,Control,5,3.91
Seattle,0,12,12,Control,10,3.67
Seattle,0,12,12,Control,15,3.82
Seattle,0,12,12,Control,20,4.0
Seattle,0,12,12,Control,25,3.87
Seattle,0,12,12,Control,30,4.29
Seattle,0,12,12,Control,35,4.06
Seattle,0,12,12,Control,40,3.88
Seattle,0,12,12,Control,45,3.97
Seattle,0,12,12,Control,50,4.3
Seattle,0,12,12,Control,55,4.23
Seattle,0,13,13,Treatment,0,3.83
Seattle,0,13,13,Treatment,5,4.07
Seattle,0,13,13,Treatment,10,3.98
Seattle,0,13,13,Treatment,15,3.58
Seattle,0,13,13,Treatment,20,4.03
Seattle,0,13,13,Treatment,25,3.62
Seattle,0,13,13,Treatment,30,4.17
Seattle,0,13,13,Treatment,35,3.97
Seattle,0,13,13,Treatment,40,3.56
Seattle,0,13,13,Treatment,45,3.71
Seattle,0,13,13,Treatment,50,3.7
Seattle,0,13,13,Treatment,55,3.88
Seattle,0,14,14,Control,0,3.55
Seattle,0,14,14,Control,5,3.54
Seattle,0,14,14,Control,10,4.08
Seattle,0,14,14,Control,15,4.07
Seattle,0,14,14,Control,20,4.03
Seattle,0,14,14,Control,25,4.07
Seattle,0,14,14,Control,30,3.85
Seattle,0,14,14,Control,35,4.05
Seattle,0,14,14,Control,40,4.63
Seattle,0,14,14,Control,45,4.29
Seattle,0,14,14,Control,50,3.93
Seattle,0,14,14,Control,55,3.87
Seattle,0,15,15,Control,0,4.27
Seattle,0,15,15,Control,5,4.2
Seattle,0,15,15,Control,10,3.86
Seattle,0,15,15,Control,15,3.64
Seattle,0,15,15,Control,20,3.71
Seattle,0,15,15,Control,25,4.11
Seattle,0,15,15,Control,30,3.98
Seattle,0,15,15,Control,35,4.17
Seattle,0,15,15,Control,40,4.02
Seattle,0,15,15,Control,45,4.24
Seattle,0,15,15,Control,50,4.09
Seattle,0,15,15,Control,55,4.21
Seattle,0,16,16,Control,0,3.69
Seattle,0,16,16,Control,5,3.91
Seattle,0,16,16,Control,10,4.27
Seattle,0,16,16,Control,15,4.47
Seattle,0,16,16,Control,20,3.96
Seattle,0,16,16,Control,25,3.85
Seattle,0,16,16,Control,30,3.51
Seattle,0,16,16,Control,35,4.22
Seattle,0,16,16,Control,40,3.86
Seattle,0,16,16,Control,45,4.74
Seattle,0,16,16,Control,50,3.82
Seattle,0,16,16,Control,55,4.53
Seattle,0,17,17,Control,0,3.74
Seattle,0,17,17,Control,5,4.06
Seattle,0,17,17,Control,10,4.19
Seattle,0,17,17,Control,15,3.94
Seattle,0,17,17,Control,20,4.21
Seattle,0,17,17,Control,25,4.2
Seattle,0,17,17,Control,30,4.15
Seattle,0,17,17,Control,35,4.0
Seattle,0,17,17,Control,40,3.71
Seattle,0,17,17,Control,45,3.98
Seattle,0,17,17,Control,50,4.04
Seattle,0,17,17,Control,55,3.53
Seattle,0,18,18,Treatment,0,3.98
Seattle,0,18,18,Treatment,5,3.62
Seattle,0,18,18,Treatment,10,3.81
Seattle,0,18,18,Treatment,15,3.76
Seattle,0,18,18,Treatment,20,4.32
Seattle,0,18,18,Treatment,25,3.9
Seattle,0,18,18,Treatment,30,4.1
Seattle,0,18,18,Treatment,35,3.81
Seattle,0,18,18,Treatment,40,3.37
Seattle,0,18,18,Treatment,45,4.01
Seattle,0,18,18,Treatment,50,3.68
Seattle,0,18,18,Treatment,55,3.76
Seattle,0,19,19,Treatment,0,3.86
Seattle,0,19,19,Treatment,5,4.11
Seattle,0,19,19,Treatment,10,4.07
Seattle,0,19,19,Treatment,15,4.24
Seattle,0,19,19,Treatment,20,4.27
Seattle,0,19,19,Treatment,25,3.33
Seattle,0,19,19,Treatment,30,3.54
Seattle,0,19,19,Treatment,35,3.39
Seattle,0,19,19,Treatment,40,4.0
Seattle,0,19,19,Treatment,45,3.67
Seattle,0,19,19,Treatment,50,3.72
Seattle,0,19,19,Treatment,55,3.79
Seattle,0,20,20,Treatment,0,3.47
Seattle,0,20,20,Treatment,5,3.53
Seattle,0,20,20,Treatment,10,3.84
Seattle,0,20,20,Treatment,15,4.14
Seattle,0,20,20,Treatment,20,3.83
Seattle,0,20,20,Treatment,25,3.64
Seattle,0,20,20,Treatment,30,3.3
Seattle,0,20,20,Treatment,35,4.08
Seattle,0,20,20,Treatment,40,3.66
Seattle,0,20,20,Treatment,45,3.55
Seattle,0,20,20,Treatment,50,3.41
Seattle,0,20,20,Treatment,55,3.48
Seattle,0,21,21,Control,0,3.78
Seattle,0,21,21,Control,5,3.59
Seattle,0,21,21,Control,10,3.99
Seattle,0,21,21,Control,15,3.94
Seattle,0,21,21,Control,20,4.56
Seattle,0,21,21,Control,25,3.57
Seattle,0,21,21,Control,30,4.04
Seattle,0,21,21,Control,35,4.04
Seattle,0,21,21,Control,40,3.74
Seattle,0,21,21,Control,45,4.02
Seattle,0,21,21,Control,50,4.19
Seattle,0,21,21,Control,55,4.02
Seattle,0,22,22,Control,0,3.46
Seattle,0,22,22,Control,5,3.79
Seattle,0,22,22,Control,10,4.37
Seattle,0,22,22,Control,15,4.23
Seattle,0,22,22,Control,20,4.14
Seattle,0,22,22,Control,25,4.31
Seattle,0,22,22,Control,30,3.52
Seattle,0,22,22,Control,35,4.2
Seattle,0,22,22,Control,40,4.27
Seattle,0,22,22,Control,45,3.84
Seattle,0,22,22,Control,50,4.66
Seattle,0,22,22,Control,55,4.05
Seattle,0,23,23,Treatment,0,4.1
Seattle,0,23,23,Treatment,5,3.77
Seattle,0,23,23,Treatment,10,4.18
Seattle,0,23,23,Treatment,15,3.98
Seattle,0,23,23,Treatment,20,3.69
Seattle,0,23,23,Treatment,25,4.22
Seattle,0,23,23,Treatment,30,4.07
Seattle,0,23,23,Treatment,35,3.63
Seattle,0,23,23,Treatment,40,3.8
Seattle,0,23,23,Treatment,45,3.97
Seattle,0,23,23,Treatment,50,3.75
Seattle,0,23,23,Treatment,55,3.76
Seattle,1,0,24,Treatment,0,3.57
Seattle,1,0,24,Treatment,5,3.28
Seattle,1,0,24,Treatment,10,3.9
Seattle,1,0,24,Treatment,15,3.34
Seattle,1,0,24,Treatment,20,3.59
Seattle,1,0,24,Treatment,25,3.4
Seattle,1,0,24,Treatment,30,3.43
Seattle,1,0,24,Treatment,35,3.95
Seattle,1,0,24,Treatment,40,3.78
Seattle,1,0,24,Treatment,45,3.78
Seattle,1,0,24,Treatment,50,3.51
Seattle,1,0,24,Treatment,55,3.68
Seattle,1,1,25,Treatment,0,3.83
Seattle,1,1,25,Treatment,5,4.05
Seattle,1,1,25,Treatment,10,4.08
Seattle,1,1,25,Treatment,15,3.78
Seattle,1,1,25,Treatment,20,3.38
Seattle,1,1,25,Treatment,25,3.65
Seattle,1,1,25,Treatment,30,3.82
Seattle,1,1,25,Treatment,35,3.65
Seattle,1,1,25,Treatment,40,3.58
Seattle,1,1,25,Treatment,45,3.86
Seattle,1,1,25,Treatment,50,4.45
Seattle,1,1,25,Treatment,55,3.72
Seattle,1,2,26,Control,0,3.51
Seattle,1,2,26,Control,5,4.2
Seattle,1,2,26,Control,10,4.17
Seattle,1,2,26,Control,15,4.2
Seattle,1,2,26,Control,20,4.34
Seattle,1,2,26,Control,25,3.89
Seattle,1,2,26,Control,30,3.92
Seattle,1,2,26,Control,35,4.43
Seattle,1,2,26,Control,40,4.16
Seattle,1,2,26,Control,45,3.45
Seattle,1,2,26,Control,50,4.11
Seattle,1,2,26,Control,55,3.85
Seattle,1,3,27,Treatment,0,4.1
Seattle,1,3,27,Treatment,5,3.51
Seattle,1,3,27,Treatment,10,3.96
Seattle,1,3,27,Treatment,15,3.89
Seattle,1,3,27,Treatment,20,3.93
Seattle,1,3,27,Treatment,25,3.98
Seattle,1,3,27,Treatment,30,4.21
Seattle,1,3,27,Treatment,35,3.94
Seattle,1,3,27,Treatment,40,3.85
Seattle,1,3,27,Treatment,45,4.13
Seattle,1,3,27,Treatment,50,4.4
Seattle,1,3,27,Treatment,55,4.07
Seattle,1,4,28,Treatment,0,3.95
Seattle,1,4,28,Treatment,5,3.9
Seattle,1,4,28,Treatment,10,3.84
Seattle,1,4,28,Treatment,15,4.38
Seattle,1,4,28,Treatment,20,3.65
Seattle,1,4,28,Treatment,25,4.13
Seattle,1,4,28,Treatment,30,3.81
Seattle,1,4,28,Treatment,35,3.47
Seattle,1,4,28,Treatment,40,3.79
Seattle,1,4,28,Treatment,45,3.7
Seattle,1,4,28,Treatment,50,3.98
Seattle,1,4,28,Treatment,55,3.86
Seattle,1,5,29,Control,0,4.21
Seattle,1,5,29,Control,5,4.17
Seattle,1,5,29,Control,10,4.34
Seattle,1,5,29,Control,15,4.06
Seattle,1,5,29,Control,20,3.99
Seattle,1,5,29,Control,25,4.18
Seattle,1,5,29,Control,30,3.86
Seattle,1,5,29,Control,35,4.03
Seattle,1,5,29,Control,40,3.96
Seattle,1,5,29,Control,45,3.63
Seattle,1,5,29,Control,50,4.03
Seattle,1,5,29,Control,55,3.89
Seattle,1,6,30,Treatment,0,4.09
Seattle,1,6,30,Treatment,5,4.26
Seattle,1,6,30,Treatment,10,3.68
Seattle,1,6,30,Treatment,15,3.76
Seattle,1,6,30,Treatment,20,3.65
Seattle,1,6,30,Treatment,25,3.63
Seattle,1,6,30,Treatment,30,3.69
Seattle,1,6,30,Treatment,35,3.79
Seattle,1,6,30,Treatment,40,3.99
Seattle,1,6,30,Treatment,45,3.92
Seattle,1,6,30,Treatment,50,3.58
Seattle,1,6,30,Treatment,55,4.16
Seattle,1,7,31,Treatment,0,3.61
Seattle,1,7,31,Treatment,5,4.15
Seattle,1,7,31,Treatment,10,3.92
Seattle,1,7,31,Treatment,15,3.8
Seattle,1,7,31,Treatment,20,3.93
Seattle,1,7,31,Treatment,25,3.83
Seattle,1,7,31,Treatment,30,3.98
Seattle,1,7,31,Treatment,35,3.89
Seattle,1,7,31,Treatment,40,3.76
Seattle,1,7,31,Treatment,45,3.33
Seattle,1,7,31,Treatment,50,3.97
Seattle,1,7,31,Treatment,55,3.75
Seattle,1,8,32,Control,0,3.96
Seattle,1,8,32,Control,5,3.81
Seattle,1,8,32,Control,10,4.2
Seattle,1,8,32,Control,15,4.05
Seattle,1,8,32,Control,20,4.04
Seattle,1,8,32,Control,25,3.97
Seattle,1,8,32,Control,30,4.42
Seattle,1,8,32,Control,35,3.82
Seattle,1,8,32,Control,40,3.92
Seattle,1,8,32,Control,45,3.69
Seattle,1,8,32,Control,50,4.18
Seattle,1,8,32,Control,55,3.85
Seattle,1,9,33,Control,0,3.87
Seattle,1,9,33,Control,5,4.02
Seattle,1,9,33,Control,10,3.69
Seattle,1,9,33,Control,15,3.44
Seattle,1,9,33,Control,20,4.11
Seattle,1,9,33,Control,25,3.47
Seattle,1,9,33,Control,30,4.21
Seattle,1,9,33,Control,35,4.39
Seattle,1,9,33,Control,40,3.96
Seattle,1,9,33,Control,45,4.32
Seattle,1,9,33,Control,50,3.99
Seattle,1,9,33,Control,55,4.4
Seattle,1,10,34,Treatment,0,3.41
Seattle,1,10,34,Treatment,5,3.93
Seattle,1,10,34,Treatment,10,4.32
Seattle,1,10,34,Treatment,15,3.97
Seattle,1,10,34,Treatment,20,3.71
Seattle,1,10,34,Treatment,25,3.92
Seattle,1,10,34,Treatment,30,4.08
Seattle,1,10,34,Treatment,35,3.82
Seattle,1,10,34,Treatment,40,4.5
Seattle,1,10,34,Treatment,45,3.71
Seattle,1,10,34,Treatment,50,4.09
Seattle,1,10,34,Treatment,55,4.03
Seattle,1,11,35,Treatment,0,3.73
Seattle,1,11,35,Treatment,5,4.09
Seattle,1,11,35,Treatment,10,3.88
Seattle,1,11,35,Treatment,15,3.92
Seattle,1,11,35,Treatment,20,3.43
Seattle,1,11,35,Treatment,25,4.0
Seattle,1,11,35,Treatment,30,3.91
Seattle,1,11,35,Treatment,35,3.82
Seattle,1,11,35,Treatment,40,3.93
Seattle,1,11,35,Treatment,45,3.74
Seattle,1,11,35,Treatment,50,3.69
Seattle,1,11,35,Treatment,55,3.78
Seattle,1,12,36,Control,0,4.39
Seattle,1,12,36,Control,5,4.12
Seattle,1,12,36,Control,10,3.7
Seattle,1,12,36,Control,15,4.51
Seattle,1,12,36,Control,20,3.89
Seattle,1,12,36,Control,25,4.01
Seattle,1,12,36,Control,30,4.22
Seattle,1,12,36,Control,35,3.51
Seattle,1,12,36,Control,40,3.94
Seattle,1,12,36,Control,45,3.86
Seattle,1,12,36,Control,50,4.05
Seattle,1,12,36,Control,55,4.09
Seattle,1,13,37,Control,0,3.97
Seattle,1,13,37,Control,5,4.27
Seattle,1,13,37,Control,10,4.08
Seattle,1,13,37,Control,15,4.01
Seattle,1,13,37,Control,20,4.04
Seattle,1,13,37,Control,25,4.46
Seattle,1,13,37,Control,30,4.04
Seattle,1,13,37,Control,35,3.87
Seattle,1,13,37,Control,40,3.52
Seattle,1,13,37,Control,45,3.64
Seattle,1,13,37,Control,50,3.88
Seattle,1,13,37,Control,55,3.97
Seattle,1,14,38,Treatment,0,4.09
Seattle,1,14,38,Treatment,5,3.8
Seattle,1,14,38,Treatment,10,3.66
Seattle,1,14,38,Treatment,15,3.99
Seattle,1,14,38,Treatment,20,4.18
Seattle,1,14,38,Treatment,25,3.56
Seattle,1,14,38,Treatment,30,3.9
Seattle,1,14,38,Treatment,35,3.36
Seattle,1,14,38,Treatment,40,3.47
Seattle,1,14,38,Treatment,45,3.69
Seattle,1,14,38,Treatment,50,4.12
Seattle,1,14,38,Treatment,55,3.65
Seattle,1,15,39,Control,0,3.85
Seattle,1,15,39,Control,5,3.9
Seattle,1,15,39,Control,10,3.75
Seattle,1,15,39,Control,15,4.5
Seattle,1,15,39,Control,20,3.93
Seattle,1,15,39,Control,25,4.03
Seattle,1,15,39,Control,30,3.9
Seattle,1,15,39,Control,35,4.11
Seattle,1,15,39,Control,40,4.31
Seattle,1,15,39,Control,45,4.42
Seattle,1,15,39,Control,50,3.81
Seattle,1,15,39,Control,55,4.28
Seattle,1,16,40,Control,0,4.24
Seattle,1,16,40,Control,5,3.98
Seattle,1,16,40,Control,10,3.95
Seattle,1,16,40,Control,15,4.23
Seattle,1,16,40,Control,20,4.24
Seattle,1,16,40,Control,25,4.39
Seattle,1,16,40,Control,30,4.05
Seattle,1,16,40,Control,35,3.97
Seattle,1,16,40,Control,40,3.39
Seattle,1,16,40,Control,45,3.6
Seattle,1,16,40,Control,50,3.9
Seattle,1,16,40,Control,55,3.72
Seattle,1,17,41,Control,0,3.67
Seattle,1,17,41,Control,5,3.87
Seattle,1,17,41,Control,10,3.88
Seattle,1,17,41,Control,15,4.3
Seattle,1,17,41,Control,20,3.85
Seattle,1,17,41,Control,25,4.11
Seattle,1,17,41,Control,30,4.05
Seattle,1,17,41,Control,35,4.23
Seattle,1,17,41,Control,40,4.21
Seattle,1,17,41,Control,45,3.99
Seattle,1,17,41,Control,50,3.58
Seattle,1,17,41,Control,55,3.94
Seattle,1,18,42,Control,0,4.07
Seattle,1,18,42,Control,5,3.82
Seattle,1,18,42,Control,10,4.29
Seattle,1,18,42,Control,15,4.0
Seattle,1,18,42,Control,20,3.77
Seattle,1,18,42,Control,25,3.89
Seattle,1,18,42,Control,30,4.48
Seattle,1,18,42,Control,35,4.17
Seattle,1,18,42,Control,40,4.26
Seattle,1,18,42,Control,45,3.74
Seattle,1,18,42,Control,50,3.83
Seattle,1,18,42,Control,55,3.83
Seattle,1,19,43,Treatment,0,3.96
Seattle,1,19,43,Treatment,5,3.82
Seattle,1,19,43,Treatment,10,3.8
Seattle,1,19,43,Treatment,15,3.64
Seattle,1,19,43,Treatment,20,3.8
Seattle,1,19,43,Treatment,25,4.12
Seattle,1,19,43,Treatment,30,3.46
Seattle,1,19,43,Treatment,35,3.93
Seattle,1,19,43,Treatment,40,4.19
Seattle,1,19,43,Treatment,45,3.79
Seattle,1,19,43,Treatment,50,3.71
Seattle,1,19,43,Treatment,55,4.07
Seattle,1,20,44,Control,0,3.83
Seattle,1,20,44,Control,5,3.63
Seattle,1,20,44,Control,10,3.48
Seattle,1,20,44,Control,15,3.96
Seattle,1,20,44,Control,20,3.68
Seattle,1,20,44,Control,25,4.0
Seattle,1,20,44,Control,30,4.28
Seattle,1,20,44,Control,35,4.46
Seattle,1,20,44,Control,40,4.02
Seattle,1,20,44,Control,45,4.25
Seattle,1,20,44,Control,50,4.1
Seattle,1,20,44,Control,55,3.9
Seattle,1,21,45,Treatment,0,4.41
Seattle,1,21,45,Treatment,5,3.68
Seattle,1,21,45,Treatment,10,4.24
Seattle,1,21,45,Treatment,15,3.97
Seattle,1,21,45,Treatment,20,3.6
Seattle,1,21,45,Treatment,25,3.92
Seattle,1,21,45,Treatment,30,4.37
Seattle,1,21,45,Treatment,35,4.22
Seattle,1,21,45,Treatment,40,3.71
Seattle,1,21,45,Treatment,45,3.66
Seattle,1,21,45,Treatment,50,3.87
Seattle,1,21,45,Treatment,55,3.8
Seattle,1,22,46,Treatment,0,4.02
Seattle,1,22,46,Treatment,5,3.42
Seattle,1,22,46,Treatment,10,3.95
Seattle,1,22,46,Treatment,15,3.8
Seattle,1,22,46,Treatment,20,3.85
Seattle,1,22,46,Treatment,25,3.9
Seattle,1,22,46,Treatment,30,4.14
Seattle,1,22,46,Treatment,35,4.08
Seattle,1,22,46,Treatment,40,3.65
Seattle,1,22,46,Treatment,45,3.83
Seattle,1,22,46,Treatment,50,3.73
Seattle,1,22,46,Treatment,55,3.42
Seattle,1,23,47,Control,0,4.3
Seattle,1,23,47,Control,5,3.47
Seattle,1,23,47,Control,10,3.94
Seattle,1,23,47,Control,15,3.99
Seattle,1,23,47,Control,20,4.07
Seattle,1,23,47,Control,25,3.76
Seattle,1,23,47,Control,30,3.64
Seattle,1,23,47,Control,35,3.66
Seattle,1,23,47,Control,40,4.33
Seattle,1,23,47,Control,45,3.75
Seattle,1,23,47,Control,50,3.88
Seattle,1,23,47,Control,55,4.53
Seattle,2,0,48,Treatment,0,4.09
Seattle,2,0,48,Treatment,5,4.21
Seattle,2,0,48,Treatment,10,4.15
Seattle,2,0,48,Treatment,15,3.51
Seattle,2,0,48,Treatment,20,3.66
Seattle,2,0,48,Treatment,25,3.92
Seattle,2,0,48,Treatment,30,4.32
Seattle,2,0,48,Treatment,35,3.65
Seattle,2,0,48,Treatment,40,3.72
Seattle,2,0,48,Treatment,45,3.94
Seattle,2,0,48,Treatment,50,3.99
Seattle,2,0,48,Treatment,55,4.01
Seattle,2,1,49,Control,0,3.71
Seattle,2,1,49,Control,5,3.95
Seattle,2,1,49,Control,10,4.26
Seattle,2,1,49,Control,15,3.94
Seattle,2,1,49,Control,20,3.99
Seattle,2,1,49,Control,25,3.74
Seattle,2,1,49,Control,30,4.47
Seattle,2,1,49,Control,35,4.04
Seattle,2,1,49,Control,40,4.27
Seattle,2,1,49,Control,45,4.01
Seattle,2,1,49,Control,50,4.02
Seattle,2,1,49,Control,55,3.62
Seattle,2,2,50,Control,0,4.31
Seattle,2,2,50,Control,5,4.02
Seattle,2,2,50,Control,10,4.05
Seattle,2,2,50,Control,15,3.69
Seattle,2,2,50,Control,20,3.77
Seattle,2,2,50,Control,25,4.27
Seattle,2,2,50,Control,30,4.44
Seattle,2,2,50,Control,35,3.84
Seattle,2,2,50,Control,40,4.17
Seattle,2,2,50,Control,45,4.05
Seattle,2,2,50,Control,50,3.97
Seattle,2,2,50,Control,55,4.46
Seattle,2,3,51,Treatment,0,4.31
Seattle,2,3,51,Treatment,5,4.04
Seattle,2,3,51,Treatment,10,3.89
Seattle,2,3,51,Treatment,15,4.18
Seattle,2,3,51,Treatment,20,3.91
Seattle,2,3,51,Treatment,25,3.82
Seattle,2,3,51,Treatment,30,4.18
Seattle,2,3,51,Treatment,35,4.15
Seattle,2,3,51,Treatment,40,4.14
Seattle,2,3,51,Treatment,45,2.87
Seattle,2,3,51,Treatment,50,3.95
Seattle,2,3,51,Treatment,55,3.89
Seattle,2,4,52,Treatment,0,3.99
Seattle,2,4,52,Treatment,5,3.91
Seattle,2,4,52,Treatment,10,4.01
Seattle,2,4,52,Treatment,15,3.77
Seattle,2,4,52,Treatment,20,4.21
Seattle,2,4,52,Treatment,25,4.03
Seattle,2,4,52,Treatment,30,3.98
Seattle,2,4,52,Treatment,35,3.96
Seattle,2,4,52,Treatment,40,4.13
Seattle,2,4,52,Treatment,45,4.1
Seattle,2,4,52,Treatment,50,3.81
Seattle,2,4,52,Treatment,55,4.09
Seattle,2,5,53,Treatment,0,4.32
Seattle,2,5,53,Treatment,5,4.11
Seattle,2,5,53,Treatment,10,3.68
Seattle,2,5,53,Treatment,15,4.42
Seattle,2,5,53,Treatment,20,3.31
Seattle,2,5,53,Treatment,25,4.0
Seattle,2,5,53,Treatment,30,3.67
Seattle,2,5,53,Treatment,35,4.31
Seattle,2,5,53,Treatment,40,3.9
Seattle,2,5,53,Treatment,45,3.64
Seattle,2,5,53,Treatment,50,3.77
Seattle,2,5,53,Treatment,55,3.66
Seattle,2,6,54,Treatment,0,3.76
Seattle,2,6,54,Treatment,5,3.65
Seattle,2,6,54,Treatment,10,3.91
Seattle,2,6,54,Treatment,15,3.94
Seattle,2,6,54,Treatment,20,3.59
Seattle,2,6,54,Treatment,25,3.43
Seattle,2,6,54,Treatment,30,3.92
Seattle,2,6,54,Treatment,35,3.97
Seattle,2,6,54,Treatment,40,4.02
Seattle,2,6,54,Treatment,45,3.98
Seattle,2,6,54,Treatment,50,4.23
Seattle,2,6,54,Treatment,55,4.09
Seattle,2,7,55,Control,0,4.62
Seattle,2,7,55,Control,5,3.45
Seattle,2,7,55,Control,10,3.4
Seattle,2,7,55,Control,15,4.0
Seattle,2,7,55,Control,20,4.13
Seattle,2,7,55,Control,25,3.98
Seattle,2,7,55,Control,30,4.18
Seattle,2,7,55,Control,35,3.93
Seattle,2,7,55,Control,40,3.83
Seattle,2,7,55,Control,45,3.86
Seattle,2,7,55,Control,50,3.95
Seattle,2,7,55,Control,55,4.21
Seattle,2,8,56,Control,0,3.93
Seattle,2,8,56,Control,5,4.14
Seattle,2,8,56,Control,10,3.95
Seattle,2,8,56,Control,15,4.28
Seattle,2,8,56,Control,20,3.77
Seattle,2,8,56,Control,25,3.72
Seattle,2,8,56,Control,30,4.08
Seattle,2,8,56,Control,35,4.1
Seattle,2,8,56,Control,40,3.78
Seattle,2,8,56,Control,45,4.34
Seattle,2,8,56,Control,50,4.48
Seattle,2,8,56,Control,55,3.84
Seattle,2,9,57,Treatment,0,3.4
Seattle,2,9,57,Treatment,5,4.22
Seattle,2,9,57,Treatment,10,3.68
Seattle,2,9,57,Treatment,15,4.08
Seattle,2,9,57,Treatment,20,3.6
Seattle,2,9,57,Treatment,25,3.82
Seattle,2,9,57,Treatment,30,3.64
Seattle,2,9,57,Treatment,35,3.79
Seattle,2,9,57,Treatment,40,4.3
Seattle,2,9,57,Treatment,45,3.81
Seattle,2,9,57,Treatment,50,4.37
Seattle,2,9,57,Treatment,55,3.74
Seattle,2,10,58,Treatment,0,3.43
Seattle,2,10,58,Treatment,5,3.77
Seattle,2,10,58,Treatment,10,3.71
Seattle,2,10,58,Treatment,15,4.22
Seattle,2,10,58,Treatment,20,3.89
Seattle,2,10,58,Treatment,25,3.32
Seattle,2,10,58,Treatment,30,3.51
Seattle,2,10,58,Treatment,35,3.59
Seattle,2,10,58,Treatment,40,4.07
Seattle,2,10,58,Treatment,45,4.04
Seattle,2,10,58,Treatment,50,3.76
Seattle,2,10,58,Treatment,55,3.7
Seattle,2,11,59,Treatment,0,3.56
Seattle,2,11,59,Treatment,5,3.95
Seattle,2,11,59,Treatment,10,3.93
Seattle,2,11,59,Treatment,15,3.77
Seattle,2,11,59,Treatment,20,3.94
Seattle,2,11,59,Treatment,25,3.87
Seattle,2,11,59,Treatment,30,3.96
Seattle,2,11,59,Treatment,35,3.51
Seattle,2,11,59,Treatment,40,3.99
Seattle,2,11,59,Treatment,45,4.1
Seattle,2,11,59,Treatment,50,3.92
Seattle,2,11,59,Treatment,55,3.99
Seattle,2,12,60,Control,0,3.57
Seattle,2,12,60,Control,5,3.87
Seattle,2,12,60,Control,10,4.17
Seattle,2,12,60,Control,15,4.02
Seattle,2,12,60,Control,20,3.71
Seattle,2,12,60,Control,25,4.21
Seattle,2,12,60,Control,30,3.59
Seattle,2,12,60,Control,35,4.07
Seattle,2,12,60,Control,40,3.9
Seattle,2,12,60,Control,45,3.89
Seattle,2,12,60,Control,50,4.04
Seattle,2,12,60,Control,55,3.82
Seattle,2,13,61,Treatment,0,4.01
Seattle,2,13,61,Treatment,5,3.79
Seattle,2,13,61,Treatment,10,4.23
Seattle,2,13,61,Treatment,15,3.89
Seattle,2,13,61,Treatment,20,4.0
Seattle,2,13,61,Treatment,25,4.19
Seattle,2,13,61,Treatment,30,4.19
Seattle,2,13,61,Treatment,35,3.98
Seattle,2,13,61,Treatment,40,3.76
Seattle,2,13,61,Treatment,45,3.48
Seattle,2,13,61,Treatment,50,3.89
Seattle,2,13,61,Treatment,55,4.11
Seattle,2,14,62,Control,0,2.98
Seattle,2,14,62,Control,5,4.11
Seattle,2,14,62,Control,10,4.18
Seattle,2,14,62,Control,15,3.92
Seattle,2,14,62,Control,20,4.25
Seattle,2,14,62,Control,25,4.16
Seattle,2,14,62,Control,30,3.83
Seattle,2,14,62,Control,35,4.32
Seattle,2,14,62,Control,40,3.68
Seattle,2,14,62,Control,45,3.99
Seattle,2,14,62,Control,50,3.96
Seattle,2,14,62,Control,55,3.79
Seattle,2,15,63,Treatment,0,4.33
Seattle,2,15,63,Treatment,5,4.26
Seattle,2,15,63,Treatment,10,4.07
Seattle,2,15,63,Treatment,15,3.42
Seattle,2,15,63,Treatment,20,3.51
Seattle,2,15,63,Treatment,25,3.88
Seattle,2,15,63,Treatment,30,3.83
Seattle,2,15,63,Treatment,35,3.72
Seattle,2,15,63,Treatment,40,4.32
Seattle,2,15,63,Treatment,45,3.87
Seattle,2,15,63,Treatment,50,3.98
Seattle,2,15,63,Treatment,55,4.09
Seattle,2,16,64,Treatment,0,4.49
Seattle,2,16,64,Treatment,5,3.6
Seattle,2,16,64,Treatment,10,3.69
Seattle,2,16,64,Treatment,15,3.6
Seattle,2,16,64,Treatment,20,4.23
Seattle,2,16,64,Treatment,25,4.04
Seattle,2,16,64,Treatment,30,3.7
Seattle,2,16,64,Treatment,35,3.62
Seattle,2,16,64,Treatment,40,4.19
Seattle,2,16,64,Treatment,45,3.93
Seattle,2,16,64,Treatment,50,4.19
Seattle,2,16,64,Treatment,55,3.82
Seattle,2,17,65,Control,0,3.92
Seattle,2,17,65,Control,5,3.74
Seattle,2,17,65,Control,10,3.91
Seattle,2,17,65,Control,15,3.7
Seattle,2,17,65,Control,20,4.12
Seattle,2,17,65,Control,25,4.19
Seattle,2,17,65,Control,30,4.25
Seattle,2,17,65,Control,35,4.17
Seattle,2,17,65,Control,40,3.97
Seattle,2,17,65,Control,45,4.39
Seattle,2,17,65,Control,50,4.22
Seattle,2,17,65,Control,55,4.35
Seattle,2,18,66,Control,0,3.97
Seattle,2,18,66,Control,5,4.1
Seattle,2,18,66,Control,10,4.19
Seattle,2,18,66,Control,15,3.71
Seattle,2,18,66,Control,20,3.72
Seattle,2,18,66,Control,25,3.68
Seattle,2,18,66,Control,30,3.97
Seattle,2,18,66,Control,35,3.92
Seattle,2,18,66,Control,40,3.64
Seattle,2,18,66,Control,45,4.04
Seattle,2,18,66,Control,50,3.98
Seattle,2,18,66,Control,55,4.3
Seattle,2,19,67,Treatment,0,4.11
Seattle,2,19,67,Treatment,5,3.77
Seattle,2,19,67,Treatment,10,4.06
Seattle,2,19,67,Treatment,15,3.84
Seattle,2,19,67,Treatment,20,3.78
Seattle,2,19,67,Treatment,25,3.62
Seattle,2,19,67,Treatment,30,3.72
Seattle,2,19,67,Treatment,35,3.8
Seattle,2,19,67,Treatment,40,4.04
Seattle,2,19,67,Treatment,45,3.97
Seattle,2,19,67,Treatment,50,4.3
Seattle,2,19,67,Treatment,55,4.01
Seattle,2,20,68,Treatment,0,3.76
Seattle,2,20,68,Treatment,5,3.58
Seattle,2,20,68,Treatment,10,3.7
Seattle,2,20,68,Treatment,15,3.67
Seattle,2,20,68,Treatment,20,3.2
Seattle,2,20,68,Treatment,25,3.59
Seattle,2,20,68,Treatment,30,4.24
Seattle,2,20,68,Treatment,35,3.93
Seattle,2,20,68,Treatment,40,3.75
Seattle,2,20,68,Treatment,45,3.94
Seattle,2,20,68,Treatment,50,3.35
Seattle,2,20,68,Treatment,55,3.91
Seattle,2,21,69,Treatment,0,3.81
Seattle,2,21,69,Treatment,5,3.4
Seattle,2,21,69,Treatment,10,3.74
Seattle,2,21,69,Treatment,15,4.16
Seattle,2,21,69,Treatment,20,3.9
Seattle,2,21,69,Treatment,25,3.49
Seattle,2,21,69,Treatment,30,4.43
Seattle,2,21,69,Treatment,35,3.53
Seattle,2,21,69,Treatment,40,3.78
Seattle,2,21,69,Treatment,45,3.58
Seattle,2,21,69,Treatment,50,3.58
Seattle,2,21,69,Treatment,55,3.73
Seattle,2,22,70,Control,0,4.16
Seattle,2,22,70,Control,5,3.8
Seattle,2,22,70,Control,10,3.69
Seattle,2,22,70,Control,15,4.12
Seattle,2,22,70,Control,20,4.13
Seattle,2,22,70,Control,25,4.06
Seattle,2,22,70,Control,30,4.07
Seattle,2,22,70,Control,35,3.97
Seattle,2,22,70,Control,40,4.02
Seattle,2,22,70,Control,45,3.95
Seattle,2,22,70,Control,50,4.27
Seattle,2,22,70,Control,55,4.56
Seattle,2,23,71,Treatment,0,4.0
Seattle,2,23,71,Treatment,5,4.01
Seattle,2,23,71,Treatment,10,3.73
Seattle,2,23,71,Treatment,15,4.03
Seattle,2,23,71,Treatment,20,3.95
Seattle,2,23,71,Treatment,25,3.73
Seattle,2,23,71,Treatment,30,4.07
Seattle,2,23,71,Treatment,35,3.84
Seattle,2,23,71,Treatment,40,3.6
Seattle,2,23,71,Treatment,45,3.93
Seattle,2,23,71,Treatment,50,3.9
Seattle,2,23,71,Treatment,55,4.08
Seattle,3,0,72,Control,0,3.81
Seattle,3,0,72,Control,5,3.78
Seattle,3,0,72,Control,10,3.95
Seattle,3,0,72,Control,15,4.09
Seattle,3,0,72,Control,20,4.12
Seattle,3,0,72,Control,25,4.08
Seattle,3,0,72,Control,30,3.98
Seattle,3,0,72,Control,35,4.25
Seattle,3,0,72,Control,40,3.83
Seattle,3,0,72,Control,45,4.62
Seattle,3,0,72,Control,50,4.19
Seattle,3,0,72,Control,55,3.72
Seattle,3,1,73,Treatment,0,4.19
Seattle,3,1,73,Treatment,5,3.86
Seattle,3,1,73,Treatment,10,3.52
Seattle,3,1,73,Treatment,15,3.58
Seattle,3,1,73,Treatment,20,3.98
Seattle,3,1,73,Treatment,25,3.4
Seattle,3,1,73,Treatment,30,3.48
Seattle,3,1,73,Treatment,35,3.97
Seattle,3,1,73,Treatment,40,3.78
Seattle,3,1,73,Treatment,45,3.67
Seattle,3,1,73,Treatment,50,3.72
Seattle,3,1,73,Treatment,55,3.47
Seattle,3,2,74,Treatment,0,3.64
Seattle,3,2,74,Treatment,5,3.71
Seattle,3,2,74,Treatment,10,3.93
Seattle,3,2,74,Treatment,15,3.78
Seattle,3,2,74,Treatment,20,3.66
Seattle,3,2,74,Treatment,25,3.34
Seattle,3,2,74,Treatment,30,3.93
Seattle,3,2,74,Treatment,35,3.86
Seattle,3,2,74,Treatment,40,3.71
Seattle,3,2,74,Treatment,45,3.58
Seattle,3,2,74,Treatment,50,3.84
Seattle,3,2,74,Treatment,55,3.96
Seattle,3,3,75,Control,0,4.25
Seattle,3,3,75,Control,5,4.07
Seattle,3,3,75,Control,10,3.92
Seattle,3,3,75,Control,15,4.18
Seattle,3,3,75,Control,20,4.01
Seattle,3,3,75,Control,25,4.01
Seattle,3,3,75,Control,30,4.32
Seattle,3,3,75,Control,35,3.78
Seattle,3,3,75,Control,40,4.01
Seattle,3,3,75,Control,45,4.3
Seattle,3,3,75,Control,50,4.08
Seattle,3,3,75,Control,55,3.91
Seattle,3,4,76,Control,0,3.43
Seattle,3,4,76,Control,5,4.52
Seattle,3,4,76,Control,10,4.08
Seattle,3,4,76,Control,15,3.85
Seattle,3,4,76,Control,20,4.09
Seattle,3,4,76,Control,25,3.76
Seattle,3,4,76,Control,30,3.92
Seattle,3,4,76,Control,35,3.76
Seattle,3,4,76,Control,40,3.65
Seattle,3,4,76,Control,45,3.47
Seattle,3,4,76,Control,50,3.6
Seattle,3,4,76,Control,55,4.26
Seattle,3,5,77,Treatment,0,4.13
Seattle,3,5,77,Treatment,5,4.19
Seattle,3,5,77,Treatment,10,3.9
Seattle,3,5,77,Treatment,15,3.77
Seattle,3,5,77,Treatment,20,3.87
Seattle,3,5,77,Treatment,25,3.74
Seattle,3,5,77,Treatment,30,4.14
Seattle,3,5,77,Treatment,35,4.31
Seattle,3,5,77,Treatment,40,4.2
Seattle,3,5,77,Treatment,45,3.3
Seattle,3,5,77,Treatment,50,3.73
Seattle,3,5,77,Treatment,55,3.84
Seattle,3,6,78,Treatment,0,3.41
Seattle,3,6,78,Treatment,5,3.4
Seattle,3,6,78,Treatment,10,4.17
Seattle,3,6,78,Treatment,15,3.7
Seattle,3,6,78,Treatment,20,3.47
Seattle,3,6,78,Treatment,25,3.56
Seattle,3,6,78,Treatment,30,3.94
Seattle,3,6,78,Treatment,35,3.63
Seattle,3,6,78,Treatment,40,3.9
Seattle,3,6,78,Treatment,45,3.6
Seattle,3,6,78,Treatment,50,3.4
Seattle,3,6,78,Treatment,55,4.2
Seattle,3,7,79,Treatment,0,3.76
Seattle,3,7,79,Treatment,5,3.71
Seattle,3,7,79,Treatment,10,4.21
Seattle,3,7,79,Treatment,15,3.99
Seattle,3,7,79,Treatment,20,4.13
Seattle,3,7,79,Treatment,25,3.69
Seattle,3,7,79,Treatment,30,3.85
Seattle,3,7,79,Treatment,35,3.94
Seattle,3,7,79,Treatment,40,3.7
Seattle,3,7,79,Treatment,45,3.82
Seattle,3,7,79,Treatment,50,3.69
Seattle,3,7,79,Treatment,55,3.94
Seattle,3,8,80,Control,0,3.98
Seattle,3,8,80,Control,5,3.97
Seattle,3,8,80,Control,10,3.9
Seattle,3,8,80,Control,15,4.11
Seattle,3,8,80,Control,20,3.91
Seattle,3,8,80,Control,25,3.83
Seattle,3,8,80,Control,30,4.14
Seattle,3,8,80,Control,35,4.15
Seattle,3,8,80,Control,40,3.87
Seattle,3,8,80,Control,45,3.85
Seattle,3,8,80,Control,50,3.95
Seattle,3,8,80,Control,55,3.86
Seattle,3,9,81,Control,0,4.08
Seattle,3,9,81,Control,5,4.0
Seattle,3,9,81,Control,10,3.77
Seattle,3,9,81,Control,15,4.18
Seattle,3,9,81,Control,20,3.85
Seattle,3,9,81,Control,25,3.84
Seattle,3,9,81,Control,30,4.19
Seattle,3,9,81,Control,35,4.1
Seattle,3,9,81,Control,40,3.37
Seattle,3,9,81,Control,45,3.96
Seattle,3,9,81,Control,50,4.03
Seattle,3,9,81,Control,55,3.92
Seattle,3,10,82,Control,0,3.55
Seattle,3,10,82,Control,5,3.29
Seattle,3,10,82,Control,10,3.76
Seattle,3,10,82,Control,15,4.07
Seattle,3,10,82,Control,20,3.19
Seattle,3,10,82,Control,25,3.79
Seattle,3,10,82,Control,30,3.52
Seattle,3,10,82,Control,35,3.94
Seattle,3,10,82,Control,40,4.49
Seattle,3,10,82,Control,45,3.95
Seattle,3,10,82,Control,50,3.97
Seattle,3,10,82,Control,55,4.21
Seattle,3,11,83,Control,0,3.95
Seattle,3,11,83,Control,5,4.23
Seattle,3,11,83,Control,10,4.12
Seattle,3,11,83,Control,15,4.07
Seattle,3,11,83,Control,20,3.97
Seattle,3,11,83,Control,25,3.91
Seattle,3,11,83,Control,30,4.23
Seattle,3,11,83,Control,35,3.92
Seattle,3,11,83,Control,40,4.31
Seattle,3,11,83,Control,45,3.74
Seattle,3,11,83,Control,50,4.36
Seattle,3,11,83,Control,55,4.12
Seattle,3,12,84,Treatment,0,4.13
Seattle,3,12,84,Treatment,5,3.78
Seattle,3,12,84,Treatment,10,3.9
Seattle,3,12,84,Treatment,15,3.72
Seattle,3,12,84,Treatment,20,3.81
Seattle,3,12,84,Treatment,25,4.08
Seattle,3,12,84,Treatment,30,3.97
Seattle,3,12,84,Treatment,35,3.56
Seattle,3,12,84,Treatment,40,3.57
Seattle,3,12,84,Treatment,45,3.91
Seattle,3,12,84,Treatment,50,3.93
Seattle,3,12,84,Treatment,55,3.67
Seattle,3,13,85,Control,0,4.04
Seattle,3,13,85,Control,5,3.74
Seattle,3,13,85,Control,10,3.77
Seattle,3,13,85,Control,15,3.94
Seattle,3,13,85,Control,20,3.92
Seattle,3,13,85,Control,25,4.31
Seattle,3,13,85,Control,30,4.25
Seattle,3,13,85,Control,35,4.01
Seattle,3,13,85,Control,40,4.17
Seattle,3,13,85,Control,45,4.21
Seattle,3,13,85,Control,50,4.01
Seattle,3,13,85,Control,55,4.1
Seattle,3,14,86,Treatment,0,4.12
Seattle,3,14,86,Treatment,5,3.75
Seattle,3,14,86,Treatment,10,3.72
Seattle,3,14,86,Treatment,15,3.77
Seattle,3,14,86,Treatment,20,3.66
Seattle,3,14,86,Treatment,25,3.47
Seattle,3,14,86,Treatment,30,4.01
Seattle,3,14,86,Treatment,35,3.93
Seattle,3,14,86,Treatment,40,3.51
Seattle,3,14,86,Treatment,45,3.78
Seattle,3,14,86,Treatment,50,3.79
Seattle,3,14,86,Treatment,55,3.89
Seattle,3,15,87,Control,0,3.5
Seattle,3,15,87,Control,5,4.02
Seattle,3,15,87,Control,10,3.56
Seattle,3,15,87,Control,15,3.94
Seattle,3,15,87,Control,20,3.92
Seattle,3,15,87,Control,25,3.97
Seattle,3,15,87,Control,30,4.06
Seattle,3,15,87,Control,35,4.4
Seattle,3,15,87,Control,40,3.6
Seattle,3,15,87,Control,45,4.22
Seattle,3,15,87,Control,50,3.37
Seattle,3,15,87,Control,55,4.35
Seattle,3,16,88,Treatment,0,4.61
Seattle,3,16,88,Treatment,5,3.85
Seattle,3,16,88,Treatment,10,4.22
Seattle,3,16,88,Treatment,15,4.11
Seattle,3,16,88,Treatment,20,3.73
Seattle,3,16,88,Treatment,25,3.75
Seattle,3,16,88,Treatment,30,3.63
Seattle,3,16,88,Treatment,35,4.04
Seattle,3,16,88,Treatment,40,3.73
Seattle,3,16,88,Treatment,45,3.64
Seattle,3,16,88,Treatment,50,3.97
Seattle,3,16,88,Treatment,55,3.62
Seattle,3,17,89,Treatment,0,3.87
Seattle,3,17,89,Treatment,5,3.68
Seattle,3,17,89,Treatment,10,3.72
Seattle,3,17,89,Treatment,15,4.22
Seattle,3,17,89,Treatment,20,3.79
Seattle,3,17,89,Treatment,25,3.75
Seattle,3,17,89,Treatment,30,3.8
Seattle,3,17,89,Treatment,35,3.95
Seattle,3,17,89,Treatment,40,3.58
Seattle,3,17,89,Treatment,45,3.95
Seattle,3,17,89,Treatment,50,3.9
Seattle,3,17,89,Treatment,55,3.39
Seattle,3,18,90,Control,0,4.21
Seattle,3,18,90,Control,5,3.69
Seattle,3,18,90,Control,10,3.67
Seattle,3,18,90,Control,15,4.06
Seattle,3,18,90,Control,20,3.64
Seattle,3,18,90,Control,25,4.34
Seattle,3,18,90,Control,30,3.88
Seattle,3,18,90,Control,35,4.41
Seattle,3,18,90,Control,40,3.79
Seattle,3,18,90,Control,45,3.97
Seattle,3,18,90,Control,50,4.32
Seattle,3,18,90,Control,55,3.92
Seattle,3,19,91,Treatment,0,4.27
Seattle,3,19,91,Treatment,5,3.81
Seattle,3,19,91,Treatment,10,3.58
Seattle,3,19,91,Treatment,15,3.48
Seattle,3,19,91,Treatment,20,3.99
Seattle,3,19,91,Treatment,25,3.94
Seattle,3,19,91,Treatment,30,4.11
Seattle,3,19,91,Treatment,35,3.77
Seattle,3,19,91,Treatment,40,3.48
Seattle,3,19,91,Treatment,45,3.25
Seattle,3,19,91,Treatment,50,4.56
Seattle,3,19,91,Treatment,55,3.97
Seattle,3,20,92,Control,0,3.91
Seattle,3,20,92,Control,5,3.54
Seattle,3,20,92,Control,10,3.75
Seattle,3,20,92,Control,15,4.44
Seattle,3,20,92,Control,20,4.16
Seattle,3,20,92,Control,25,3.81
Seattle,3,20,92,Control,30,3.69
Seattle,3,20,92,Control,35,3.87
Seattle,3,20,92,Control,40,3.92
Seattle,3,20,92,Control,45,4.51
Seattle,3,20,92,Control,50,3.95
Seattle,3,20,92,Control,55,3.7
Seattle,3,21,93,Control,0,4.07
Seattle,3,21,93,Control,5,3.68
Seattle,3,21,93,Control,10,4.1
Seattle,3,21,93,Control,15,4.3
Seattle,3,21,93,Control,20,4.03
Seattle,3,21,93,Control,25,3.8
Seattle,3,21,93,Control,30,3.87
Seattle,3,21,93,Control,35,3.59
Seattle,3,21,93,Control,40,3.97
Seattle,3,21,93,Control,45,4.08
Seattle,3,21,93,Control,50,3.78
Seattle,3,21,93,Control,55,4.48
Seattle,3,22,94,Treatment,0,3.55
Seattle,3,22,94,Treatment,5,3.5
Seattle,3,22,94,Treatment,10,3.65
Seattle,3,22,94,Treatment,15,4.23
Seattle,3,22,94,Treatment,20,4.06
Seattle,3,22,94,Treatment,25,4.25
Seattle,3,22,94,Treatment,30,3.84
Seattle,3,22,94,Treatment,35,3.79
Seattle,3,22,94,Treatment,40,3.53
Seattle,3,22,94,Treatment,45,3.93
Seattle,3,22,94,Treatment,50,3.79
Seattle,3,22,94,Treatment,55,3.78
Seattle,3,23,95,Treatment,0,3.81
Seattle,3,23,95,Treatment,5,4.17
Seattle,3,23,95,Treatment,10,3.44
Seattle,3,23,95,Treatment,15,4.51
Seattle,3,23,95,Treatment,20,3.75
Seattle,3,23,95,Treatment,25,4.02
Seattle,3,23,95,Treatment,30,4.06
Seattle,3,23,95,Treatment,35,3.72
Seattle,3,23,95,Treatment,40,4.04
Seattle,3,23,95,Treatment,45,4.06
Seattle,3,23,95,Treatment,50,3.66
Seattle,3,23,95,Treatment,55,3.66
Seattle,4,0,96,Treatment,0,3.81
Seattle,4,0,96,Treatment,5,4.19
Seattle,4,0,96,Treatment,10,4.02
Seattle,4,0,96,Treatment,15,3.82
Seattle,4,0,96,Treatment,20,3.99
Seattle,4,0,96,Treatment,25,3.33
Seattle,4,0,96,Treatment,30,3.69
Seattle,4,0,96,Treatment,35,3.91
Seattle,4,0,96,Treatment,40,4.12
Seattle,4,0,96,Treatment,45,3.89
Seattle,4,0,96,Treatment,50,4.2
Seattle,4,0,96,Treatment,55,4.06
Seattle,4,1,97,Treatment,0,3.8
Seattle,4,1,97,Treatment,5,3.94
Seattle,4,1,97,Treatment,10,3.73
Seattle,4,1,97,Treatment,15,4.22
Seattle,4,1,97,Treatment,20,3.56
Seattle,4,1,97,Treatment,25,3.92
Seattle,4,1,97,Treatment,30,4.02
Seattle,4,1,97,Treatment,35,3.76
Seattle,4,1,97,Treatment,40,3.71
Seattle,4,1,97,Treatment,45,3.82
Seattle,4,1,97,Treatment,50,4.04
Seattle,4,1,97,Treatment,55,3.72
Seattle,4,2,98,Treatment,0,4.13
Seattle,4,2,98,Treatment,5,3.94
Seattle,4,2,98,Treatment,10,4.09
Seattle,4,2,98,Treatment,15,4.03
Seattle,4,2,98,Treatment,20,4.38
Seattle,4,2,98,Treatment,25,4.12
Seattle,4,2,98,Treatment,30,3.66
Seattle,4,2,98,Treatment,35,3.96
Seattle,4,2,98,Treatment,40,3.7
Seattle,4,2,98,Treatment,45,3.73
Seattle,4,2,98,Treatment,50,3.49
Seattle,4,2,98,Treatment,55,3.77
Seattle,4,3,99,Treatment,0,3.82
Seattle,4,3,99,Treatment,5,3.57
Seattle,4,3,99,Treatment,10,3.46
Seattle,4,3,99,Treatment,15,4.37
Seattle,4,3,99,Treatment,20,3.92
Seattle,4,3,99,Treatment,25,3.63
Seattle,4,3,99,Treatment,30,3.96
Seattle,4,3,99,Treatment,35,4.39
Seattle,4,3,99,Treatment,40,4.0
Seattle,4,3,99,Treatment,45,3.14
Seattle,4,3,99,Treatment,50,4.5
Seattle,4,3,99,Treatment,55,3.38
Seattle,4,4,100,Treatment,0,3.56
Seattle,4,4,100,Treatment,5,3.65
Seattle,4,4,100,Treatment,10,3.91
Seattle,4,4,100,Treatment,15,3.32
Seattle,4,4,100,Treatment,20,3.82
Seattle,4,4,100,Treatment,25,4.13
Seattle,4,4,100,Treatment,30,3.63
Seattle,4,4,100,Treatment,35,3.49
Seattle,4,4,100,Treatment,40,3.81
Seattle,4,4,100,Treatment,45,3.76
Seattle,4,4,100,Treatment,50,3.69
Seattle,4,4,100,Treatment,55,3.54
Seattle,4,5,101,Control,0,3.99
Seattle,4,5,101,Control,5,3.63
Seattle,4,5,101,Control,10,3.71
Seattle,4,5,101,Control,15,4.03
Seattle,4,5,101,Control,20,3.76
Seattle,4,5,101,Control,25,4.04
Seattle,4,5,101,Control,30,4.37
Seattle,4,5,101,Control,35,3.99
Seattle,4,5,101,Control,40,3.7
Seattle,4,5,101,Control,45,4.1
Seattle,4,5,101,Control,50,3.96
Seattle,4,5,101,Control,55,3.96
Seattle,4,6,102,Treatment,0,4.17
Seattle,4,6,102,Treatment,5,3.96
Seattle,4,6,102,Treatment,10,3.88
Seattle,4,6,102,Treatment,15,4.36
Seattle,4,6,102,Treatment,20,4.14
Seattle,4,6,102,Treatment,25,4.05
Seattle,4,6,102,Treatment,30,3.87
Seattle,4,6,102,Treatment,35,3.59
Seattle,4,6,102,Treatment,40,4.12
Seattle,4,6,102,Treatment,45,3.88
Seattle,4,6,102,Treatment,50,3.7
Seattle,4,6,102,Treatment,55,3.78
Seattle,4,7,103,Treatment,0,4.1
Seattle,4,7,103,Treatment,5,4.01
Seattle,4,7,103,Treatment,10,3.89
Seattle,4,7,103,Treatment,15,3.83
Seattle,4,7,103,Treatment,20,3.67
Seattle,4,7,103,Treatment,25,3.31
Seattle,4,7,103,Treatment,30,3.49
Seattle,4,7,103,Treatment,35,3.65
Seattle,4,7,103,Treatment,40,3.62
Seattle,4,7,103,Treatment,45,3.91
Seattle,4,7,103,Treatment,50,4.04
Seattle,4,7,103,Treatment,55,3.81
Seattle,4,8,104,Treatment,0,3.64
Seattle,4,8,104,Treatment,5,3.81
Seattle,4,8,104,Treatment,10,3.83
Seattle,4,8,104,Treatment,15,4.11
Seattle,4,8,104,Treatment,20,3.87
Seattle,4,8,104,Treatment,25,3.87
Seattle,4,8,104,Treatment,30,3.43
Seattle,4,8,104,Treatment,35,3.62
Seattle,4,8,104,Treatment,40,4.11
Seattle,4,8,104,Treatment,45,3.32
Seattle,4,8,104,Treatment,50,4.18
Seattle,4,8,104,Treatment,55,3.96
Seattle,4,9,105,Treatment,0,3.63
Seattle,4,9,105,Treatment,5,4.31
Seattle,4,9,105,Treatment,10,4.19
Seattle,4,9,105,Treatment,15,3.81
Seattle,4,9,105,Treatment,20,3.87
Seattle,4,9,105,Treatment,25,3.68
Seattle,4,9,105,Treatment,30,3.87
Seattle,4,9,105,Treatment,35,3.67
Seattle,4,9,105,Treatment,40,3.82
Seattle,4,9,105,Treatment,45,4.29
Seattle,4,9,105,Treatment,50,3.82
Seattle,4,9,105,Treatment,55,3.58
Seattle,4,10,106,Treatment,0,3.87
Seattle,4,10,106,Treatment,5,3.65
Seattle,4,10,106,Treatment,10,3.9
Seattle,4,10,106,Treatment,15,3.44
Seattle,4,10,106,Treatment,20,4.01
Seattle,4,10,106,Treatment,25,3.57
Seattle,4,10,106,Treatment,30,3.85
Seattle,4,10,106,Treatment,35,3.76
Seattle,4,10,106,Treatment,40,4.27
Seattle,4,10,106,Treatment,45,3.88
Seattle,4,10,106,Treatment,50,4.33
Seattle,4,10,106,Treatment,55,3.98
Seattle,4,11,107,Treatment,0,3.79
Seattle,4,11,107,Treatment,5,3.93
Seattle,4,11,107,Treatment,10,4.14
Seattle,4,11,107,Treatment,15,4.07
Seattle,4,11,107,Treatment,20,3.97
Seattle,4,11,107,Treatment,25,3.76
Seattle,4,11,107,Treatment,30,3.8
Seattle,4,11,107,Treatment,35,4.12
Seattle,4,11,107,Treatment,40,4.18
Seattle,4,11,107,Treatment,45,3.69
Seattle,4,11,107,Treatment,50,3.65
Seattle,4,11,107,Treatment,55,3.61
Seattle,4,12,108,Treatment,0,3.61
Seattle,4,12,108,Treatment,5,4.04
Seattle,4,12,108,Treatment,10,3.98
Seattle,4,12,108,Treatment,15,3.7
Seattle,4,12,108,Treatment,20,4.23
Seattle,4,12,108,Treatment,25,3.47
Seattle,4,12,108,Treatment,30,4.25
Seattle,4,12,108,Treatment,35,3.92
Seattle,4,12,108,Treatment,40,3.32
Seattle,4,12,108,Treatment,45,4.24
Seattle,4,12,108,Treatment,50,4.08
Seattle,4,12,108,Treatment,55,3.73
Seattle,4,13,109,Control,0,3.45
Seattle,4,13,109,Control,5,4.5
Seattle,4,13,109,Control,10,3.72
Seattle,4,13,109,Control,15,3.68
Seattle,4,13,109,Control,20,4.07
Seattle,4,13,109,Control,25,3.59
Seattle,4,13,109,Control,30,3.75
Seattle,4,13,109,Control,35,4.25
Seattle,4,13,109,Control,40,4.12
Seattle,4,13,109,Control,45,3.9
Seattle,4,13,109,Control,50,4.0
Seattle,4,13,109,Control,55,3.89
Seattle,4,14,110,Treatment,0,3.81
Seattle,4,14,110,Treatment,5,3.8
Seattle,4,14,110,Treatment,10,3.74
Seattle,4,14,110,Treatment,15,3.66
Seattle,4,14,110,Treatment,20,4.1
Seattle,4,14,110,Treatment,25,4.03
Seattle,4,14,110,Treatment,30,3.61
Seattle,4,14,110,Treatment,35,3.54
Seattle,4,14,110,Treatment,40,3.8
Seattle,4,14,110,Treatment,45,4.38
Seattle,4,14,110,Treatment,50,3.58
Seattle,4,14,110,Treatment,55,3.8
Seattle,4,15,111,Treatment,0,3.81
Seattle,4,15,111,Treatment,5,3.73
Seattle,4,15,111,Treatment,10,4.13
Seattle,4,15,111,Treatment,15,3.95
Seattle,4,15,111,Treatment,20,4.05
Seattle,4,15,111,Treatment,25,3.99
Seattle,4,15,111,Treatment,30,4.06
Seattle,4,15,111,Treatment,35,4.24
Seattle,4,15,111,Treatment,40,4.17
Seattle,4,15,111,Treatment,45,4.42
Seattle,4,15,111,Treatment,50,4.14
Seattle,4,15,111,Treatment,55,3.67
Seattle,4,16,112,Control,0,4.02
Seattle,4,16,112,Control,5,4.37
Seattle,4,16,112,Control,10,3.7
Seattle,4,16,112,Control,15,4.14
Seattle,4,16,112,Control,20,3.83
Seattle,4,16,112,Control,25,4.13
Seattle,4,16,112,Control,30,3.95
Seattle,4,16,112,Control,35,4.12
Seattle,4,16,112,Control,40,3.65
Seattle,4,16,112,Control,45,4.2
Seattle,4,16,112,Control,50,4.05
Seattle,4,16,112,Control,55,4.04
Seattle,4,17,113,Treatment,0,3.9
Seattle,4,17,113,Treatment,5,4.03
Seattle,4,17,113,Treatment,10,3.92
Seattle,4,17,113,Treatment,15,3.89
Seattle,4,17,113,Treatment,20,4.4
Seattle,4,17,113,Treatment,25,3.86
Seattle,4,17,113,Treatment,30,3.7
Seattle,4,17,113,Treatment,35,4.31
Seattle,4,17,113,Treatment,40,3.76
Seattle,4,17,113,Treatment,45,3.44
Seattle,4,17,113,Treatment,50,3.65
Seattle,4,17,113,Treatment,55,3.53
Seattle,4,18,114,Treatment,0,3.75
Seattle,4,18,114,Treatment,5,3.82
Seattle,4,18,114,Treatment,10,4.14
Seattle,4,18,114,Treatment,15,4.0
Seattle,4,18,114,Treatment,20,3.99
Seattle,4,18,114,Treatment,25,3.62
Seattle,4,18,114,Treatment,30,4.06
Seattle,4,18,114,Treatment,35,4.19
Seattle,4,18,114,Treatment,40,3.94
Seattle,4,18,114,Treatment,45,3.95
Seattle,4,18,114,Treatment,50,3.52
Seattle,4,18,114,Treatment,55,4.1
Seattle,4,19,115,Treatment,0,3.92
Seattle,4,19,115,Treatment,5,3.69
Seattle,4,19,115,Treatment,10,3.8
Seattle,4,19,115,Treatment,15,3.73
Seattle,4,19,115,Treatment,20,3.75
Seattle,4,19,115,Treatment,25,4.0
Seattle,4,19,115,Treatment,30,3.91
Seattle,4,19,115,Treatment,35,4.09
Seattle,4,19,115,Treatment,40,3.93
Seattle,4,19,115,Treatment,45,3.62
Seattle,4,19,115,Treatment,50,3.71
Seattle,4,19,115,Treatment,55,3.7
Seattle,4,20,116,Treatment,0,4.29
Seattle,4,20,116,Treatment,5,4.33
Seattle,4,20,116,Treatment,10,4.05
Seattle,4,20,116,Treatment,15,3.87
Seattle,4,20,116,Treatment,20,3.5
Seattle,4,20,116,Treatment,25,3.9
Seattle,4,20,116,Treatment,30,3.64
Seattle,4,20,116,Treatment,35,4.25
Seattle,4,20,116,Treatment,40,3.44
Seattle,4,20,116,Treatment,45,3.94
Seattle,4,20,116,Treatment,50,3.62
Seattle,4,20,116,Treatment,55,3.84
Seattle,4,21,117,Treatment,0,4.1
Seattle,4,21,117,Treatment,5,3.82
Seattle,4,21,117,Treatment,10,4.03
Seattle,4,21,117,Treatment,15,3.67
Seattle,4,21,117,Treatment,20,3.9
Seattle,4,21,117,Treatment,25,4.09
Seattle,4,21,117,Treatment,30,3.92
Seattle,4,21,117,Treatment,35,3.71
Seattle,4,21,117,Treatment,40,3.77
Seattle,4,21,117,Treatment,45,4.09
Seattle,4,21,117,Treatment,50,3.57
Seattle,4,21,117,Treatment,55,3.6
Seattle,4,22,118,Treatment,0,3.73
Seattle,4,22,118,Treatment,5,3.48
Seattle,4,22,118,Treatment,10,4.18
Seattle,4,22,118,Treatment,15,3.57
Seattle,4,22,118,Treatment,20,3.79
Seattle,4,22,118,Treatment,25,3.69
Seattle,4,22,118,Treatment,30,3.77
Seattle,4,22,118,Treatment,35,3.62
Seattle,4,22,118,Treatment,40,4.02
Seattle,4,22,118,Treatment,45,3.87
Seattle,4,22,118,Treatment,50,4.09
Seattle,4,22,118,Treatment,55,3.69
Seattle,4,23,119,Control,0,3.36
Seattle,4,23,119,Control,5,3.5
Seattle,4,23,119,Control,10,4.38
Seattle,4,23,119,Control,15,4.12
Seattle,4,23,119,Control,20,4.09
Seattle,4,23,119,Control,25,4.11
Seattle,4,23,119,Control,30,4.14
Seattle,4,23,119,Control,35,4.07
Seattle,4,23,119,Control,40,3.76
Seattle,4,23,119,Control,45,4.2
Seattle,4,23,119,Control,50,4.17
Seattle,4,23,119,Control,55,4.36
Seattle,5,0,120,Treatment,0,4.08
Seattle,5,0,120,Treatment,5,3.64
Seattle,5,0,120,Treatment,10,4.34
Seattle,5,0,120,Treatment,15,3.59
Seattle,5,0,120,Treatment,20,3.92
Seattle,5,0,120,Treatment,25,3.78
Seattle,5,0,120,Treatment,30,3.73
Seattle,5,0,120,Treatment,35,4.03
Seattle,5,0,120,Treatment,40,3.9
Seattle,5,0,120,Treatment,45,3.97
Seattle,5,0,120,Treatment,50,3.64
Seattle,5,0,120,Treatment,55,3.8
Seattle,5,1,121,Treatment,0,3.79
Seattle,5,1,121,Treatment,5,3.81
Seattle,5,1,121,Treatment,10,4.3
Seattle,5,1,121,Treatment,15,3.78
Seattle,5,1,121,Treatment,20,3.31
Seattle,5,1,121,Treatment,25,4.19
Seattle,5,1,121,Treatment,30,3.95
Seattle,5,1,121,Treatment,35,3.81
Seattle,5,1,121,Treatment,40,3.73
Seattle,5,1,121,Treatment,45,3.6
Seattle,5,1,121,Treatment,50,4.32
Seattle,5,1,121,Treatment,55,3.85
Seattle,5,2,122,Treatment,0,3.92
Seattle,5,2,122,Treatment,5,4.14
Seattle,5,2,122,Treatment,10,3.88
Seattle,5,2,122,Treatment,15,3.61
Seattle,5,2,122,Treatment,20,3.59
Seattle,5,2,122,Treatment,25,3.61
Seattle,5,2,122,Treatment,30,4.22
Seattle,5,2,122,Treatment,35,3.82
Seattle,5,2,122,Treatment,40,3.42
Seattle,5,2,122,Treatment,45,3.94
Seattle,5,2,122,Treatment,50,3.88
Seattle,5,2,122,Treatment,55,3.73
Seattle,5,3,123,Treatment,0,3.57
Seattle,5,3,123,Treatment,5,4.11
Seattle,5,3,123,Treatment,10,3.9
Seattle,5,3,123,Treatment,15,3.96
Seattle,5,3,123,Treatment,20,3.9
Seattle,5,3,123,Treatment,25,3.92
Seattle,5,3,123,Treatment,30,3.72
Seattle,5,3,123,Treatment,35,3.79
Seattle,5,3,123,Treatment,40,4.13
Seattle,5,3,123,Treatment,45,4.19
Seattle,5,3,123,Treatment,50,3.53
Seattle,5,3,123,Treatment,55,3.79
Seattle,5,4,124,Control,0,4.31
Seattle,5,4,124,Control,5,4.34
Seattle,5,4,124,Control,10,3.75
Seattle,5,4,124,Control,15,4.32
Seattle,5,4,124,Control,20,4.01
Seattle,5,4,124,Control,25,4.26
Seattle,5,4,124,Control,30,4.2
Seattle,5,4,124,Control,35,3.68
Seattle,5,4,124,Control,40,4.14
Seattle,5,4,124,Control,45,4.25
Seattle,5,4,124,Control,50,3.99
Seattle,5,4,124,Control,55,3.94
Seattle,5,5,125,Control,0,4.17
Seattle,5,5,125,Control,5,4.05
Seattle,5,5,125,Control,10,3.77
Seattle,5,5,125,Control,15,3.92
Seattle,5,5,125,Control,20,4.04
Seattle,5,5,125,Control,25,3.86
Seattle,5,5,125,Control,30,4.0
Seattle,5,5,125,Control,35,3.56
Seattle,5,5,125,Control,40,4.34
Seattle,5,5,125,Control,45,4.0
Seattle,5,5,125,Control,50,3.73
Seattle,5,5,125,Control,55,3.39
Seattle,5,6,126,Control,0,4.14
Seattle,5,6,126,Control,5,4.05
Seattle,5,6,126,Control,10,4.22
Seattle,5,6,126,Control,15,4.22
Seattle,5,6,126,Control,20,4.05
Seattle,5,6,126,Control,25,3.94
Seattle,5,6,126,Control,30,3.9
Seattle,5,6,126,Control,35,4.11
Seattle,5,6,126,Control,40,4.35
Seattle,5,6,126,Control,45,3.97
Seattle,5,6,126,Control,50,4.37
Seattle,5,6,126,Control,55,4.09
Seattle,5,7,127,Control,0,4.6
Seattle,5,7,127,Control,5,4.41
Seattle,5,7,127,Control,10,4.42
Seattle,5,7,127,Control,15,3.8
Seattle,5,7,127,Control,20,4.55
Seattle,5,7,127,Control,25,3.98
Seattle,5,7,127,Control,30,3.94
Seattle,5,7,127,Control,35,3.46
Seattle,5,7,127,Control,40,4.08
Seattle,5,7,127,Control,45,3.73
Seattle,5,7,127,Control,50,4.1
Seattle,5,7,127,Control,55,3.71
Seattle,5,8,128,Treatment,0,4.14
Seattle,5,8,128,Treatment,5,4.52
Seattle,5,8,128,Treatment,10,3.64
Seattle,5,8,128,Treatment,15,4.23
Seattle,5,8,128,Treatment,20,3.39
Seattle,5,8,128,Treatment,25,3.89
Seattle,5,8,128,Treatment,30,3.68
Seattle,5,8,128,Treatment,35,3.73
Seattle,5,8,128,Treatment,40,3.71
Seattle,5,8,128,Treatment,45,3.61
Seattle,5,8,128,Treatment,50,3.53
Seattle,5,8,128,Treatment,55,3.73
Seattle,5,9,129,Treatment,0,4.13
Seattle,5,9,129,Treatment,5,3.91
Seattle,5,9,129,Treatment,10,4.13
Seattle,5,9,129,Treatment,15,3.47
Seattle,5,9,129,Treatment,20,3.73
Seattle,5,9,129,Treatment,25,4.02
Seattle,5,9,129,Treatment,30,3.93
Seattle,5,9,129,Treatment,35,3.62
Seattle,5,9,129,Treatment,40,4.07
Seattle,5,9,129,Treatment,45,3.71
Seattle,5,9,129,Treatment,50,3.65
Seattle,5,9,129,Treatment,55,3.96
Seattle,5,10,130,Control,0,3.71
Seattle,5,10,130,Control,5,3.75
Seattle,5,10,130,Control,10,3.68
Seattle,5,10,130,Control,15,3.9
Seattle,5,10,130,Control,20,4.28
Seattle,5,10,130,Control,25,4.06
Seattle,5,10,130,Control,30,4.24
Seattle,5,10,130,Control,35,4.13
Seattle,5,10,130,Control,40,3.85
Seattle,5,10,130,Control,45,3.59
Seattle,5,10,130,Control,50,3.77
Seattle,5,10,130,Control,55,3.83
Seattle,5,11,131,Treatment,0,4.25
Seattle,5,11,131,Treatment,5,4.19
Seattle,5,11,131,Treatment,10,4.45
Seattle,5,11,131,Treatment,15,3.65
Seattle,5,11,131,Treatment,20,4.24
Seattle,5,11,131,Treatment,25,4.24
Seattle,5,11,131,Treatment,30,3.78
Seattle,5,11,131,Treatment,35,3.96
Seattle,5,11,131,Treatment,40,4.15
Seattle,5,11,131,Treatment,45,3.83
Seattle,5,11,131,Treatment,50,3.81
Seattle,5,11,131,Treatment,55,3.68
Seattle,5,12,132,Treatment,0,3.86
Seattle,5,12,132,Treatment,5,3.66
Seattle,5,12,132,Treatment,10,3.57
Seattle,5,12,132,Treatment,15,3.95
Seattle,5,12,132,Treatment,20,3.48
Seattle,5,12,132,Treatment,25,4.04
Seattle,5,12,132,Treatment,30,3.96
Seattle,5,12,132,Treatment,35,3.74
Seattle,5,12,132,Treatment,40,3.82
Seattle,5,12,132,Treatment,45,3.54
Seattle,5,12,132,Treatment,50,4.03
Seattle,5,12,132,Treatment,55,3.89
Seattle,5,13,133,Treatment,0,3.97
Seattle,5,13,133,Treatment,5,3.68
Seattle,5,13,133,Treatment,10,3.46
Seattle,5,13,133,Treatment,15,4.08
Seattle,5,13,133,Treatment,20,4.01
Seattle,5,13,133,Treatment,25,3.71
Seattle,5,13,133,Treatment,30,3.94
Seattle,5,13,133,Treatment,35,4.15
Seattle,5,13,133,Treatment,40,4.12
Seattle,5,13,133,Treatment,45,3.7
Seattle,5,13,133,Treatment,50,3.47
Seattle,5,13,133,Treatment,55,3.51
Seattle,5,14,134,Treatment,0,4.21
Seattle,5,14,134,Treatment,5,3.66
Seattle,5,14,134,Treatment,10,3.69
Seattle,5,14,134,Treatment,15,3.69
Seattle,5,14,134,Treatment,20,3.71
Seattle,5,14,134,Treatment,25,3.84
Seattle,5,14,134,Treatment,30,3.52
Seattle,5,14,134,Treatment,35,4.11
Seattle,5,14,134,Treatment,40,3.8
Seattle,5,14,134,Treatment,45,4.46
Seattle,5,14,134,Treatment,50,3.55
Seattle,5,14,134,Treatment,55,4.24
Seattle,5,15,135,Control,0,3.69
Seattle,5,15,135,Control,5,4.24
Seattle,5,15,135,Control,10,3.84
Seattle,5,15,135,Control,15,3.9
Seattle,5,15,135,Control,20,3.77
Seattle,5,15,135,Control,25,3.77
Seattle,5,15,135,Control,30,4.0
Seattle,5,15,135,Control,35,4.01
Seattle,5,15,135,Control,40,3.6
Seattle,5,15,135,Control,45,4.57
Seattle,5,15,135,Control,50,3.94
Seattle,5,15,135,Control,55,4.02
Seattle,5,16,136,Treatment,0,3.93
Seattle,5,16,136,Treatment,5,3.86
Seattle,5,16,136,Treatment,10,3.89
Seattle,5,16,136,Treatment,15,3.84
Seattle,5,16,136,Treatment,20,4.04
Seattle,5,16,136,Treatment,25,3.9
Seattle,5,16,136,Treatment,30,4.02
Seattle,5,16,136,Treatment,35,3.84
Seattle,5,16,136,Treatment,40,3.9
Seattle,5,16,136,Treatment,45,3.78
Seattle,5,16,136,Treatment,50,4.09
Seattle,5,16,136,Treatment,55,3.92
Seattle,5,17,137,Control,0,3.79
Seattle,5,17,137,Control,5,3.87
Seattle,5,17,137,Control,10,3.95
Seattle,5,17,137,Control,15,3.99
Seattle,5,17,137,Control,20,3.86
Seattle,5,17,137,Control,25,4.19
Seattle,5,17,137,Control,30,4.21
Seattle,5,17,137,Control,35,4.45
Seattle,5,17,137,Control,40,3.85
Seattle,5,17,137,Control,45,4.17
Seattle,5,17,137,Control,50,3.52
Seattle,5,17,137,Control,55,4.21
Seattle,5,18,138,Treatment,0,3.75
Seattle,5,18,138,Treatment,5,4.03
Seattle,5,18,138,Treatment,10,3.74
Seattle,5,18,138,Treatment,15,3.65
Seattle,5,18,138,Treatment,20,3.72
Seattle,5,18,138,Treatment,25,4.02
Seattle,5,18,138,Treatment,30,3.61
Seattle,5,18,138,Treatment,35,3.83
Seattle,5,18,138,Treatment,40,3.75
Seattle,5,18,138,Treatment,45,4.04
Seattle,5,18,138,Treatment,50,4.05
Seattle,5,18,138,Treatment,55,3.38
Seattle,5,19,139,Treatment,0,3.69
Seattle,5,19,139,Treatment,5,3.9
Seattle,5,19,139,Treatment,10,3.61
Seattle,5,19,139,Treatment,15,3.93
Seattle,5,19,139,Treatment,20,4.48
Seattle,5,19,139,Treatment,25,3.87
Seattle,5,19,139,Treatment,30,3.73
Seattle,5,19,139,Treatment,35,3.78
Seattle,5,19,139,Treatment,40,3.47
Seattle,5,19,139,Treatment,45,4.2
Seattle,5,19,139,Treatment,50,3.92
Seattle,5,19,139,Treatment,55,3.58
Seattle,5,20,140,Treatment,0,3.84
Seattle,5,20,140,Treatment,5,4.07
Seattle,5,20,140,Treatment,10,3.55
Seattle,5,20,140,Treatment,15,4.12
Seattle,5,20,140,Treatment,20,3.82
Seattle,5,20,140,Treatment,25,3.61
Seattle,5,20,140,Treatment,30,3.72
Seattle,5,20,140,Treatment,35,4.28
Seattle,5,20,140,Treatment,40,3.49
Seattle,5,20,140,Treatment,45,3.66
Seattle,5,20,140,Treatment,50,4.08
Seattle,5,20,140,Treatment,55,3.89
Seattle,5,21,141,Control,0,4.08
Seattle,5,21,141,Control,5,4.15
Seattle,5,21,141,Control,10,4.03
Seattle,5,21,141,Control,15,3.85
Seattle,5,21,141,Control,20,3.89
Seattle,5,21,141,Control,25,4.07
Seattle,5,21,141,Control,30,3.67
Seattle,5,21,141,Control,35,4.33
Seattle,5,21,141,Control,40,4.43
Seattle,5,21,141,Control,45,3.94
Seattle,5,21,141,Control,50,4.09
Seattle,5,21,141,Control,55,4.3
Seattle,5,22,142,Treatment,0,4.39
Seattle,5,22,142,Treatment,5,3.51
Seattle,5,22,142,Treatment,10,3.81
Seattle,5,22,142,Treatment,15,3.97
Seattle,5,22,142,Treatment,20,3.72
Seattle,5,22,142,Treatment,25,4.29
Seattle,5,22,142,Treatment,30,4.25
Seattle,5,22,142,Treatment,35,3.64
Seattle,5,22,142,Treatment,40,3.8
Seattle,5,22,142,Treatment,45,3.65
Seattle,5,22,142,Treatment,50,3.79
Seattle,5,22,142,Treatment,55,3.78
Seattle,5,23,143,Control,0,3.62
Seattle,5,23,143,Control,5,3.24
Seattle,5,23,143,Control,10,3.55
Seattle,5,23,143,Control,15,3.74
Seattle,5,23,143,Control,20,3.84
Seattle,5,23,143,Control,25,4.05
Seattle,5,23,143,Control,30,3.73
Seattle,5,23,143,Control,35,3.7
Seattle,5,23,143,Control,40,3.77
Seattle,5,23,143,Control,45,3.72
Seattle,5,23,143,Control,50,3.86
Seattle,5,23,143,Control,55,3.85
Seattle,6,0,144,Control,0,3.75
Seattle,6,0,144,Control,5,3.91
Seattle,6,0,144,Control,10,3.86
Seattle,6,0,144,Control,15,4.2
Seattle,6,0,144,Control,20,3.96
Seattle,6,0,144,Control,25,4.26
Seattle,6,0,144,Control,30,3.71
Seattle,6,0,144,Control,35,3.99
Seattle,6,0,144,Control,40,3.86
Seattle,6,0,144,Control,45,3.69
Seattle,6,0,144,Control,50,3.98
Seattle,6,0,144,Control,55,4.43
Seattle,6,1,145,Treatment,0,3.97
Seattle,6,1,145,Treatment,5,3.62
Seattle,6,1,145,Treatment,10,3.53
Seattle,6,1,145,Treatment,15,3.64
Seattle,6,1,145,Treatment,20,3.73
Seattle,6,1,145,Treatment,25,3.74
Seattle,6,1,145,Treatment,30,3.78
Seattle,6,1,145,Treatment,35,3.43
Seattle,6,1,145,Treatment,40,3.68
Seattle,6,1,145,Treatment,45,3.97
Seattle,6,1,145,Treatment,50,3.5
Seattle,6,1,145,Treatment,55,3.75
Seattle,6,2,146,Treatment,0,3.64
Seattle,6,2,146,Treatment,5,3.93
Seattle,6,2,146,Treatment,10,3.46
Seattle,6,2,146,Treatment,15,4.06
Seattle,6,2,146,Treatment,20,3.93
Seattle,6,2,146,Treatment,25,3.85
Seattle,6,2,146,Treatment,30,4.12
Seattle,6,2,146,Treatment,35,3.76
Seattle,6,2,146,Treatment,40,3.69
Seattle,6,2,146,Treatment,45,4.18
Seattle,6,2,146,Treatment,50,4.3
Seattle,6,2,146,Treatment,55,3.67
Seattle,6,3,147,Control,0,4.1
Seattle,6,3,147,Control,5,3.87
Seattle,6,3,147,Control,10,4.1
Seattle,6,3,147,Control,15,4.2
Seattle,6,3,147,Control,20,3.86
Seattle,6,3,147,Control,25,4.1
Seattle,6,3,147,Control,30,4.0
Seattle,6,3,147,Control,35,3.7
Seattle,6,3,147,Control,40,3.75
Seattle,6,3,147,Control,45,3.84
Seattle,6,3,147,Control,50,4.23
Seattle,6,3,147,Control,55,4.24
Seattle,6,4,148,Control,0,4.11
Seattle,6,4,148,Control,5,4.1
Seattle,6,4,148,Control,10,4.07
Seattle,6,4,148,Control,15,4.1
Seattle,6,4,148,Control,20,4.12
Seattle,6,4,148,Control,25,3.65
Seattle,6,4,148,Control,30,3.8
Seattle,6,4,148,Control,35,3.74
Seattle,6,4,148,Control,40,4.28
Seattle,6,4,148,Control,45,4.41
Seattle,6,4,148,Control,50,3.46
Seattle,6,4,148,Control,55,4.39
Seattle,6,5,149,Treatment,0,4.25
Seattle,6,5,149,Treatment,5,4.07
Seattle,6,5,149,Treatment,10,4.25
Seattle,6,5,149,Treatment,15,3.89
Seattle,6,5,149,Treatment,20,3.5
Seattle,6,5,149,Treatment,25,3.81
Seattle,6,5,149,Treatment,30,3.97
Seattle,6,5,149,Treatment,35,3.79
Seattle,6,5,149,Treatment,40,4.0
Seattle,6,5,149,Treatment,45,3.82
Seattle,6,5,149,Treatment,50,3.69
Seattle,6,5,149,Treatment,55,3.57
Seattle,6,6,150,Control,0,3.89
Seattle,6,6,150,Control,5,3.4
Seattle,6,6,150,Control,10,3.75
Seattle,6,6,150,Control,15,3.5
Seattle,6,6,150,Control,20,3.85
Seattle,6,6,150,Control,25,4.3
Seattle,6,6,150,Control,30,3.7
Seattle,6,6,150,Control,35,4.18
Seattle,6,6,150,Control,40,4.71
Seattle,6,6,150,Control,45,4.36
Seattle,6,6,150,Control,50,4.03
Seattle,6,6,150,Control,55,4.21
Seattle,6,7,151,Control,0,3.61
Seattle,6,7,151,Control,5,4.01
Seattle,6,7,151,Control,10,4.1
Seattle,6,7,151,Control,15,4.27
Seattle,6,7,151,Control,20,3.86
Seattle,6,7,151,Control,25,4.05
Seattle,6,7,151,Control,30,4.04
Seattle,6,7,151,Control,35,3.97
Seattle,6,7,151,Control,40,3.98
Seattle,6,7,151,Control,45,3.79
Seattle,6,7,151,Control,50,4.07
Seattle,6,7,151,Control,55,4.05
Seattle,6,8,152,Control,0,4.17
Seattle,6,8,152,Control,5,4.26
Seattle,6,8,152,Control,10,4.17
Seattle,6,8,152,Control,15,3.74
Seattle,6,8,152,Control,20,4.02
Seattle,6,8,152,Control,25,3.77
Seattle,6,8,152,Control,30,4.02
Seattle,6,8,152,Control,35,3.77
Seattle,6,8,152,Control,40,4.32
Seattle,6,8,152,Control,45,4.2
Seattle,6,8,152,Control,50,4.29
Seattle,6,8,152,Control,55,4.26
Seattle,6,9,153,Treatment,0,3.89
Seattle,6,9,153,Treatment,5,4.38
Seattle,6,9,153,Treatment,10,3.85
Seattle,6,9,153,Treatment,15,3.5
Seattle,6,9,153,Treatment,20,4.09
Seattle,6,9,153,Treatment,25,3.88
Seattle,6,9,153,Treatment,30,4.22
Seattle,6,9,153,Treatment,35,3.9
Seattle,6,9,153,Treatment,40,3.83
Seattle,6,9,153,Treatment,45,4.22
Seattle,6,9,153,Treatment,50,3.46
Seattle,6,9,153,Treatment,55,3.69
Seattle,6,10,154,Treatment,0,3.29
Seattle,6,10,154,Treatment,5,4.06
Seattle,6,10,154,Treatment,10,3.7
Seattle,6,10,154,Treatment,15,4.07
Seattle,6,10,154,Treatment,20,3.94
Seattle,6,10,154,Treatment,25,3.99
Seattle,6,10,154,Treatment,30,3.73
Seattle,6,10,154,Treatment,35,3.65
Seattle,6,10,154,Treatment,40,3.86
Seattle,6,10,154,Treatment,45,4.07
Seattle,6,10,154,Treatment,50,3.83
Seattle,6,10,154,Treatment,55,3.66
Seattle,6,11,155,Treatment,0,3.89
Seattle,6,11,155,Treatment,5,3.7
Seattle,6,11,155,Treatment,10,3.82
Seattle,6,11,155,Treatment,15,3.78
Seattle,6,11,155,Treatment,20,3.73
Seattle,6,11,155,Treatment,25,3.91
Seattle,6,11,155,Treatment,30,3.98
Seattle,6,11,155,Treatment,35,4.33
Seattle,6,11,155,Treatment,40,4.03
Seattle,6,11,155,Treatment,45,4.24
Seattle,6,11,155,Treatment,50,3.64
Seattle,6,11,155,Treatment,55,3.44
Seattle,6,12,156,Treatment,0,4.05
Seattle,6,12,156,Treatment,5,4.02
Seattle,6,12,156,Treatment,10,4.14
Seattle,6,12,156,Treatment,15,3.21
Seattle,6,12,156,Treatment,20,4.15
Seattle,6,12,156,Treatment,25,3.92
Seattle,6,12,156,Treatment,30,3.45
Seattle,6,12,156,Treatment,35,4.02
Seattle,6,12,156,Treatment,40,3.88
Seattle,6,12,156,Treatment,45,3.94
Seattle,6,12,156,Treatment,50,4.09
Seattle,6,12,156,Treatment,55,3.95
Seattle,6,13,157,Control,0,3.8
Seattle,6,13,157,Control,5,3.49
Seattle,6,13,157,Control,10,4.11
Seattle,6,13,157,Control,15,4.35
Seattle,6,13,157,Control,20,3.69
Seattle,6,13,157,Control,25,3.83
Seattle,6,13,157,Control,30,3.78
Seattle,6,13,157,Control,35,3.89
Seattle,6,13,157,Control,40,4.1
Seattle,6,13,157,Control,45,3.89
Seattle,6,13,157,Control,50,4.16
Seattle,6,13,157,Control,55,4.27
Seattle,6,14,158,Treatment,0,3.72
Seattle,6,14,158,Treatment,5,4.29
Seattle,6,14,158,Treatment,10,4.26
Seattle,6,14,158,Treatment,15,4.23
Seattle,6,14,158,Treatment,20,3.8
Seattle,6,14,158,Treatment,25,3.65
Seattle,6,14,158,Treatment,30,3.59
Seattle,6,14,158,Treatment,35,3.56
Seattle,6,14,158,Treatment,40,3.84
Seattle,6,14,158,Treatment,45,4.05
Seattle,6,14,158,Treatment,50,4.17
Seattle,6,14,158,Treatment,55,3.72
Seattle,6,15,159,Treatment,0,3.81
Seattle,6,15,159,Treatment,5,3.68
Seattle,6,15,159,Treatment,10,4.02
Seattle,6,15,159,Treatment,15,3.93
Seattle,6,15,159,Treatment,20,3.88
Seattle,6,15,159,Treatment,25,3.93
Seattle,6,15,159,Treatment,30,3.99
Seattle,6,15,159,Treatment,35,3.99
Seattle,6,15,159,Treatment,40,3.63
Seattle,6,15,159,Treatment,45,4.06
Seattle,6,15,159,Treatment,50,3.9
Seattle,6,15,159,Treatment,55,3.73
Seattle,6,16,160,Control,0,3.93
Seattle,6,16,160,Control,5,4.16
Seattle,6,16,160,Control,10,3.69
Seattle,6,16,160,Control,15,4.33
Seattle,6,16,160,Control,20,4.01
Seattle,6,16,160,Control,25,3.87
Seattle,6,16,160,Control,30,3.87
Seattle,6,16,160,Control,35,3.75
Seattle,6,16,160,Control,40,3.56
Seattle,6,16,160,Control,45,4.17
Seattle,6,16,160,Control,50,4.5
Seattle,6,16,160,Control,55,3.6
Seattle,6,17,161,Control,0,4.19
Seattle,6,17,161,Control,5,3.99
Seattle,6,17,161,Control,10,4.21
Seattle,6,17,161,Control,15,3.97
Seattle,6,17,161,Control,20,3.85
Seattle,6,17,161,Control,25,3.94
Seattle,6,17,161,Control,30,3.4
Seattle,6,17,161,Control,35,3.71
Seattle,6,17,161,Control,40,4.24
Seattle,6,17,161,Control,45,4.3
Seattle,6,17,161,Control,50,4.35
Seattle,6,17,161,Control,55,4.11
Seattle,6,18,162,Control,0,3.84
Seattle,6,18,162,Control,5,4.33
Seattle,6,18,162,Control,10,4.41
Seattle,6,18,162,Control,15,4.34
Seattle,6,18,162,Control,20,3.94
Seattle,6,18,162,Control,25,3.67
Seattle,6,18,162,Control,30,3.99
Seattle,6,18,162,Control,35,4.0
Seattle,6,18,162,Control,40,4.39
Seattle,6,18,162,Control,45,4.06
Seattle,6,18,162,Control,50,4.0
Seattle,6,18,162,Control,55,4.02
Seattle,6,19,163,Treatment,0,4.16
Seattle,6,19,163,Treatment,5,3.77
Seattle,6,19,163,Treatment,10,3.63
Seattle,6,19,163,Treatment,15,4.18
Seattle,6,19,163,Treatment,20,3.43
Seattle,6,19,163,Treatment,25,4.25
Seattle,6,19,163,Treatment,30,3.36
Seattle,6,19,163,Treatment,35,3.69
Seattle,6,19,163,Treatment,40,4.08
Seattle,6,19,163,Treatment,45,3.84
Seattle,6,19,163,Treatment,50,3.51
Seattle,6,19,163,Treatment,55,3.95
Seattle,6,20,164,Treatment,0,3.79
Seattle,6,20,164,Treatment,5,3.68
Seattle,6,20,164,Treatment,10,3.83
Seattle,6,20,164,Treatment,15,3.69
Seattle,6,20,164,Treatment,20,4.45
Seattle,6,20,164,Treatment,25,3.78
Seattle,6,20,164,Treatment,30,3.75
Seattle,6,20,164,Treatment,35,3.7
Seattle,6,20,164,Treatment,40,4.28
Seattle,6,20,164,Treatment,45,3.43
Seattle,6,20,164,Treatment,50,3.93
Seattle,6,20,164,Treatment,55,3.78
Seattle,6,21,165,Treatment,0,3.64
Seattle,6,21,165,Treatment,5,3.92
Seattle,6,21,165,Treatment,10,3.62
Seattle,6,21,165,Treatment,15,3.9
Seattle,6,21,165,Treatment,20,4.27
Seattle,6,21,165,Treatment,25,3.88
Seattle,6,21,165,Treatment,30,3.48
Seattle,6,21,165,Treatment,35,3.63
Seattle,6,21,165,Treatment,40,3.77
Seattle,6,21,165,Treatment,45,3.75
Seattle,6,21,165,Treatment,50,3.88
Seattle,6,21,165,Treatment,55,3.92
Seattle,6,22,166,Control,0,3.84
Seattle,6,22,166,Control,5,3.61
Seattle,6,22,166,Control,10,4.24
Seattle,6,22,166,Control,15,4.32
Seattle,6,22,166,Control,20,4.06
Seattle,6,22,166,Control,25,3.94
Seattle,6,22,166,Control,30,4.16
Seattle,6,22,166,Control,35,3.95
Seattle,6,22,166,Control,40,3.49
Seattle,6,22,166,Control,45,4.14
Seattle,6,22,166,Control,50,4.22
Seattle,6,22,166,Control,55,4.36
Seattle,6,23,167,Control,0,3.86
Seattle,6,23,167,Control,5,3.82
Seattle,6,23,167,Control,10,4.06
Seattle,6,23,167,Control,15,4.06
Seattle,6,23,167,Control,20,4.02
Seattle,6,23,167,Control,25,4.03
Seattle,6,23,167,Control,30,4.01
Seattle,6,23,167,Control,35,4.05
Seattle,6,23,167,Control,40,4.19
Seattle,6,23,167,Control,45,4.31
Seattle,6,23,167,Control,50,3.81
Seattle,6,23,167,Control,55,3.96
Seattle,7,0,168,Treatment,0,3.86
Seattle,7,0,168,Treatment,5,3.54
Seattle,7,0,168,Treatment,10,3.9
Seattle,7,0,168,Treatment,15,3.96
Seattle,7,0,168,Treatment,20,3.8
Seattle,7,0,168,Treatment,25,3.84
Seattle,7,0,168,Treatment,30,3.94
Seattle,7,0,168,Treatment,35,4.19
Seattle,7,0,168,Treatment,40,3.74
Seattle,7,0,168,Treatment,45,3.55
Seattle,7,0,168,Treatment,50,3.82
Seattle,7,0,168,Treatment,55,4.31
Seattle,7,1,169,Treatment,0,4.0
Seattle,7,1,169,Treatment,5,4.13
Seattle,7,1,169,Treatment,10,3.25
Seattle,7,1,169,Treatment,15,3.94
Seattle,7,1,169,Treatment,20,3.99
Seattle,7,1,169,Treatment,25,3.77
Seattle,7,1,169,Treatment,30,3.68
Seattle,7,1,169,Treatment,35,3.69
Seattle,7,1,169,Treatment,40,3.76
Seattle,7,1,169,Treatment,45,3.76
Seattle,7,1,169,Treatment,50,3.72
Seattle,7,1,169,Treatment,55,3.75
Seattle,7,2,170,Control,0,3.54
Seattle,7,2,170,Control,5,3.46
Seattle,7,2,170,Control,10,4.25
Seattle,7,2,170,Control,15,3.95
Seattle,7,2,170,Control,20,3.9
Seattle,7,2,170,Control,25,3.97
Seattle,7,2,170,Control,30,4.05
Seattle,7,2,170,Control,35,3.87
Seattle,7,2,170,Control,40,4.13
Seattle,7,2,170,Control,45,3.76
Seattle,7,2,170,Control,50,3.92
Seattle,7,2,170,Control,55,3.45
Seattle,7,3,171,Control,0,3.96
Seattle,7,3,171,Control,5,4.17
Seattle,7,3,171,Control,10,4.12
Seattle,7,3,171,Control,15,4.14
Seattle,7,3,171,Control,20,4.0
Seattle,7,3,171,Control,25,4.1
Seattle,7,3,171,Control,30,3.76
Seattle,7,3,171,Control,35,3.71
Seattle,7,3,171,Control,40,3.97
Seattle,7,3,171,Control,45,3.83
Seattle,7,3,171,Control,50,4.36
Seattle,7,3,171,Control,55,4.09
Seattle,7,4,172,Treatment,0,3.93
Seattle,7,4,172,Treatment,5,3.98
Seattle,7,4,172,Treatment,10,3.88
Seattle,7,4,172,Treatment,15,3.91
Seattle,7,4,172,Treatment,20,3.86
Seattle,7,4,172,Treatment,25,3.49
Seattle,7,4,172,Treatment,30,3.3
Seattle,7,4,172,Treatment,35,3.75
Seattle,7,4,172,Treatment,40,3.98
Seattle,7,4,172,Treatment,45,3.75
Seattle,7,4,172,Treatment,50,4.15
Seattle,7,4,172,Treatment,55,3.83
Seattle,7,5,173,Treatment,0,4.13
Seattle,7,5,173,Treatment,5,4.1
Seattle,7,5,173,Treatment,10,3.54
Seattle,7,5,173,Treatment,15,3.84
Seattle,7,5,173,Treatment,20,4.15
Seattle,7,5,173,Treatment,25,3.91
Seattle,7,5,173,Treatment,30,3.98
Seattle,7,5,173,Treatment,35,3.49
Seattle,7,5,173,Treatment,40,4.32
Seattle,7,5,173,Treatment,45,3.64
Seattle,7,5,173,Treatment,50,3.34
Seattle,7,5,173,Treatment,55,3.75
Seattle,7,6,174,Treatment,0,3.57
Seattle,7,6,174,Treatment,5,4.48
Seattle,7,6,174,Treatment,10,3.74
Seattle,7,6,174,Treatment,15,3.48
Seattle,7,6,174,Treatment,20,3.85
Seattle,7,6,174,Treatment,25,3.62
Seattle,7,6,174,Treatment,30,4.06
Seattle,7,6,174,Treatment,35,3.62
Seattle,7,6,174,Treatment,40,3.91
Seattle,7,6,174,Treatment,45,3.55
Seattle,7,6,174,Treatment,50,4.49
Seattle,7,6,174,Treatment,55,3.97
Seattle,7,7,175,Control,0,3.77
Seattle,7,7,175,Control,5,3.75
Seattle,7,7,175,Control,10,3.76
Seattle,7,7,175,Control,15,3.8
Seattle,7,7,175,Control,20,4.42
Seattle,7,7,175,Control,25,3.86
Seattle,7,7,175,Control,30,3.47
Seattle,7,7,175,Control,35,3.71
Seattle,7,7,175,Control,40,4.23
Seattle,7,7,175,Control,45,3.94
Seattle,7,7,175,Control,50,3.97
Seattle,7,7,175,Control,55,4.29
Seattle,7,8,176,Treatment,0,4.16
Seattle,7,8,176,Treatment,5,3.78
Seattle,7,8,176,Treatment,10,4.04
Seattle,7,8,176,Treatment,15,3.74
Seattle,7,8,176,Treatment,20,3.78
Seattle,7,8,176,Treatment,25,4.05
Seattle,7,8,176,Treatment,30,4.03
Seattle,7,8,176,Treatment,35,3.8
Seattle,7,8,176,Treatment,40,3.72
Seattle,7,8,176,Treatment,45,4.24
Seattle,7,8,176,Treatment,50,3.99
Seattle,7,8,176,Treatment,55,3.74
Seattle,7,9,177,Treatment,0,4.1
Seattle,7,9,177,Treatment,5,3.87
Seattle,7,9,177,Treatment,10,3.8
Seattle,7,9,177,Treatment,15,3.87
Seattle,7,9,177,Treatment,20,3.92
Seattle,7,9,177,Treatment,25,3.83
Seattle,7,9,177,Treatment,30,4.14
Seattle,7,9,177,Treatment,35,4.15
Seattle,7,9,177,Treatment,40,3.97
Seattle,7,9,177,Treatment,45,4.18
Seattle,7,9,177,Treatment,50,3.84
Seattle,7,9,177,Treatment,55,4.01
Seattle,7,10,178,Treatment,0,4.09
Seattle,7,10,178,Treatment,5,4.07
Seattle,7,10,178,Treatment,10,4.0
Seattle,7,10,178,Treatment,15,4.33
Seattle,7,10,178,Treatment,20,3.71
Seattle,7,10,178,Treatment,25,3.8
Seattle,7,10,178,Treatment,30,3.79
Seattle,7,10,178,Treatment,35,3.75
Seattle,7,10,178,Treatment,40,3.34
Seattle,7,10,178,Treatment,45,4.18
Seattle,7,10,178,Treatment,50,3.58
Seattle,7,10,178,Treatment,55,3.88
Seattle,7,11,179,Control,0,4.11
Seattle,7,11,179,Control,5,4.05
Seattle,7,11,179,Control,10,3.75
Seattle,7,11,179,Control,15,3.72
Seattle,7,11,179,Control,20,4.05
Seattle,7,11,179,Control,25,3.82
Seattle,7,11,179,Control,30,3.86
Seattle,7,11,179,Control,35,4.04
Seattle,7,11,179,Control,40,4.2
Seattle,7,11,179,Control,45,3.8
Seattle,7,11,179,Control,50,3.75
Seattle,7,11,179,Control,55,4.01
Seattle,7,12,180,Control,0,4.37
Seattle,7,12,180,Control,5,3.73
Seattle,7,12,180,Control,10,3.92
Seattle,7,12,180,Control,15,4.29
Seattle,7,12,180,Control,20,4.49
Seattle,7,12,180,Control,25,3.75
Seattle,7,12,180,Control,30,3.82
Seattle,7,12,180,Control,35,4.1
Seattle,7,12,180,Control,40,3.86
Seattle,7,12,180,Control,45,3.81
Seattle,7,12,180,Control,50,4.06
Seattle,7,12,180,Control,55,4.39
Seattle,7,13,181,Treatment,0,4.37
Seattle,7,13,181,Treatment,5,3.8
Seattle,7,13,181,Treatment,10,3.98
Seattle,7,13,181,Treatment,15,4.24
Seattle,7,13,181,Treatment,20,3.92
Seattle,7,13,181,Treatment,25,3.77
Seattle,7,13,181,Treatment,30,4.02
Seattle,7,13,181,Treatment,35,3.8
Seattle,7,13,181,Treatment,40,3.97
Seattle,7,13,181,Treatment,45,3.79
Seattle,7,13,181,Treatment,50,4.06
Seattle,7,13,181,Treatment,55,3.49
Seattle,7,14,182,Control,0,3.49
Seattle,7,14,182,Control,5,3.88
Seattle,7,14,182,Control,10,3.56
Seattle,7,14,182,Control,15,3.83
Seattle,7,14,182,Control,20,3.72
Seattle,7,14,182,Control,25,4.37
Seattle,7,14,182,Control,30,3.75
Seattle,7,14,182,Control,35,3.68
Seattle,7,14,182,Control,40,4.06
Seattle,7,14,182,Control,45,4.42
Seattle,7,14,182,Control,50,3.97
Seattle,7,14,182,Control,55,3.99
Seattle,7,15,183,Control,0,4.22
Seattle,7,15,183,Control,5,4.11
Seattle,7,15,183,Control,10,3.85
Seattle,7,15,183,Control,15,4.11
Seattle,7,15,183,Control,20,3.66
Seattle,7,15,183,Control,25,3.84
Seattle,7,15,183,Control,30,4.36
Seattle,7,15,183,Control,35,4.33
Seattle,7,15,183,Control,40,4.11
Seattle,7,15,183,Control,45,3.52
Seattle,7,15,183,Control,50,3.7
Seattle,7,15,183,Control,55,3.83
Seattle,7,16,184,Treatment,0,3.69
Seattle,7,16,184,Treatment,5,3.89
Seattle,7,16,184,Treatment,10,4.34
Seattle,7,16,184,Treatment,15,3.94
Seattle,7,16,184,Treatment,20,3.89
Seattle,7,16,184,Treatment,25,3.59
Seattle,7,16,184,Treatment,30,3.43
Seattle,7,16,184,Treatment,35,3.53
Seattle,7,16,184,Treatment,40,3.42
Seattle,7,16,184,Treatment,45,3.86
Seattle,7,16,184,Treatment,50,3.94
Seattle,7,16,184,Treatment,55,3.6
Seattle,7,17,185,Control,0,4.21
Seattle,7,17,185,Control,5,4.38
Seattle,7,17,185,Control,10,4.14
Seattle,7,17,185,Control,15,3.96
Seattle,7,17,185,Control,20,4.18
Seattle,7,17,185,Control,25,4.34
Seattle,7,17,185,Control,30,3.5
Seattle,7,17,185,Control,35,4.37
Seattle,7,17,185,Control,40,3.86
Seattle,7,17,185,Control,45,3.87
Seattle,7,17,185,Control,50,3.91
Seattle,7,17,185,Control,55,4.08
Seattle,7,18,186,Control,0,3.93
Seattle,7,18,186,Control,5,4.13
Seattle,7,18,186,Control,10,4.05
Seattle,7,18,186,Control,15,4.1
Seattle,7,18,186,Control,20,3.92
Seattle,7,18,186,Control,25,4.17
Seattle,7,18,186,Control,30,4.26
Seattle,7,18,186,Control,35,4.25
Seattle,7,18,186,Control,40,4.11
Seattle,7,18,186,Control,45,4.23
Seattle,7,18,186,Control,50,4.22
Seattle,7,18,186,Control,55,4.67
Seattle,7,19,187,Treatment,0,3.98
Seattle,7,19,187,Treatment,5,3.72
Seattle,7,19,187,Treatment,10,3.83
Seattle,7,19,187,Treatment,15,3.76
Seattle,7,19,187,Treatment,20,3.97
Seattle,7,19,187,Treatment,25,3.66
Seattle,7,19,187,Treatment,30,4.14
Seattle,7,19,187,Treatment,35,3.49
Seattle,7,19,187,Treatment,40,3.43
Seattle,7,19,187,Treatment,45,3.81
Seattle,7,19,187,Treatment,50,3.63
Seattle,7,19,187,Treatment,55,3.53
Seattle,7,20,188,Control,0,3.65
Seattle,7,20,188,Control,5,3.9
Seattle,7,20,188,Control,10,3.79
Seattle,7,20,188,Control,15,3.87
Seattle,7,20,188,Control,20,4.0
Seattle,7,20,188,Control,25,4.25
Seattle,7,20,188,Control,30,4.37
Seattle,7,20,188,Control,35,4.04
Seattle,7,20,188,Control,40,4.06
Seattle,7,20,188,Control,45,3.95
Seattle,7,20,188,Control,50,4.12
Seattle,7,20,188,Control,55,4.1
Seattle,7,21,189,Control,0,3.53
Seattle,7,21,189,Control,5,3.94
Seattle,7,21,189,Control,10,4.08
Seattle,7,21,189,Control,15,3.99
Seattle,7,21,189,Control,20,3.77
Seattle,7,21,189,Control,25,3.68
Seattle,7,21,189,Control,30,4.2
Seattle,7,21,189,Control,35,3.81
Seattle,7,21,189,Control,40,3.56
Seattle,7,21,189,Control,45,4.21
Seattle,7,21,189,Control,50,4.11
Seattle,7,21,189,Control,55,3.97
Seattle,7,22,190,Treatment,0,3.97
Seattle,7,22,190,Treatment,5,4.25
Seattle,7,22,190,Treatment,10,3.49
Seattle,7,22,190,Treatment,15,3.45
Seattle,7,22,190,Treatment,20,3.68
Seattle,7,22,190,Treatment,25,3.83
Seattle,7,22,190,Treatment,30,3.72
Seattle,7,22,190,Treatment,35,4.0
Seattle,7,22,190,Treatment,40,4.11
Seattle,7,22,190,Treatment,45,3.91
Seattle,7,22,190,Treatment,50,3.98
Seattle,7,22,190,Treatment,55,3.91
Seattle,7,23,191,Treatment,0,3.52
Seattle,7,23,191,Treatment,5,3.58
Seattle,7,23,191,Treatment,10,3.5
Seattle,7,23,191,Treatment,15,3.8
Seattle,7,23,191,Treatment,20,3.9
Seattle,7,23,191,Treatment,25,3.48
Seattle,7,23,191,Treatment,30,3.86
Seattle,7,23,191,Treatment,35,3.62
Seattle,7,23,191,Treatment,40,3.57
Seattle,7,23,191,Treatment,45,3.68
Seattle,7,23,191,Treatment,50,3.56
Seattle,7,23,191,Treatment,55,3.99
Seattle,8,0,192,Control,0,4.04
Seattle,8,0,192,Control,5,3.78
Seattle,8,0,192,Control,10,3.85
Seattle,8,0,192,Control,15,4.47
Seattle,8,0,192,Control,20,3.59
Seattle,8,0,192,Control,25,4.32
Seattle,8,0,192,Control,30,4.41
Seattle,8,0,192,Control,35,4.19
Seattle,8,0,192,Control,40,3.92
Seattle,8,0,192,Control,45,4.36
Seattle,8,0,192,Control,50,3.92
Seattle,8,0,192,Control,55,3.82
Seattle,8,1,193,Treatment,0,3.86
Seattle,8,1,193,Treatment,5,3.71
Seattle,8,1,193,Treatment,10,4.17
Seattle,8,1,193,Treatment,15,3.65
Seattle,8,1,193,Treatment,20,3.83
Seattle,8,1,193,Treatment,25,3.48
Seattle,8,1,193,Treatment,30,3.85
Seattle,8,1,193,Treatment,35,3.55
Seattle,8,1,193,Treatment,40,3.54
Seattle,8,1,193,Treatment,45,3.81
Seattle,8,1,193,Treatment,50,4.1
Seattle,8,1,193,Treatment,55,3.95
Seattle,8,2,194,Treatment,0,3.81
Seattle,8,2,194,Treatment,5,3.76
Seattle,8,2,194,Treatment,10,4.04
Seattle,8,2,194,Treatment,15,3.7
Seattle,8,2,194,Treatment,20,4.05
Seattle,8,2,194,Treatment,25,4.15
Seattle,8,2,194,Treatment,30,3.63
Seattle,8,2,194,Treatment,35,3.67
Seattle,8,2,194,Treatment,40,3.7
Seattle,8,2,194,Treatment,45,3.47
Seattle,8,2,194,Treatment,50,3.72
Seattle,8,2,194,Treatment,55,4.17
Seattle,8,3,195,Control,0,4.17
Seattle,8,3,195,Control,5,3.78
Seattle,8,3,195,Control,10,4.48
Seattle,8,3,195,Control,15,3.83
Seattle,8,3,195,Control,20,3.96
Seattle,8,3,195,Control,25,3.77
Seattle,8,3,195,Control,30,3.83
Seattle,8,3,195,Control,35,4.33
Seattle,8,3,195,Control,40,4.12
Seattle,8,3,195,Control,45,4.26
Seattle,8,3,195,Control,50,3.67
Seattle,8,3,195,Control,55,4.16
Seattle,8,4,196,Control,0,3.67
Seattle,8,4,196,Control,5,4.06
Seattle,8,4,196,Control,10,4.06
Seattle,8,4,196,Control,15,4.01
Seattle,8,4,196,Control,20,4.18
Seattle,8,4,196,Control,25,4.22
Seattle,8,4,196,Control,30,4.37
Seattle,8,4,196,Control,35,3.7
Seattle,8,4,196,Control,40,4.38
Seattle,8,4,196,Control,45,4.47
Seattle,8,4,196,Control,50,3.91
Seattle,8,4,196,Control,55,3.58
Seattle,8,5,197,Control,0,3.88
Seattle,8,5,197,Control,5,4.5
Seattle,8,5,197,Control,10,4.0
Seattle,8,5,197,Control,15,3.85
Seattle,8,5,197,Control,20,3.83
Seattle,8,5,197,Control,25,3.67
Seattle,8,5,197,Control,30,4.22
Seattle,8,5,197,Control,35,3.98
Seattle,8,5,197,Control,40,4.52
Seattle,8,5,197,Control,45,4.16
Seattle,8,5,197,Control,50,4.21
Seattle,8,5,197,Control,55,3.94
Seattle,8,6,198,Treatment,0,3.78
Seattle,8,6,198,Treatment,5,3.6
Seattle,8,6,198,Treatment,10,4.12
Seattle,8,6,198,Treatment,15,3.74
Seattle,8,6,198,Treatment,20,4.08
Seattle,8,6,198,Treatment,25,3.87
Seattle,8,6,198,Treatment,30,3.77
Seattle,8,6,198,Treatment,35,3.55
Seattle,8,6,198,Treatment,40,3.92
Seattle,8,6,198,Treatment,45,3.79
Seattle,8,6,198,Treatment,50,4.07
Seattle,8,6,198,Treatment,55,3.66
Seattle,8,7,199,Control,0,4.25
Seattle,8,7,199,Control,5,3.96
Seattle,8,7,199,Control,10,4.14
Seattle,8,7,199,Control,15,4.14
Seattle,8,7,199,Control,20,4.47
Seattle,8,7,199,Control,25,4.09
Seattle,8,7,199,Control,30,4.17
Seattle,8,7,199,Control,35,3.99
Seattle,8,7,199,Control,40,3.81
Seattle,8,7,199,Control,45,3.7
Seattle,8,7,199,Control,50,4.32
Seattle,8,7,199,Control,55,3.75
Seattle,8,8,200,Control,0,4.1
Seattle,8,8,200,Control,5,4.23
Seattle,8,8,200,Control,10,3.87
Seattle,8,8,200,Control,15,3.8
Seattle,8,8,200,Control,20,4.09
Seattle,8,8,200,Control,25,3.93
Seattle,8,8,200,Control,30,3.69
Seattle,8,8,200,Control,35,4.48
Seattle,8,8,200,Control,40,3.8
Seattle,8,8,200,Control,45,3.75
Seattle,8,8,200,Control,50,3.94
Seattle,8,8,200,Control,55,4.31
Seattle,8,9,201,Treatment,0,4.29
Seattle,8,9,201,Treatment,5,3.72
Seattle,8,9,201,Treatment,10,3.96
Seattle,8,9,201,Treatment,15,3.67
Seattle,8,9,201,Treatment,20,4.34
Seattle,8,9,201,Treatment,25,3.87
Seattle,8,9,201,Treatment,30,3.66
Seattle,8,9,201,Treatment,35,3.76
Seattle,8,9,201,Treatment,40,3.86
Seattle,8,9,201,Treatment,45,3.88
Seattle,8,9,201,Treatment,50,3.95
Seattle,8,9,201,Treatment,55,3.84
Seattle,8,10,202,Control,0,3.75
Seattle,8,10,202,Control,5,4.04
Seattle,8,10,202,Control,10,3.78
Seattle,8,10,202,Control,15,4.17
Seattle,8,10,202,Control,20,4.01
Seattle,8,10,202,Control,25,3.95
Seattle,8,10,202,Control,30,4.3
Seattle,8,10,202,Control,35,3.57
Seattle,8,10,202,Control,40,3.83
Seattle,8,10,202,Control,45,4.31
Seattle,8,10,202,Control,50,4.46
Seattle,8,10,202,Control,55,4.57
Seattle,8,11,203,Treatment,0,4.11
Seattle,8,11,203,Treatment,5,4.15
Seattle,8,11,203,Treatment,10,4.21
Seattle,8,11,203,Treatment,15,3.92
Seattle,8,11,203,Treatment,20,4.07
Seattle,8,11,203,Treatment,25,3.95
Seattle,8,11,203,Treatment,30,3.97
Seattle,8,11,203,Treatment,35,3.61
Seattle,8,11,203,Treatment,40,3.76
Seattle,8,11,203,Treatment,45,3.71
Seattle,8,11,203,Treatment,50,3.54
Seattle,8,11,203,Treatment,55,3.43
Seattle,8,12,204,Control,0,3.77
Seattle,8,12,204,Control,5,3.92
Seattle,8,12,204,Control,10,4.09
Seattle,8,12,204,Control,15,4.05
Seattle,8,12,204,Control,20,3.94
Seattle,8,12,204,Control,25,3.77
Seattle,8,12,204,Control,30,4.22
Seattle,8,12,204,Control,35,3.97
Seattle,8,12,204,Control,40,3.89
Seattle,8,12,204,Control,45,3.95
Seattle,8,12,204,Control,50,3.82
Seattle,8,12,204,Control,55,3.87
Seattle,8,13,205,Control,0,3.93
Seattle,8,13,205,Control,5,4.16
Seattle,8,13,205,Control,10,4.1
Seattle,8,13,205,Control,15,4.39
Seattle,8,13,205,Control,20,4.3
Seattle,8,13,205,Control,25,4.49
Seattle,8,13,205,Control,30,4.14
Seattle,8,13,205,Control,35,4.14
Seattle,8,13,205,Control,40,3.88
Seattle,8,13,205,Control,45,4.21
Seattle,8,13,205,Control,50,3.84
Seattle,8,13,205,Control,55,3.63
Seattle,8,14,206,Control,0,3.69
Seattle,8,14,206,Control,5,4.11
Seattle,8,14,206,Control,10,3.78
Seattle,8,14,206,Control,15,4.28
Seattle,8,14,206,Control,20,4.32
Seattle,8,14,206,Control,25,4.13
Seattle,8,14,206,Control,30,4.31
Seattle,8,14,206,Control,35,4.0
Seattle,8,14,206,Control,40,4.56
Seattle,8,14,206,Control,45,4.19
Seattle,8,14,206,Control,50,3.77
Seattle,8,14,206,Control,55,4.02
Seattle,8,15,207,Control,0,3.94
Seattle,8,15,207,Control,5,3.59
Seattle,8,15,207,Control,10,4.1
Seattle,8,15,207,Control,15,3.65
Seattle,8,15,207,Control,20,3.37
Seattle,8,15,207,Control,25,3.91
Seattle,8,15,207,Control,30,3.81
Seattle,8,15,207,Control,35,3.78
Seattle,8,15,207,Control,40,3.22
Seattle,8,15,207,Control,45,3.79
Seattle,8,15,207,Control,50,3.96
Seattle,8,15,207,Control,55,3.84
Seattle,8,16,208,Control,0,4.35
Seattle,8,16,208,Control,5,4.13
Seattle,8,16,208,Control,10,4.26
Seattle,8,16,208,Control,15,4.28
Seattle,8,16,208,Control,20,3.75
Seattle,8,16,208,Control,25,4.11
Seattle,8,16,208,Control,30,4.25
Seattle,8,16,208,Control,35,3.89
Seattle,8,16,208,Control,40,3.8
Seattle,8,16,208,Control,45,4.13
Seattle,8,16,208,Control,50,3.63
Seattle,8,16,208,Control,55,3.73
Seattle,8,17,209,Treatment,0,4.11
Seattle,8,17,209,Treatment,5,4.0
Seattle,8,17,209,Treatment,10,4.15
Seattle,8,17,209,Treatment,15,3.61
Seattle,8,17,209,Treatment,20,3.6
Seattle,8,17,209,Treatment,25,3.97
Seattle,8,17,209,Treatment,30,3.64
Seattle,8,17,209,Treatment,35,3.69
Seattle,8,17,209,Treatment,40,3.38
Seattle,8,17,209,Treatment,45,3.91
Seattle,8,17,209,Treatment,50,4.23
Seattle,8,17,209,Treatment,55,3.58
Seattle,8,18,210,Control,0,3.83
Seattle,8,18,210,Control,5,3.45
Seattle,8,18,210,Control,10,3.72
Seattle,8,18,210,Control,15,3.76
Seattle,8,18,210,Control,20,3.92
Seattle,8,18,210,Control,25,4.1
Seattle,8,18,210,Control,30,4.46
Seattle,8,18,210,Control,35,3.64
Seattle,8,18,210,Control,40,3.88
Seattle,8,18,210,Control,45,3.78
Seattle,8,18,210,Control,50,3.68
Seattle,8,18,210,Control,55,4.02
Seattle,8,19,211,Treatment,0,3.55
Seattle,8,19,211,Treatment,5,3.95
Seattle,8,19,211,Treatment,10,3.59
Seattle,8,19,211,Treatment,15,3.84
Seattle,8,19,211,Treatment,20,4.16
Seattle,8,19,211,Treatment,25,3.96
Seattle,8,19,211,Treatment,30,3.88
Seattle,8,19,211,Treatment,35,3.71
Seattle,8,19,211,Treatment,40,3.86
Seattle,8,19,211,Treatment,45,3.98
Seattle,8,19,211,Treatment,50,3.96
Seattle,8,19,211,Treatment,55,3.82
Seattle,8,20,212,Control,0,3.51
Seattle,8,20,212,Control,5,3.71
Seattle,8,20,212,Control,10,4.12
Seattle,8,20,212,Control,15,4.21
Seattle,8,20,212,Control,20,4.02
Seattle,8,20,212,Control,25,4.37
Seattle,8,20,212,Control,30,4.13
Seattle,8,20,212,Control,35,3.94
Seattle,8,20,212,Control,40,3.7
Seattle,8,20,212,Control,45,4.36
Seattle,8,20,212,Control,50,4.19
Seattle,8,20,212,Control,55,4.45
Seattle,8,21,213,Treatment,0,3.68
Seattle,8,21,213,Treatment,5,3.63
Seattle,8,21,213,Treatment,10,3.18
Seattle,8,21,213,Treatment,15,4.07
Seattle,8,21,213,Treatment,20,4.0
Seattle,8,21,213,Treatment,25,3.86
Seattle,8,21,213,Treatment,30,3.53
Seattle,8,21,213,Treatment,35,3.82
Seattle,8,21,213,Treatment,40,3.89
Seattle,8,21,213,Treatment,45,4.04
Seattle,8,21,213,Treatment,50,3.91
Seattle,8,21,213,Treatment,55,4.01
Seattle,8,22,214,Treatment,0,4.14
Seattle,8,22,214,Treatment,5,4.0
Seattle,8,22,214,Treatment,10,3.54
Seattle,8,22,214,Treatment,15,4.19
Seattle,8,22,214,Treatment,20,4.15
Seattle,8,22,214,Treatment,25,3.96
Seattle,8,22,214,Treatment,30,3.91
Seattle,8,22,214,Treatment,35,4.25
Seattle,8,22,214,Treatment,40,3.43
Seattle,8,22,214,Treatment,45,4.15
Seattle,8,22,214,Treatment,50,3.72
Seattle,8,22,214,Treatment,55,4.11
Seattle,8,23,215,Control,0,3.53
Seattle,8,23,215,Control,5,3.77
Seattle,8,23,215,Control,10,4.2
Seattle,8,23,215,Control,15,3.95
Seattle,8,23,215,Control,20,3.84
Seattle,8,23,215,Control,25,3.84
Seattle,8,23,215,Control,30,4.16
Seattle,8,23,215,Control,35,4.44
Seattle,8,23,215,Control,40,3.46
Seattle,8,23,215,Control,45,4.7
Seattle,8,23,215,Control,50,4.05
Seattle,8,23,215,Control,55,4.15
Seattle,9,0,216,Treatment,0,4.0
Seattle,9,0,216,Treatment,5,3.99
Seattle,9,0,216,Treatment,10,3.63
Seattle,9,0,216,Treatment,15,3.64
Seattle,9,0,216,Treatment,20,4.14
Seattle,9,0,216,Treatment,25,3.45
Seattle,9,0,216,Treatment,30,3.95
Seattle,9,0,216,Treatment,35,3.75
Seattle,9,0,216,Treatment,40,3.6
Seattle,9,0,216,Treatment,45,4.33
Seattle,9,0,216,Treatment,50,3.6
Seattle,9,0,216,Treatment,55,3.56
Seattle,9,1,217,Control,0,3.65
Seattle,9,1,217,Control,5,3.89
Seattle,9,1,217,Control,10,3.99
Seattle,9,1,217,Control,15,4.06
Seattle,9,1,217,Control,20,3.97
Seattle,9,1,217,Control,25,3.82
Seattle,9,1,217,Control,30,4.16
Seattle,9,1,217,Control,35,3.97
Seattle,9,1,217,Control,40,3.88
Seattle,9,1,217,Control,45,4.37
Seattle,9,1,217,Control,50,3.97
Seattle,9,1,217,Control,55,4.27
Seattle,9,2,218,Control,0,4.32
Seattle,9,2,218,Control,5,4.17
Seattle,9,2,218,Control,10,4.0
Seattle,9,2,218,Control,15,3.98
Seattle,9,2,218,Control,20,3.94
Seattle,9,2,218,Control,25,3.46
Seattle,9,2,218,Control,30,4.18
Seattle,9,2,218,Control,35,4.06
Seattle,9,2,218,Control,40,4.21
Seattle,9,2,218,Control,45,3.97
Seattle,9,2,218,Control,50,4.17
Seattle,9,2,218,Control,55,3.66
Seattle,9,3,219,Treatment,0,3.38
Seattle,9,3,219,Treatment,5,3.91
Seattle,9,3,219,Treatment,10,3.7
Seattle,9,3,219,Treatment,15,3.61
Seattle,9,3,219,Treatment,20,3.92
Seattle,9,3,219,Treatment,25,3.73
Seattle,9,3,219,Treatment,30,3.48
Seattle,9,3,219,Treatment,35,4.48
Seattle,9,3,219,Treatment,40,3.83
Seattle,9,3,219,Treatment,45,3.57
Seattle,9,3,219,Treatment,50,3.67
Seattle,9,3,219,Treatment,55,3.8
Seattle,9,4,220,Treatment,0,4.17
Seattle,9,4,220,Treatment,5,3.82
Seattle,9,4,220,Treatment,10,4.3
Seattle,9,4,220,Treatment,15,3.73
Seattle,9,4,220,Treatment,20,3.95
Seattle,9,4,220,Treatment,25,4.1
Seattle,9,4,220,Treatment,30,4.14
Seattle,9,4,220,Treatment,35,4.17
Seattle,9,4,220,Treatment,40,3.77
Seattle,9,4,220,Treatment,45,3.84
Seattle,9,4,220,Treatment,50,3.22
Seattle,9,4,220,Treatment,55,3.79
Seattle,9,5,221,Control,0,4.06
Seattle,9,5,221,Control,5,3.87
Seattle,9,5,221,Control,10,4.37
Seattle,9,5,221,Control,15,3.9
Seattle,9,5,221,Control,20,3.82
Seattle,9,5,221,Control,25,3.88
Seattle,9,5,221,Control,30,3.72
Seattle,9,5,221,Control,35,4.16
Seattle,9,5,221,Control,40,4.07
Seattle,9,5,221,Control,45,4.15
Seattle,9,5,221,Control,50,3.9
Seattle,9,5,221,Control,55,3.99
Seattle,9,6,222,Control,0,4.09
Seattle,9,6,222,Control,5,4.02
Seattle,9,6,222,Control,10,3.72
Seattle,9,6,222,Control,15,3.97
Seattle,9,6,222,Control,20,3.94
Seattle,9,6,222,Control,25,4.44
Seattle,9,6,222,Control,30,3.73
Seattle,9,6,222,Control,35,4.08
Seattle,9,6,222,Control,40,3.73
Seattle,9,6,222,Control,45,3.86
Seattle,9,6,222,Control,50,4.07
Seattle,9,6,222,Control,55,3.95
Seattle,9,7,223,Control,0,4.08
Seattle,9,7,223,Control,5,3.88
Seattle,9,7,223,Control,10,4.22
Seattle,9,7,223,Control,15,3.92
Seattle,9,7,223,Control,20,3.98
Seattle,9,7,223,Control,25,4.09
Seattle,9,7,223,Control,30,4.06
Seattle,9,7,223,Control,35,4.16
Seattle,9,7,223,Control,40,4.08
Seattle,9,7,223,Control,45,4.12
Seattle,9,7,223,Control,50,3.92
Seattle,9,7,223,Control,55,3.73
Seattle,9,8,224,Control,0,3.58
Seattle,9,8,224,Control,5,4.44
Seattle,9,8,224,Control,10,3.45
Seattle,9,8,224,Control,15,4.3
Seattle,9,8,224,Control,20,3.79
Seattle,9,8,224,Control,25,4.3
Seattle,9,8,224,Control,30,3.45
Seattle,9,8,224,Control,35,3.94
Seattle,9,8,224,Control,40,4.36
Seattle,9,8,224,Control,45,4.18
Seattle,9,8,224,Control,50,3.92
Seattle,9,8,224,Control,55,3.51
Seattle,9,9,225,Control,0,4.35
Seattle,9,9,225,Control,5,3.91
Seattle,9,9,225,Control,10,3.98
Seattle,9,9,225,Control,15,4.07
Seattle,9,9,225,Control,20,3.67
Seattle,9,9,225,Control,25,4.1
Seattle,9,9,225,Control,30,3.9
Seattle,9,9,225,Control,35,4.07
Seattle,9,9,225,Control,40,3.86
Seattle,9,9,225,Control,45,3.61
Seattle,9,9,225,Control,50,3.89
Seattle,9,9,225,Control,55,4.16
Seattle,9,10,226,Treatment,0,4.01
Seattle,9,10,226,Treatment,5,4.17
Seattle,9,10,226,Treatment,10,3.84
Seattle,9,10,226,Treatment,15,3.85
Seattle,9,10,226,Treatment,20,3.72
Seattle,9,10,226,Treatment,25,4.08
Seattle,9,10,226,Treatment,30,3.91
Seattle,9,10,226,Treatment,35,3.7
Seattle,9,10,226,Treatment,40,3.47
Seattle,9,10,226,Treatment,45,4.12
Seattle,9,10,226,Treatment,50,3.65
Seattle,9,10,226,Treatment,55,3.86
Seattle,9,11,227,Control,0,4.04
Seattle,9,11,227,Control,5,4.3
Seattle,9,11,227,Control,10,3.81
Seattle,9,11,227,Control,15,4.27
Seattle,9,11,227,Control,20,4.01
Seattle,9,11,227,Control,25,4.09
Seattle,9,11,227,Control,30,4.51
Seattle,9,11,227,Control,35,3.93
Seattle,9,11,227,Control,40,4.0
Seattle,9,11,227,Control,45,3.77
Seattle,9,11,227,Control,50,4.22
Seattle,9,11,227,Control,55,3.86
Seattle,9,12,228,Treatment,0,3.59
Seattle,9,12,228,Treatment,5,4.08
Seattle,9,12,228,Treatment,10,3.73
Seattle,9,12,228,Treatment,15,4.02
Seattle,9,12,228,Treatment,20,3.84
Seattle,9,12,228,Treatment,25,3.71
Seattle,9,12,228,Treatment,30,3.74
Seattle,9,12,228,Treatment,35,3.63
Seattle,9,12,228,Treatment,40,4.05
Seattle,9,12,228,Treatment,45,3.58
Seattle,9,12,228,Treatment,50,3.77
Seattle,9,12,228,Treatment,55,3.93
Seattle,9,13,229,Treatment,0,3.84
Seattle,9,13,229,Treatment,5,3.78
Seattle,9,13,229,Treatment,10,3.91
Seattle,9,13,229,Treatment,15,3.32
Seattle,9,13,229,Treatment,20,3.54
Seattle,9,13,229,Treatment,25,3.75
Seattle,9,13,229,Treatment,30,3.66
Seattle,9,13,229,Treatment,35,3.44
Seattle,9,13,229,Treatment,40,4.05
Seattle,9,13,229,Treatment,45,3.9
Seattle,9,13,229,Treatment,50,3.88
Seattle,9,13,229,Treatment,55,3.67
Seattle,9,14,230,Treatment,0,3.97
Seattle,9,14,230,Treatment,5,3.77
Seattle,9,14,230,Treatment,10,3.95
Seattle,9,14,230,Treatment,15,3.64
Seattle,9,14,230,Treatment,20,3.86
Seattle,9,14,230,Treatment,25,4.13
Seattle,9,14,230,Treatment,30,4.15
Seattle,9,14,230,Treatment,35,4.17
Seattle,9,14,230,Treatment,40,3.91
Seattle,9,14,230,Treatment,45,3.85
Seattle,9,14,230,Treatment,50,3.73
Seattle,9,14,230,Treatment,55,3.39
Seattle,9,15,231,Control,0,3.8
Seattle,9,15,231,Control,5,3.87
Seattle,9,15,231,Control,10,4.3
Seattle,9,15,231,Control,15,4.33
Seattle,9,15,231,Control,20,3.83
Seattle,9,15,231,Control,25,4.2
Seattle,9,15,231,Control,30,3.88
Seattle,9,15,231,Control,35,4.17
Seattle,9,15,231,Control,40,4.2
Seattle,9,15,231,Control,45,4.31
Seattle,9,15,231,Control,50,3.88
Seattle,9,15,231,Control,55,4.25
Seattle,9,16,232,Control,0,4.32
Seattle,9,16,232,Control,5,3.99
Seattle,9,16,232,Control,10,4.0
Seattle,9,16,232,Control,15,3.49
Seattle,9,16,232,Control,20,3.9
Seattle,9,16,232,Control,25,4.34
Seattle,9,16,232,Control,30,3.89
Seattle,9,16,232,Control,35,4.18
Seattle,9,16,232,Control,40,4.01
Seattle,9,16,232,Control,45,4.27
Seattle,9,16,232,Control,50,4.05
Seattle,9,16,232,Control,55,3.77
Seattle,9,17,233,Treatment,0,4.4
Seattle,9,17,233,Treatment,5,4.07
Seattle,9,17,233,Treatment,10,3.86
Seattle,9,17,233,Treatment,15,4.4
Seattle,9,17,233,Treatment,20,4.13
Seattle,9,17,233,Treatment,25,4.04
Seattle,9,17,233,Treatment,30,3.92
Seattle,9,17,233,Treatment,35,4.02
Seattle,9,17,233,Treatment,40,4.03
Seattle,9,17,233,Treatment,45,3.29
Seattle,9,17,233,Treatment,50,3.94
Seattle,9,17,233,Treatment,55,3.8
Seattle,9,18,234,Treatment,0,3.79
Seattle,9,18,234,Treatment,5,3.45
Seattle,9,18,234,Treatment,10,3.39
Seattle,9,18,234,Treatment,15,4.15
Seattle,9,18,234,Treatment,20,3.96
Seattle,9,18,234,Treatment,25,3.24
Seattle,9,18,234,Treatment,30,3.7
Seattle,9,18,234,Treatment,35,4.06
Seattle,9,18,234,Treatment,40,3.77
Seattle,9,18,234,Treatment,45,4.15
Seattle,9,18,234,Treatment,50,4.1
Seattle,9,18,234,Treatment,55,3.5
Seattle,9,19,235,Control,0,3.73
Seattle,9,19,235,Control,5,3.55
Seattle,9,19,235,Control,10,3.58
Seattle,9,19,235,Control,15,3.8
Seattle,9,19,235,Control,20,3.84
Seattle,9,19,235,Control,25,4.07
Seattle,9,19,235,Control,30,4.26
Seattle,9,19,235,Control,35,4.13
Seattle,9,19,235,Control,40,4.19
Seattle,9,19,235,Control,45,3.93
Seattle,9,19,235,Control,50,4.15
Seattle,9,19,235,Control,55,3.96
Seattle,9,20,236,Treatment,0,4.47
Seattle,9,20,236,Treatment,5,3.36
Seattle,9,20,236,Treatment,10,3.43
Seattle,9,20,236,Treatment,15,3.94
Seattle,9,20,236,Treatment,20,3.77
Seattle,9,20,236,Treatment,25,3.48
Seattle,9,20,236,Treatment,30,3.58
Seattle,9,20,236,Treatment,35,3.61
Seattle,9,20,236,Treatment,40,4.06
Seattle,9,20,236,Treatment,45,4.14
Seattle,9,20,236,Treatment,50,4.25
Seattle,9,20,236,Treatment,55,3.44
Seattle,9,21,237,Control,0,3.48
Seattle,9,21,237,Control,5,4.22
Seattle,9,21,237,Control,10,4.05
Seattle,9,21,237,Control,15,4.02
Seattle,9,21,237,Control,20,4.06
Seattle,9,21,237,Control,25,3.99
Seattle,9,21,237,Control,30,3.72
Seattle,9,21,237,Control,35,4.13
Seattle,9,21,237,Control,40,3.95
Seattle,9,21,237,Control,45,3.7
Seattle,9,21,237,Control,50,4.14
Seattle,9,21,237,Control,55,3.89
Seattle,9,22,238,Control,0,3.97
Seattle,9,22,238,Control,5,4.22
Seattle,9,22,238,Control,10,4.06
Seattle,9,22,238,Control,15,3.78
Seattle,9,22,238,Control,20,4.08
Seattle,9,22,238,Control,25,4.09
Seattle,9,22,238,Control,30,4.13
Seattle,9,22,238,Control,35,4.26
Seattle,9,22,238,Control,40,3.85
Seattle,9,22,238,Control,45,4.17
Seattle,9,22,238,Control,50,3.57
Seattle,9,22,238,Control,55,3.97
Seattle,9,23,239,Control,0,4.36
Seattle,9,23,239,Control,5,3.96
Seattle,9,23,239,Control,10,4.15
Seattle,9,23,239,Control,15,3.56
Seattle,9,23,239,Control,20,3.91
Seattle,9,23,239,Control,25,3.79
Seattle,9,23,239,Control,30,4.62
Seattle,9,23,239,Control,35,3.83
Seattle,9,23,239,Control,40,4.02
Seattle,9,23,239,Control,45,4.03
Seattle,9,23,239,Control,50,3.6
Seattle,9,23,239,Control,55,3.87
Seattle,10,0,240,Treatment,0,4.02
Seattle,10,0,240,Treatment,5,3.37
Seattle,10,0,240,Treatment,10,3.75
Seattle,10,0,240,Treatment,15,4.1
Seattle,10,0,240,Treatment,20,3.99
Seattle,10,0,240,Treatment,25,4.14
Seattle,10,0,240,Treatment,30,3.59
Seattle,10,0,240,Treatment,35,4.16
Seattle,10,0,240,Treatment,40,3.83
Seattle,10,0,240,Treatment,45,4.24
Seattle,10,0,240,Treatment,50,3.84
Seattle,10,0,240,Treatment,55,3.33
Seattle,10,1,241,Control,0,3.73
Seattle,10,1,241,Control,5,3.8
Seattle,10,1,241,Control,10,3.58
Seattle,10,1,241,Control,15,4.41
Seattle,10,1,241,Control,20,3.87
Seattle,10,1,241,Control,25,4.39
Seattle,10,1,241,Control,30,3.89
Seattle,10,1,241,Control,35,3.77
Seattle,10,1,241,Control,40,4.33
Seattle,10,1,241,Control,45,3.98
Seattle,10,1,241,Control,50,3.98
Seattle,10,1,241,Control,55,3.68
Seattle,10,2,242,Control,0,4.11
Seattle,10,2,242,Control,5,3.68
Seattle,10,2,242,Control,10,3.87
Seattle,10,2,242,Control,15,3.89
Seattle,10,2,242,Control,20,4.02
Seattle,10,2,242,Control,25,4.37
Seattle,10,2,242,Control,30,3.93
Seattle,10,2,242,Control,35,3.83
Seattle,10,2,242,Control,40,4.69
Seattle,10,2,242,Control,45,3.89
Seattle,10,2,242,Control,50,3.95
Seattle,10,2,242,Control,55,3.91
Seattle,10,3,243,Treatment,0,4.02
Seattle,10,3,243,Treatment,5,4.18
Seattle,10,3,243,Treatment,10,3.99
Seattle,10,3,243,Treatment,15,4.11
Seattle,10,3,243,Treatment,20,4.1
Seattle,10,3,243,Treatment,25,3.89
Seattle,10,3,243,Treatment,30,3.93
Seattle,10,3,243,Treatment,35,4.12
Seattle,10,3,243,Treatment,40,3.56
Seattle,10,3,243,Treatment,45,4.46
Seattle,10,3,243,Treatment,50,3.71
Seattle,10,3,243,Treatment,55,3.75
Seattle,10,4,244,Treatment,0,3.54
Seattle,10,4,244,Treatment,5,4.08
Seattle,10,4,244,Treatment,10,4.41
Seattle,10,4,244,Treatment,15,3.7
Seattle,10,4,244,Treatment,20,3.93
Seattle,10,4,244,Treatment,25,3.9
Seattle,10,4,244,Treatment,30,4.09
Seattle,10,4,244,Treatment,35,4.39
Seattle,10,4,244,Treatment,40,4.22
Seattle,10,4,244,Treatment,45,3.78
Seattle,10,4,244,Treatment,50,3.97
Seattle,10,4,244,Treatment,55,4.0
Seattle,10,5,245,Control,0,3.57
Seattle,10,5,245,Control,5,3.69
Seattle,10,5,245,Control,10,4.23
Seattle,10,5,245,Control,15,4.31
Seattle,10,5,245,Control,20,3.95
Seattle,10,5,245,Control,25,4.07
Seattle,10,5,245,Control,30,4.3
Seattle,10,5,245,Control,35,3.57
Seattle,10,5,245,Control,40,3.89
Seattle,10,5,245,Control,45,4.5
Seattle,10,5,245,Control,50,4.07
Seattle,10,5,245,Control,55,3.72
Seattle,10,6,246,Control,0,4.26
Seattle,10,6,246,Control,5,3.36
Seattle,10,6,246,Control,10,4.04
Seattle,10,6,246,Control,15,3.91
Seattle,10,6,246,Control,20,3.59
Seattle,10,6,246,Control,25,4.02
Seattle,10,6,246,Control,30,3.97
Seattle,10,6,246,Control,35,3.99
Seattle,10,6,246,Control,40,3.91
Seattle,10,6,246,Control,45,3.74
Seattle,10,6,246,Control,50,3.64
Seattle,10,6,246,Control,55,3.83
Seattle,10,7,247,Control,0,4.06
Seattle,10,7,247,Control,5,3.98
Seattle,10,7,247,Control,10,3.74
Seattle,10,7,247,Control,15,3.91
Seattle,10,7,247,Control,20,4.18
Seattle,10,7,247,Control,25,4.13
Seattle,10,7,247,Control,30,3.88
Seattle,10,7,247,Control,35,3.35
Seattle,10,7,247,Control,40,3.83
Seattle,10,7,247,Control,45,3.88
Seattle,10,7,247,Control,50,3.77
Seattle,10,7,247,Control,55,3.9
Seattle,10,8,248,Control,0,3.99
Seattle,10,8,248,Control,5,4.25
Seattle,10,8,248,Control,10,3.62
Seattle,10,8,248,Control,15,3.92
Seattle,10,8,248,Control,20,3.52
Seattle,10,8,248,Control,25,3.89
Seattle,10,8,248,Control,30,3.74
Seattle,10,8,248,Control,35,4.32
Seattle,10,8,248,Control,40,4.1
Seattle,10,8,248,Control,45,4.25
Seattle,10,8,248,Control,50,3.89
Seattle,10,8,248,Control,55,3.75
Seattle,10,9,249,Treatment,0,4.07
Seattle,10,9,249,Treatment,5,4.4
Seattle,10,9,249,Treatment,10,4.0
Seattle,10,9,249,Treatment,15,3.75
Seattle,10,9,249,Treatment,20,3.79
Seattle,10,9,249,Treatment,25,3.83
Seattle,10,9,249,Treatment,30,4.35
Seattle,10,9,249,Treatment,35,4.15
Seattle,10,9,249,Treatment,40,3.9
Seattle,10,9,249,Treatment,45,3.87
Seattle,10,9,249,Treatment,50,3.91
Seattle,10,9,249,Treatment,55,3.96
Seattle,10,10,250,Treatment,0,3.63
Seattle,10,10,250,Treatment,5,4.1
Seattle,10,10,250,Treatment,10,3.85
Seattle,10,10,250,Treatment,15,4.08
Seattle,10,10,250,Treatment,20,4.25
Seattle,10,10,250,Treatment,25,3.97
Seattle,10,10,250,Treatment,30,3.93
Seattle,10,10,250,Treatment,35,4.64
Seattle,10,10,250,Treatment,40,3.89
Seattle,10,10,250,Treatment,45,3.57
Seattle,10,10,250,Treatment,50,3.77
Seattle,10,10,250,Treatment,55,4.23
Seattle,10,11,251,Control,0,3.65
Seattle,10,11,251,Control,5,4.17
Seattle,10,11,251,Control,10,3.88
Seattle,10,11,251,Control,15,3.97
Seattle,10,11,251,Control,20,4.27
Seattle,10,11,251,Control,25,3.82
Seattle,10,11,251,Control,30,3.63
Seattle,10,11,251,Control,35,3.65
Seattle,10,11,251,Control,40,4.15
Seattle,10,11,251,Control,45,4.06
Seattle,10,11,251,Control,50,3.83
Seattle,10,11,251,Control,55,3.71
Seattle,10,12,252,Control,0,4.28
Seattle,10,12,252,Control,5,3.79
Seattle,10,12,252,Control,10,3.83
Seattle,10,12,252,Control,15,3.7
Seattle,10,12,252,Control,20,3.91
Seattle,10,12,252,Control,25,4.08
Seattle,10,12,252,Control,30,4.53
Seattle,10,12,252,Control,35,4.05
Seattle,10,12,252,Control,40,3.99
Seattle,10,12,252,Control,45,4.22
Seattle,10,12,252,Control,50,4.17
Seattle,10,12,252,Control,55,3.86
Seattle,10,13,253,Control,0,3.99
Seattle,10,13,253,Control,5,4.06
Seattle,10,13,253,Control,10,4.14
Seattle,10,13,253,Control,15,4.09
Seattle,10,13,253,Control,20,4.38
Seattle,10,13,253,Control,25,3.85
Seattle,10,13,253,Control,30,4.2
Seattle,10,13,253,Control,35,4.04
Seattle,10,13,253,Control,40,4.25
Seattle,10,13,253,Control,45,3.95
Seattle,10,13,253,Control,50,3.91
Seattle,10,13,253,Control,55,4.18
Seattle,10,14,254,Control,0,3.79
Seattle,10,14,254,Control,5,4.34
Seattle,10,14,254,Control,10,4.18
Seattle,10,14,254,Control,15,3.98
Seattle,10,14,254,Control,20,3.88
Seattle,10,14,254,Control,25,4.09
Seattle,10,14,254,Control,30,4.17
Seattle,10,14,254,Control,35,3.6
Seattle,10,14,254,Control,40,4.09
Seattle,10,14,254,Control,45,4.16
Seattle,10,14,254,Control,50,3.41
Seattle,10,14,254,Control,55,4.05
Seattle,10,15,255,Control,0,4.15
Seattle,10,15,255,Control,5,4.2
Seattle,10,15,255,Control,10,3.92
Seattle,10,15,255,Control,15,3.74
Seattle,10,15,255,Control,20,3.55
Seattle,10,15,255,Control,25,4.27
Seattle,10,15,255,Control,30,4.18
Seattle,10,15,255,Control,35,4.29
Seattle,10,15,255,Control,40,3.82
Seattle,10,15,255,Control,45,4.2
Seattle,10,15,255,Control,50,3.62
Seattle,10,15,255,Control,55,3.78
Seattle,10,16,256,Treatment,0,4.17
Seattle,10,16,256,Treatment,5,4.37
Seattle,10,16,256,Treatment,10,3.83
Seattle,10,16,256,Treatment,15,3.62
Seattle,10,16,256,Treatment,20,3.61
Seattle,10,16,256,Treatment,25,3.67
Seattle,10,16,256,Treatment,30,4.4
Seattle,10,16,256,Treatment,35,4.03
Seattle,10,16,256,Treatment,40,4.12
Seattle,10,16,256,Treatment,45,3.78
Seattle,10,16,256,Treatment,50,3.84
Seattle,10,16,256,Treatment,55,4.01
Seattle,10,17,257,Control,0,3.77
Seattle,10,17,257,Control,5,3.72
Seattle,10,17,257,Control,10,3.83
Seattle,10,17,257,Control,15,4.01
Seattle,10,17,257,Control,20,3.79
Seattle,10,17,257,Control,25,4.07
Seattle,10,17,257,Control,30,4.07
Seattle,10,17,257,Control,35,3.96
Seattle,10,17,257,Control,40,3.79
Seattle,10,17,257,Control,45,4.03
Seattle,10,17,257,Control,50,3.87
Seattle,10,17,257,Control,55,4.01
Seattle,10,18,258,Control,0,3.69
Seattle,10,18,258,Control,5,4.54
Seattle,10,18,258,Control,10,3.98
Seattle,10,18,258,Control,15,4.1
Seattle,10,18,258,Control,20,3.81
Seattle,10,18,258,Control,25,4.29
Seattle,10,18,258,Control,30,3.97
Seattle,10,18,258,Control,35,3.9
Seattle,10,18,258,Control,40,3.86
Seattle,10,18,258,Control,45,3.93
Seattle,10,18,258,Control,50,4.1
Seattle,10,18,258,Control,55,4.04
Seattle,10,19,259,Treatment,0,3.82
Seattle,10,19,259,Treatment,5,3.75
Seattle,10,19,259,Treatment,10,3.78
Seattle,10,19,259,Treatment,15,3.96
Seattle,10,19,259,Treatment,20,4.01
Seattle,10,19,259,Treatment,25,4.04
Seattle,10,19,259,Treatment,30,3.84
Seattle,10,19,259,Treatment,35,3.94
Seattle,10,19,259,Treatment,40,3.8
Seattle,10,19,259,Treatment,45,3.4
Seattle,10,19,259,Treatment,50,3.79
Seattle,10,19,259,Treatment,55,3.75
Seattle,10,20,260,Control,0,3.7
Seattle,10,20,260,Control,5,3.93
Seattle,10,20,260,Control,10,3.66
Seattle,10,20,260,Control,15,3.82
Seattle,10,20,260,Control,20,4.39
Seattle,10,20,260,Control,25,3.6
Seattle,10,20,260,Control,30,3.95
Seattle,10,20,260,Control,35,3.71
Seattle,10,20,260,Control,40,3.81
Seattle,10,20,260,Control,45,3.95
Seattle,10,20,260,Control,50,3.75
Seattle,10,20,260,Control,55,4.14
Seattle,10,21,261,Treatment,0,4.21
Seattle,10,21,261,Treatment,5,4.2
Seattle,10,21,261,Treatment,10,3.55
Seattle,10,21,261,Treatment,15,3.78
Seattle,10,21,261,Treatment,20,3.96
Seattle,10,21,261,Treatment,25,4.06
Seattle,10,21,261,Treatment,30,4.28
Seattle,10,21,261,Treatment,35,4.11
Seattle,10,21,261,Treatment,40,4.06
Seattle,10,21,261,Treatment,45,4.5
Seattle,10,21,261,Treatment,50,3.86
Seattle,10,21,261,Treatment,55,3.77
Seattle,10,22,262,Treatment,0,3.61
Seattle,10,22,262,Treatment,5,3.86
Seattle,10,22,262,Treatment,10,3.41
Seattle,10,22,262,Treatment,15,3.71
Seattle,10,22,262,Treatment,20,3.81
Seattle,10,22,262,Treatment,25,4.08
Seattle,10,22,262,Treatment,30,4.12
Seattle,10,22,262,Treatment,35,3.6
Seattle,10,22,262,Treatment,40,4.36
Seattle,10,22,262,Treatment,45,3.88
Seattle,10,22,262,Treatment,50,3.9
Seattle,10,22,262,Treatment,55,3.44
Seattle,10,23,263,Control,0,4.1
Seattle,10,23,263,Control,5,3.94
Seattle,10,23,263,Control,10,3.97
Seattle,10,23,263,Control,15,4.06
Seattle,10,23,263,Control,20,3.64
Seattle,10,23,263,Control,25,3.98
Seattle,10,23,263,Control,30,4.35
Seattle,10,23,263,Control,35,4.27
Seattle,10,23,263,Control,40,3.97
Seattle,10,23,263,Control,45,4.39
Seattle,10,23,263,Control,50,3.69
Seattle,10,23,263,Control,55,3.76
Seattle,11,0,264,Treatment,0,4.14
Seattle,11,0,264,Treatment,5,3.87
Seattle,11,0,264,Treatment,10,3.88
Seattle,11,0,264,Treatment,15,3.64
Seattle,11,0,264,Treatment,20,3.91
Seattle,11,0,264,Treatment,25,3.89
Seattle,11,0,264,Treatment,30,3.84
Seattle,11,0,264,Treatment,35,3.55
Seattle,11,0,264,Treatment,40,3.91
Seattle,11,0,264,Treatment,45,3.71
Seattle,11,0,264,Treatment,50,3.59
Seattle,11,0,264,Treatment,55,4.16
Seattle,11,1,265,Control,0,4.33
Seattle,11,1,265,Control,5,4.06
Seattle,11,1,265,Control,10,3.88
Seattle,11,1,265,Control,15,3.98
Seattle,11,1,265,Control,20,4.1
Seattle,11,1,265,Control,25,3.89
Seattle,11,1,265,Control,30,4.33
Seattle,11,1,265,Control,35,3.49
Seattle,11,1,265,Control,40,3.93
Seattle,11,1,265,Control,45,4.2
Seattle,11,1,265,Control,50,3.79
Seattle,11,1,265,Control,55,3.94
Seattle,11,2,266,Control,0,4.38
Seattle,11,2,266,Control,5,3.68
Seattle,11,2,266,Control,10,3.66
Seattle,11,2,266,Control,15,3.76
Seattle,11,2,266,Control,20,3.62
Seattle,11,2,266,Control,25,3.63
Seattle,11,2,266,Control,30,3.76
Seattle,11,2,266,Control,35,4.31
Seattle,11,2,266,Control,40,3.92
Seattle,11,2,266,Control,45,4.01
Seattle,11,2,266,Control,50,3.76
Seattle,11,2,266,Control,55,4.16
Seattle,11,3,267,Control,0,3.78
Seattle,11,3,267,Control,5,4.43
Seattle,11,3,267,Control,10,4.09
Seattle,11,3,267,Control,15,4.0
Seattle,11,3,267,Control,20,4.1
Seattle,11,3,267,Control,25,4.1
Seattle,11,3,267,Control,30,4.46
Seattle,11,3,267,Control,35,4.13
Seattle,11,3,267,Control,40,4.14
Seattle,11,3,267,Control,45,3.89
Seattle,11,3,267,Control,50,4.21
Seattle,11,3,267,Control,55,3.76
Seattle,11,4,268,Control,0,4.72
Seattle,11,4,268,Control,5,3.37
Seattle,11,4,268,Control,10,4.06
Seattle,11,4,268,Control,15,4.07
Seattle,11,4,268,Control,20,3.94
Seattle,11,4,268,Control,25,3.95
Seattle,11,4,268,Control,30,4.02
Seattle,11,4,268,Control,35,3.94
Seattle,11,4,268,Control,40,4.06
Seattle,11,4,268,Control,45,3.88
Seattle,11,4,268,Control,50,4.51
Seattle,11,4,268,Control,55,3.94
Seattle,11,5,269,Treatment,0,3.83
Seattle,11,5,269,Treatment,5,4.18
Seattle,11,5,269,Treatment,10,4.08
Seattle,11,5,269,Treatment,15,3.94
Seattle,11,5,269,Treatment,20,3.58
Seattle,11,5,269,Treatment,25,3.65
Seattle,11,5,269,Treatment,30,4.26
Seattle,11,5,269,Treatment,35,3.65
Seattle,11,5,269,Treatment,40,4.0
Seattle,11,5,269,Treatment,45,3.6
Seattle,11,5,269,Treatment,50,4.09
Seattle,11,5,269,Treatment,55,3.67
Seattle,11,6,270,Treatment,0,3.66
Seattle,11,6,270,Treatment,5,3.7
Seattle,11,6,270,Treatment,10,3.94
Seattle,11,6,270,Treatment,15,3.86
Seattle,11,6,270,Treatment,20,3.57
Seattle,11,6,270,Treatment,25,3.83
Seattle,11,6,270,Treatment,30,3.55
Seattle,11,6,270,Treatment,35,4.0
Seattle,11,6,270,Treatment,40,4.05
Seattle,11,6,270,Treatment,45,3.83
Seattle,11,6,270,Treatment,50,3.91
Seattle,11,6,270,Treatment,55,4.28
Seattle,11,7,271,Control,0,3.6
Seattle,11,7,271,Control,5,4.04
Seattle,11,7,271,Control,10,3.66
Seattle,11,7,271,Control,15,3.95
Seattle,11,7,271,Control,20,3.85
Seattle,11,7,271,Control,25,3.82
Seattle,11,7,271,Control,30,3.94
Seattle,11,7,271,Control,35,4.22
Seattle,11,7,271,Control,40,4.28
Seattle,11,7,271,Control,45,4.23
Seattle,11,7,271,Control,50,4.08
Seattle,11,7,271,Control,55,3.94
Seattle,11,8,272,Treatment,0,4.09
Seattle,11,8,272,Treatment,5,3.38
Seattle,11,8,272,Treatment,10,3.41
Seattle,11,8,272,Treatment,15,3.8
Seattle,11,8,272,Treatment,20,3.91
Seattle,11,8,272,Treatment,25,3.73
Seattle,11,8,272,Treatment,30,4.22
Seattle,11,8,272,Treatment,35,3.96
Seattle,11,8,272,Treatment,40,3.78
Seattle,11,8,272,Treatment,45,4.19
Seattle,11,8,272,Treatment,50,4.23
Seattle,11,8,272,Treatment,55,3.97
Seattle,11,9,273,Control,0,3.7
Seattle,11,9,273,Control,5,3.53
Seattle,11,9,273,Control,10,3.94
Seattle,11,9,273,Control,15,3.74
Seattle,11,9,273,Control,20,3.92
Seattle,11,9,273,Control,25,4.07
Seattle,11,9,273,Control,30,3.5
Seattle,11,9,273,Control,35,3.68
Seattle,11,9,273,Control,40,3.87
Seattle,11,9,273,Control,45,3.99
Seattle,11,9,273,Control,50,3.88
Seattle,11,9,273,Control,55,3.93
Seattle,11,10,274,Control,0,3.64
Seattle,11,10,274,Control,5,3.87
Seattle,11,10,274,Control,10,3.95
Seattle,11,10,274,Control,15,3.92
Seattle,11,10,274,Control,20,4.03
Seattle,11,10,274,Control,25,4.1
Seattle,11,10,274,Control,30,4.17
Seattle,11,10,274,Control,35,3.84
Seattle,11,10,274,Control,40,3.61
Seattle,11,10,274,Control,45,4.32
Seattle,11,10,274,Control,50,4.1
Seattle,11,10,274,Control,55,3.76
Seattle,11,11,275,Treatment,0,4.27
Seattle,11,11,275,Treatment,5,4.38
Seattle,11,11,275,Treatment,10,3.96
Seattle,11,11,275,Treatment,15,4.1
Seattle,11,11,275,Treatment,20,3.54
Seattle,11,11,275,Treatment,25,3.83
Seattle,11,11,275,Treatment,30,3.76
Seattle,11,11,275,Treatment,35,3.93
Seattle,11,11,275,Treatment,40,4.24
Seattle,11,11,275,Treatment,45,3.9
Seattle,11,11,275,Treatment,50,3.61
Seattle,11,11,275,Treatment,55,3.52
Seattle,11,12,276,Treatment,0,3.97
Seattle,11,12,276,Treatment,5,3.95
Seattle,11,12,276,Treatment,10,3.75
Seattle,11,12,276,Treatment,15,3.91
Seattle,11,12,276,Treatment,20,3.59
Seattle,11,12,276,Treatment,25,3.94
Seattle,11,12,276,Treatment,30,3.55
Seattle,11,12,276,Treatment,35,3.75
Seattle,11,12,276,Treatment,40,3.68
Seattle,11,12,276,Treatment,45,3.03
Seattle,11,12,276,Treatment,50,3.75
Seattle,11,12,276,Treatment,55,3.62
Seattle,11,13,277,Control,0,3.84
Seattle,11,13,277,Control,5,4.34
Seattle,11,13,277,Control,10,4.02
Seattle,11,13,277,Control,15,4.08
Seattle,11,13,277,Control,20,4.12
Seattle,11,13,277,Control,25,4.22
Seattle,11,13,277,Control,30,4.11
Seattle,11,13,277,Control,35,4.07
Seattle,11,13,277,Control,40,4.18
Seattle,11,13,277,Control,45,3.39
Seattle,11,13,277,Control,50,4.52
Seattle,11,13,277,Control,55,4.4
Seattle,11,14,278,Control,0,3.65
Seattle,11,14,278,Control,5,4.3
Seattle,11,14,278,Control,10,3.83
Seattle,11,14,278,Control,15,4.13
Seattle,11,14,278,Control,20,3.68
Seattle,11,14,278,Control,25,4.56
Seattle,11,14,278,Control,30,3.64
Seattle,11,14,278,Control,35,4.02
Seattle,11,14,278,Control,40,3.47
Seattle,11,14,278,Control,45,3.99
Seattle,11,14,278,Control,50,3.89
Seattle,11,14,278,Control,55,4.28
Seattle,11,15,279,Control,0,4.28
Seattle,11,15,279,Control,5,3.74
Seattle,11,15,279,Control,10,3.93
Seattle,11,15,279,Control,15,3.93
Seattle,11,15,279,Control,20,4.12
Seattle,11,15,279,Control,25,4.09
Seattle,11,15,279,Control,30,4.18
Seattle,11,15,279,Control,35,4.07
Seattle,11,15,279,Control,40,4.17
Seattle,11,15,279,Control,45,3.78
Seattle,11,15,279,Control,50,4.1
Seattle,11,15,279,Control,55,4.4
Seattle,11,16,280,Control,0,4.12
Seattle,11,16,280,Control,5,4.17
Seattle,11,16,280,Control,10,4.37
Seattle,11,16,280,Control,15,4.18
Seattle,11,16,280,Control,20,4.03
Seattle,11,16,280,Control,25,4.11
Seattle,11,16,280,Control,30,3.82
Seattle,11,16,280,Control,35,3.9
Seattle,11,16,280,Control,40,3.67
Seattle,11,16,280,Control,45,4.37
Seattle,11,16,280,Control,50,4.11
Seattle,11,16,280,Control,55,3.77
Seattle,11,17,281,Control,0,4.29
Seattle,11,17,281,Control,5,4.25
Seattle,11,17,281,Control,10,3.77
Seattle,11,17,281,Control,15,3.22
Seattle,11,17,281,Control,20,4.1
Seattle,11,17,281,Control,25,3.78
Seattle,11,17,281,Control,30,4.16
Seattle,11,17,281,Control,35,4.24
Seattle,11,17,281,Control,40,4.28
Seattle,11,17,281,Control,45,4.44
Seattle,11,17,281,Control,50,4.31
Seattle,11,17,281,Control,55,4.44
Seattle,11,18,282,Control,0,4.37
Seattle,11,18,282,Control,5,3.99
Seattle,11,18,282,Control,10,3.68
Seattle,11,18,282,Control,15,4.62
Seattle,11,18,282,Control,20,4.02
Seattle,11,18,282,Control,25,4.31
Seattle,11,18,282,Control,30,3.86
Seattle,11,18,282,Control,35,4.24
Seattle,11,18,282,Control,40,3.39
Seattle,11,18,282,Control,45,3.9
Seattle,11,18,282,Control,50,3.98
Seattle,11,18,282,Control,55,4.12
Seattle,11,19,283,Treatment,0,3.73
Seattle,11,19,283,Treatment,5,4.11
Seattle,11,19,283,Treatment,10,4.2
Seattle,11,19,283,Treatment,15,4.43
Seattle,11,19,283,Treatment,20,4.02
Seattle,11,19,283,Treatment,25,3.73
Seattle,11,19,283,Treatment,30,3.52
Seattle,11,19,283,Treatment,35,4.3
Seattle,11,19,283,Treatment,40,4.02
Seattle,11,19,283,Treatment,45,3.83
Seattle,11,19,283,Treatment,50,3.44
Seattle,11,19,283,Treatment,55,3.61
Seattle,11,20,284,Control,0,3.93
Seattle,11,20,284,Control,5,3.41
Seattle,11,20,284,Control,10,4.1
Seattle,11,20,284,Control,15,3.61
Seattle,11,20,284,Control,20,4.34
Seattle,11,20,284,Control,25,4.05
Seattle,11,20,284,Control,30,3.88
Seattle,11,20,284,Control,35,4.25
Seattle,11,20,284,Control,40,4.09
Seattle,11,20,284,Control,45,4.33
Seattle,11,20,284,Control,50,4.02
Seattle,11,20,284,Control,55,4.03
Seattle,11,21,285,Control,0,4.07
Seattle,11,21,285,Control,5,4.42
Seattle,11,21,285,Control,10,3.87
Seattle,11,21,285,Control,15,4.16
Seattle,11,21,285,Control,20,3.78
Seattle,11,21,285,Control,25,3.48
Seattle,11,21,285,Control,30,4.05
Seattle,11,21,285,Control,35,4.09
Seattle,11,21,285,Control,40,3.97
Seattle,11,21,285,Control,45,3.63
Seattle,11,21,285,Control,50,4.08
Seattle,11,21,285,Control,55,4.07
Seattle,11,22,286,Treatment,0,3.66
Seattle,11,22,286,Treatment,5,3.88
Seattle,11,22,286,Treatment,10,4.06
Seattle,11,22,286,Treatment,15,3.94
Seattle,11,22,286,Treatment,20,3.62
Seattle,11,22,286,Treatment,25,3.87
Seattle,11,22,286,Treatment,30,4.06
Seattle,11,22,286,Treatment,35,3.55
Seattle,11,22,286,Treatment,40,3.86
Seattle,11,22,286,Treatment,45,4.17
Seattle,11,22,286,Treatment,50,3.52
Seattle,11,22,286,Treatment,55,4.13
Seattle,11,23,287,Treatment,0,3.78
Seattle,11,23,287,Treatment,5,3.75
Seattle,11,23,287,Treatment,10,4.1
Seattle,11,23,287,Treatment,15,3.79
Seattle,11,23,287,Treatment,20,3.25
Seattle,11,23,287,Treatment,25,3.82
Seattle,11,23,287,Treatment,30,3.96
Seattle,11,23,287,Treatment,35,4.03
Seattle,11,23,287,Treatment,40,3.62
Seattle,11,23,287,Treatment,45,3.77
Seattle,11,23,287,Treatment,50,4.08
Seattle,11,23,287,Treatment,55,3.83
Seattle,12,0,288,Control,0,4.15
Seattle,12,0,288,Control,5,3.84
Seattle,12,0,288,Control,10,4.22
Seattle,12,0,288,Control,15,3.65
Seattle,12,0,288,Control,20,3.97
Seattle,12,0,288,Control,25,4.13
Seattle,12,0,288,Control,30,3.98
Seattle,12,0,288,Control,35,3.7
Seattle,12,0,288,Control,40,3.4
Seattle,12,0,288,Control,45,4.38
Seattle,12,0,288,Control,50,4.06
Seattle,12,0,288,Control,55,4.29
Seattle,12,1,289,Treatment,0,4.15
Seattle,12,1,289,Treatment,5,3.87
Seattle,12,1,289,Treatment,10,4.02
Seattle,12,1,289,Treatment,15,4.2
Seattle,12,1,289,Treatment,20,3.86
Seattle,12,1,289,Treatment,25,4.32
Seattle,12,1,289,Treatment,30,3.47
Seattle,12,1,289,Treatment,35,3.44
Seattle,12,1,289,Treatment,40,4.09
Seattle,12,1,289,Treatment,45,3.64
Seattle,12,1,289,Treatment,50,4.35
Seattle,12,1,289,Treatment,55,4.17
Seattle,12,2,290,Treatment,0,4.06
Seattle,12,2,290,Treatment,5,3.61
Seattle,12,2,290,Treatment,10,3.43
Seattle,12,2,290,Treatment,15,4.21
Seattle,12,2,290,Treatment,20,3.47
Seattle,12,2,290,Treatment,25,4.24
Seattle,12,2,290,Treatment,30,4.01
Seattle,12,2,290,Treatment,35,3.82
Seattle,12,2,290,Treatment,40,3.95
Seattle,12,2,290,Treatment,45,3.96
Seattle,12,2,290,Treatment,50,3.79
Seattle,12,2,290,Treatment,55,4.2
Seattle,12,3,291,Treatment,0,3.88
Seattle,12,3,291,Treatment,5,3.69
Seattle,12,3,291,Treatment,10,4.17
Seattle,12,3,291,Treatment,15,3.33
Seattle,12,3,291,Treatment,20,3.95
Seattle,12,3,291,Treatment,25,4.02
Seattle,12,3,291,Treatment,30,3.63
Seattle,12,3,291,Treatment,35,4.08
Seattle,12,3,291,Treatment,40,3.83
Seattle,12,3,291,Treatment,45,3.7
Seattle,12,3,291,Treatment,50,4.08
Seattle,12,3,291,Treatment,55,3.57
Seattle,12,4,292,Control,0,3.34
Seattle,12,4,292,Control,5,3.96
Seattle,12,4,292,Control,10,3.96
Seattle,12,4,292,Control,15,3.87
Seattle,12,4,292,Control,20,4.1
Seattle,12,4,292,Control,25,3.98
Seattle,12,4,292,Control,30,4.26
Seattle,12,4,292,Control,35,4.14
Seattle,12,4,292,Control,40,4.11
Seattle,12,4,292,Control,45,4.07
Seattle,12,4,292,Control,50,3.88
Seattle,12,4,292,Control,55,3.92
Seattle,12,5,293,Treatment,0,3.96
Seattle,12,5,293,Treatment,5,4.22
Seattle,12,5,293,Treatment,10,3.92
Seattle,12,5,293,Treatment,15,3.93
Seattle,12,5,293,Treatment,20,3.49
Seattle,12,5,293,Treatment,25,4.08
Seattle,12,5,293,Treatment,30,3.69
Seattle,12,5,293,Treatment,35,3.58
Seattle,12,5,293,Treatment,40,4.25
Seattle,12,5,293,Treatment,45,4.01
Seattle,12,5,293,Treatment,50,4.08
Seattle,12,5,293,Treatment,55,3.95
Seattle,12,6,294,Control,0,3.77
Seattle,12,6,294,Control,5,4.09
Seattle,12,6,294,Control,10,4.23
Seattle,12,6,294,Control,15,3.98
Seattle,12,6,294,Control,20,4.52
Seattle,12,6,294,Control,25,3.95
Seattle,12,6,294,Control,30,3.65
Seattle,12,6,294,Control,35,3.57
Seattle,12,6,294,Control,40,3.58
Seattle,12,6,294,Control,45,3.9
Seattle,12,6,294,Control,50,3.94
Seattle,12,6,294,Control,55,4.17
Seattle,12,7,295,Control,0,4.21
Seattle,12,7,295,Control,5,4.01
Seattle,12,7,295,Control,10,4.0
Seattle,12,7,295,Control,15,3.86
Seattle,12,7,295,Control,20,4.36
Seattle,12,7,295,Control,25,3.62
Seattle,12,7,295,Control,30,4.08
Seattle,12,7,295,Control,35,3.95
Seattle,12,7,295,Control,40,4.2
Seattle,12,7,295,Control,45,3.99
Seattle,12,7,295,Control,50,4.0
Seattle,12,7,295,Control,55,3.93
Seattle,12,8,296,Control,0,4.0
Seattle,12,8,296,Control,5,4.49
Seattle,12,8,296,Control,10,4.07
Seattle,12,8,296,Control,15,4.01
Seattle,12,8,296,Control,20,3.96
Seattle,12,8,296,Control,25,4.14
Seattle,12,8,296,Control,30,3.85
Seattle,12,8,296,Control,35,4.04
Seattle,12,8,296,Control,40,4.0
Seattle,12,8,296,Control,45,4.08
Seattle,12,8,296,Control,50,4.09
Seattle,12,8,296,Control,55,4.1
Seattle,12,9,297,Treatment,0,4.39
Seattle,12,9,297,Treatment,5,4.05
Seattle,12,9,297,Treatment,10,4.54
Seattle,12,9,297,Treatment,15,3.85
Seattle,12,9,297,Treatment,20,4.08
Seattle,12,9,297,Treatment,25,3.66
Seattle,12,9,297,Treatment,30,4.19
Seattle,12,9,297,Treatment,35,3.66
Seattle,12,9,297,Treatment,40,3.95
Seattle,12,9,297,Treatment,45,3.77
Seattle,12,9,297,Treatment,50,3.95
Seattle,12,9,297,Treatment,55,3.78
Seattle,12,10,298,Control,0,3.77
Seattle,12,10,298,Control,5,4.28
Seattle,12,10,298,Control,10,4.06
Seattle,12,10,298,Control,15,3.68
Seattle,12,10,298,Control,20,4.27
Seattle,12,10,298,Control,25,3.78
Seattle,12,10,298,Control,30,4.19
Seattle,12,10,298,Control,35,4.14
Seattle,12,10,298,Control,40,4.15
Seattle,12,10,298,Control,45,4.46
Seattle,12,10,298,Control,50,3.79
Seattle,12,10,298,Control,55,4.15
Seattle,12,11,299,Treatment,0,3.84
Seattle,12,11,299,Treatment,5,3.76
Seattle,12,11,299,Treatment,10,3.82
Seattle,12,11,299,Treatment,15,3.92
Seattle,12,11,299,Treatment,20,3.49
Seattle,12,11,299,Treatment,25,3.98
Seattle,12,11,299,Treatment,30,3.49
Seattle,12,11,299,Treatment,35,4.16
Seattle,12,11,299,Treatment,40,3.97
Seattle,12,11,299,Treatment,45,4.32
Seattle,12,11,299,Treatment,50,4.01
Seattle,12,11,299,Treatment,55,3.76
Seattle,12,12,300,Control,0,3.9
Seattle,12,12,300,Control,5,3.89
Seattle,12,12,300,Control,10,4.24
Seattle,12,12,300,Control,15,3.77
Seattle,12,12,300,Control,20,4.51
Seattle,12,12,300,Control,25,4.32
Seattle,12,12,300,Control,30,3.95
Seattle,12,12,300,Control,35,4.45
Seattle,12,12,300,Control,40,3.8
Seattle,12,12,300,Control,45,4.05
Seattle,12,12,300,Control,50,3.68
Seattle,12,12,300,Control,55,4.46
Seattle,12,13,301,Treatment,0,3.64
Seattle,12,13,301,Treatment,5,3.79
Seattle,12,13,301,Treatment,10,4.22
Seattle,12,13,301,Treatment,15,4.08
Seattle,12,13,301,Treatment,20,3.87
Seattle,12,13,301,Treatment,25,4.09
Seattle,12,13,301,Treatment,30,3.81
Seattle,12,13,301,Treatment,35,3.95
Seattle,12,13,301,Treatment,40,4.25
Seattle,12,13,301,Treatment,45,3.78
Seattle,12,13,301,Treatment,50,3.65
Seattle,12,13,301,Treatment,55,3.96
Seattle,12,14,302,Control,0,3.87
Seattle,12,14,302,Control,5,4.14
Seattle,12,14,302,Control,10,3.9
Seattle,12,14,302,Control,15,4.03
Seattle,12,14,302,Control,20,4.09
Seattle,12,14,302,Control,25,4.07
Seattle,12,14,302,Control,30,4.4
Seattle,12,14,302,Control,35,4.09
Seattle,12,14,302,Control,40,3.92
Seattle,12,14,302,Control,45,4.13
Seattle,12,14,302,Control,50,4.25
Seattle,12,14,302,Control,55,4.19
Seattle,12,15,303,Treatment,0,3.63
Seattle,12,15,303,Treatment,5,3.32
Seattle,12,15,303,Treatment,10,4.21
Seattle,12,15,303,Treatment,15,3.95
Seattle,12,15,303,Treatment,20,3.83
Seattle,12,15,303,Treatment,25,4.01
Seattle,12,15,303,Treatment,30,4.32
Seattle,12,15,303,Treatment,35,4.19
Seattle,12,15,303,Treatment,40,4.08
Seattle,12,15,303,Treatment,45,3.62
Seattle,12,15,303,Treatment,50,3.65
Seattle,12,15,303,Treatment,55,3.24
Seattle,12,16,304,Treatment,0,4.12
Seattle,12,16,304,Treatment,5,4.14
Seattle,12,16,304,Treatment,10,4.01
Seattle,12,16,304,Treatment,15,3.8
Seattle,12,16,304,Treatment,20,3.7
Seattle,12,16,304,Treatment,25,3.63
Seattle,12,16,304,Treatment,30,3.8
Seattle,12,16,304,Treatment,35,3.6
Seattle,12,16,304,Treatment,40,4.28
Seattle,12,16,304,Treatment,45,3.51
Seattle,12,16,304,Treatment,50,3.79
Seattle,12,16,304,Treatment,55,3.36
Seattle,12,17,305,Control,0,3.84
Seattle,12,17,305,Control,5,3.8
Seattle,12,17,305,Control,10,3.71
Seattle,12,17,305,Control,15,4.0
Seattle,12,17,305,Control,20,3.86
Seattle,12,17,305,Control,25,3.97
Seattle,12,17,305,Control,30,4.49
Seattle,12,17,305,Control,35,4.04
Seattle,12,17,305,Control,40,4.13
Seattle,12,17,305,Control,45,3.88
Seattle,12,17,305,Control,50,3.8
Seattle,12,17,305,Control,55,3.99
Seattle,12,18,306,Control,0,3.93
Seattle,12,18,306,Control,5,4.09
Seattle,12,18,306,Control,10,3.79
Seattle,12,18,306,Control,15,3.31
Seattle,12,18,306,Control,20,3.8
Seattle,12,18,306,Control,25,4.6
Seattle,12,18,306,Control,30,4.15
Seattle,12,18,306,Control,35,4.41
Seattle,12,18,306,Control,40,3.91
Seattle,12,18,306,Control,45,3.41
Seattle,12,18,306,Control,50,3.72
Seattle,12,18,306,Control,55,4.1
Seattle,12,19,307,Control,0,4.0
Seattle,12,19,307,Control,5,3.87
Seattle,12,19,307,Control,10,4.23
Seattle,12,19,307,Control,15,3.87
Seattle,12,19,307,Control,20,4.08
Seattle,12,19,307,Control,25,4.05
Seattle,12,19,307,Control,30,3.91
Seattle,12,19,307,Control,35,3.78
Seattle,12,19,307,Control,40,3.89
Seattle,12,19,307,Control,45,4.47
Seattle,12,19,307,Control,50,4.28
Seattle,12,19,307,Control,55,4.26
Seattle,12,20,308,Control,0,3.64
Seattle,12,20,308,Control,5,4.27
Seattle,12,20,308,Control,10,4.23
Seattle,12,20,308,Control,15,4.03
Seattle,12,20,308,Control,20,3.91
Seattle,12,20,308,Control,25,3.63
Seattle,12,20,308,Control,30,4.22
Seattle,12,20,308,Control,35,4.3
Seattle,12,20,308,Control,40,3.83
Seattle,12,20,308,Control,45,3.81
Seattle,12,20,308,Control,50,4.31
Seattle,12,20,308,Control,55,3.84
Seattle,12,21,309,Control,0,3.97
Seattle,12,21,309,Control,5,3.9
Seattle,12,21,309,Control,10,4.01
Seattle,12,21,309,Control,15,3.9
Seattle,12,21,309,Control,20,4.28
Seattle,12,21,309,Control,25,4.22
Seattle,12,21,309,Control,30,4.27
Seattle,12,21,309,Control,35,4.05
Seattle,12,21,309,Control,40,3.89
Seattle,12,21,309,Control,45,4.0
Seattle,12,21,309,Control,50,3.89
Seattle,12,21,309,Control,55,4.37
Seattle,12,22,310,Control,0,3.98
Seattle,12,22,310,Control,5,3.77
Seattle,12,22,310,Control,10,4.39
Seattle,12,22,310,Control,15,4.03
Seattle,12,22,310,Control,20,3.97
Seattle,12,22,310,Control,25,4.39
Seattle,12,22,310,Control,30,3.87
Seattle,12,22,310,Control,35,3.92
Seattle,12,22,310,Control,40,3.94
Seattle,12,22,310,Control,45,3.67
Seattle,12,22,310,Control,50,4.08
Seattle,12,22,310,Control,55,3.81
Seattle,12,23,311,Treatment,0,3.82
Seattle,12,23,311,Treatment,5,3.8
Seattle,12,23,311,Treatment,10,3.68
Seattle,12,23,311,Treatment,15,3.9
Seattle,12,23,311,Treatment,20,3.8
Seattle,12,23,311,Treatment,25,3.85
Seattle,12,23,311,Treatment,30,4.43
Seattle,12,23,311,Treatment,35,3.8
Seattle,12,23,311,Treatment,40,3.99
Seattle,12,23,311,Treatment,45,4.02
Seattle,12,23,311,Treatment,50,3.82
Seattle,12,23,311,Treatment,55,3.91
Seattle,13,0,312,Treatment,0,3.89
Seattle,13,0,312,Treatment,5,3.69
Seattle,13,0,312,Treatment,10,3.72
Seattle,13,0,312,Treatment,15,3.84
Seattle,13,0,312,Treatment,20,3.35
Seattle,13,0,312,Treatment,25,4.21
Seattle,13,0,312,Treatment,30,4.38
Seattle,13,0,312,Treatment,35,3.88
Seattle,13,0,312,Treatment,40,4.01
Seattle,13,0,312,Treatment,45,4.11
Seattle,13,0,312,Treatment,50,3.51
Seattle,13,0,312,Treatment,55,4.07
Seattle,13,1,313,Control,0,4.41
Seattle,13,1,313,Control,5,3.85
Seattle,13,1,313,Control,10,4.17
Seattle,13,1,313,Control,15,3.96
Seattle,13,1,313,Control,20,4.55
Seattle,13,1,313,Control,25,3.87
Seattle,13,1,313,Control,30,4.29
Seattle,13,1,313,Control,35,4.16
Seattle,13,1,313,Control,40,4.1
Seattle,13,1,313,Control,45,4.06
Seattle,13,1,313,Control,50,3.83
Seattle,13,1,313,Control,55,3.35
Seattle,13,2,314,Control,0,3.88
Seattle,13,2,314,Control,5,4.29
Seattle,13,2,314,Control,10,4.09
Seattle,13,2,314,Control,15,4.3
Seattle,13,2,314,Control,20,4.2
Seattle,13,2,314,Control,25,3.38
Seattle,13,2,314,Control,30,4.15
Seattle,13,2,314,Control,35,3.91
Seattle,13,2,314,Control,40,4.29
Seattle,13,2,314,Control,45,4.15
Seattle,13,2,314,Control,50,4.15
Seattle,13,2,314,Control,55,3.93
Seattle,13,3,315,Treatment,0,3.89
Seattle,13,3,315,Treatment,5,3.5
Seattle,13,3,315,Treatment,10,3.75
Seattle,13,3,315,Treatment,15,3.47
Seattle,13,3,315,Treatment,20,3.48
Seattle,13,3,315,Treatment,25,3.87
Seattle,13,3,315,Treatment,30,3.97
Seattle,13,3,315,Treatment,35,3.83
Seattle,13,3,315,Treatment,40,3.72
Seattle,13,3,315,Treatment,45,3.6
Seattle,13,3,315,Treatment,50,3.76
Seattle,13,3,315,Treatment,55,3.63
Seattle,13,4,316,Treatment,0,3.46
Seattle,13,4,316,Treatment,5,4.02
Seattle,13,4,316,Treatment,10,3.7
Seattle,13,4,316,Treatment,15,3.93
Seattle,13,4,316,Treatment,20,4.06
Seattle,13,4,316,Treatment,25,3.92
Seattle,13,4,316,Treatment,30,4.04
Seattle,13,4,316,Treatment,35,3.32
Seattle,13,4,316,Treatment,40,3.72
Seattle,13,4,316,Treatment,45,4.12
Seattle,13,4,316,Treatment,50,3.97
Seattle,13,4,316,Treatment,55,4.3
Seattle,13,5,317,Control,0,3.91
Seattle,13,5,317,Control,5,3.83
Seattle,13,5,317,Control,10,3.71
Seattle,13,5,317,Control,15,3.88
Seattle,13,5,317,Control,20,3.9
Seattle,13,5,317,Control,25,3.85
Seattle,13,5,317,Control,30,3.77
Seattle,13,5,317,Control,35,4.1
Seattle,13,5,317,Control,40,4.42
Seattle,13,5,317,Control,45,4.23
Seattle,13,5,317,Control,50,3.92
Seattle,13,5,317,Control,55,4.25
Seattle,13,6,318,Control,0,4.53
Seattle,13,6,318,Control,5,4.09
Seattle,13,6,318,Control,10,3.99
Seattle,13,6,318,Control,15,3.97
Seattle,13,6,318,Control,20,3.95
Seattle,13,6,318,Control,25,4.16
Seattle,13,6,318,Control,30,4.03
Seattle,13,6,318,Control,35,3.82
Seattle,13,6,318,Control,40,3.81
Seattle,13,6,318,Control,45,4.08
Seattle,13,6,318,Control,50,4.11
Seattle,13,6,318,Control,55,3.92
Seattle,13,7,319,Treatment,0,4.31
Seattle,13,7,319,Treatment,5,4.21
Seattle,13,7,319,Treatment,10,3.4
Seattle,13,7,319,Treatment,15,4.17
Seattle,13,7,319,Treatment,20,3.79
Seattle,13,7,319,Treatment,25,3.89
Seattle,13,7,319,Treatment,30,4.12
Seattle,13,7,319,Treatment,35,4.25
Seattle,13,7,319,Treatment,40,4.09
Seattle,13,7,319,Treatment,45,3.9
Seattle,13,7,319,Treatment,50,3.5
Seattle,13,7,319,Treatment,55,3.33
Seattle,13,8,320,Treatment,0,4.18
Seattle,13,8,320,Treatment,5,3.64
Seattle,13,8,320,Treatment,10,3.77
Seattle,13,8,320,Treatment,15,3.7
Seattle,13,8,320,Treatment,20,3.69
Seattle,13,8,320,Treatment,25,4.11
Seattle,13,8,320,Treatment,30,3.89
Seattle,13,8,320,Treatment,35,3.78
Seattle,13,8,320,Treatment,40,4.5
Seattle,13,8,320,Treatment,45,3.48
Seattle,13,8,320,Treatment,50,3.98
Seattle,13,8,320,Treatment,55,3.58
Seattle,13,9,321,Control,0,3.88
Seattle,13,9,321,Control,5,4.1
Seattle,13,9,321,Control,10,3.88
Seattle,13,9,321,Control,15,3.91
Seattle,13,9,321,Control,20,3.93
Seattle,13,9,321,Control,25,3.73
Seattle,13,9,321,Control,30,4.16
Seattle,13,9,321,Control,35,4.07
Seattle,13,9,321,Control,40,4.11
Seattle,13,9,321,Control,45,3.98
Seattle,13,9,321,Control,50,3.95
Seattle,13,9,321,Control,55,4.29
Seattle,13,10,322,Control,0,4.35
Seattle,13,10,322,Control,5,4.09
Seattle,13,10,322,Control,10,4.34
Seattle,13,10,322,Control,15,3.9
Seattle,13,10,322,Control,20,3.95
Seattle,13,10,322,Control,25,4.3
Seattle,13,10,322,Control,30,4.21
Seattle,13,10,322,Control,35,3.93
Seattle,13,10,322,Control,40,3.74
Seattle,13,10,322,Control,45,3.95
Seattle,13,10,322,Control,50,3.83
Seattle,13,10,322,Control,55,4.43
Seattle,13,11,323,Control,0,3.81
Seattle,13,11,323,Control,5,3.74
Seattle,13,11,323,Control,10,3.81
Seattle,13,11,323,Control,15,3.86
Seattle,13,11,323,Control,20,3.96
Seattle,13,11,323,Control,25,4.28
Seattle,13,11,323,Control,30,3.76
Seattle,13,11,323,Control,35,4.57
Seattle,13,11,323,Control,40,3.76
Seattle,13,11,323,Control,45,3.65
Seattle,13,11,323,Control,50,4.42
Seattle,13,11,323,Control,55,4.33
Seattle,13,12,324,Treatment,0,4.1
Seattle,13,12,324,Treatment,5,4.05
Seattle,13,12,324,Treatment,10,3.93
Seattle,13,12,324,Treatment,15,3.52
Seattle,13,12,324,Treatment,20,3.22
Seattle,13,12,324,Treatment,25,3.63
Seattle,13,12,324,Treatment,30,4.29
Seattle,13,12,324,Treatment,35,4.3
Seattle,13,12,324,Treatment,40,3.77
Seattle,13,12,324,Treatment,45,3.6
Seattle,13,12,324,Treatment,50,3.91
Seattle,13,12,324,Treatment,55,3.95
Seattle,13,13,325,Control,0,3.21
Seattle,13,13,325,Control,5,4.68
Seattle,13,13,325,Control,10,4.23
Seattle,13,13,325,Control,15,3.95
Seattle,13,13,325,Control,20,3.82
Seattle,13,13,325,Control,25,4.25
Seattle,13,13,325,Control,30,4.12
Seattle,13,13,325,Control,35,4.02
Seattle,13,13,325,Control,40,4.11
Seattle,13,13,325,Control,45,3.97
Seattle,13,13,325,Control,50,4.1
Seattle,13,13,325,Control,55,4.18
Seattle,13,14,326,Control,0,4.07
Seattle,13,14,326,Control,5,4.35
Seattle,13,14,326,Control,10,3.6
Seattle,13,14,326,Control,15,3.8
Seattle,13,14,326,Control,20,4.01
Seattle,13,14,326,Control,25,3.82
Seattle,13,14,326,Control,30,3.9
Seattle,13,14,326,Control,35,4.32
Seattle,13,14,326,Control,40,3.96
Seattle,13,14,326,Control,45,3.54
Seattle,13,14,326,Control,50,3.89
Seattle,13,14,326,Control,55,4.01
Seattle,13,15,327,Control,0,4.14
Seattle,13,15,327,Control,5,4.12
Seattle,13,15,327,Control,10,3.97
Seattle,13,15,327,Control,15,3.7
Seattle,13,15,327,Control,20,3.89
Seattle,13,15,327,Control,25,3.84
Seattle,13,15,327,Control,30,3.93
Seattle,13,15,327,Control,35,4.17
Seattle,13,15,327,Control,40,4.1
Seattle,13,15,327,Control,45,4.21
Seattle,13,15,327,Control,50,3.9
Seattle,13,15,327,Control,55,4.38
Seattle,13,16,328,Control,0,4.03
Seattle,13,16,328,Control,5,4.15
Seattle,13,16,328,Control,10,3.83
Seattle,13,16,328,Control,15,3.47
Seattle,13,16,328,Control,20,3.85
Seattle,13,16,328,Control,25,4.19
Seattle,13,16,328,Control,30,4.02
Seattle,13,16,328,Control,35,3.97
Seattle,13,16,328,Control,40,3.79
Seattle,13,16,328,Control,45,3.51
Seattle,13,16,328,Control,50,4.36
Seattle,13,16,328,Control,55,3.95
Seattle,13,17,329,Treatment,0,3.83
Seattle,13,17,329,Treatment,5,4.26
Seattle,13,17,329,Treatment,10,4.11
Seattle,13,17,329,Treatment,15,3.6
Seattle,13,17,329,Treatment,20,4.13
Seattle,13,17,329,Treatment,25,3.8
Seattle,13,17,329,Treatment,30,3.69
Seattle,13,17,329,Treatment,35,3.77
Seattle,13,17,329,Treatment,40,3.64
Seattle,13,17,329,Treatment,45,3.51
Seattle,13,17,329,Treatment,50,4.03
Seattle,13,17,329,Treatment,55,3.78
Seattle,13,18,330,Control,0,3.91
Seattle,13,18,330,Control,5,4.03
Seattle,13,18,330,Control,10,3.44
Seattle,13,18,330,Control,15,3.78
Seattle,13,18,330,Control,20,4.14
Seattle,13,18,330,Control,25,3.68
Seattle,13,18,330,Control,30,4.09
Seattle,13,18,330,Control,35,3.65
Seattle,13,18,330,Control,40,4.0
Seattle,13,18,330,Control,45,4.4
Seattle,13,18,330,Control,50,4.19
Seattle,13,18,330,Control,55,3.54
Seattle,13,19,331,Control,0,4.46
Seattle,13,19,331,Control,5,4.7
Seattle,13,19,331,Control,10,4.12
Seattle,13,19,331,Control,15,3.66
Seattle,13,19,331,Control,20,4.11
Seattle,13,19,331,Control,25,4.4
Seattle,13,19,331,Control,30,3.95
Seattle,13,19,331,Control,35,4.26
Seattle,13,19,331,Control,40,3.79
Seattle,13,19,331,Control,45,4.09
Seattle,13,19,331,Control,50,3.38
Seattle,13,19,331,Control,55,3.76
Seattle,13,20,332,Control,0,3.91
Seattle,13,20,332,Control,5,3.67
Seattle,13,20,332,Control,10,3.88
Seattle,13,20,332,Control,15,4.08
Seattle,13,20,332,Control,20,3.98
Seattle,13,20,332,Control,25,4.02
Seattle,13,20,332,Control,30,4.18
Seattle,13,20,332,Control,35,3.91
Seattle,13,20,332,Control,40,4.34
Seattle,13,20,332,Control,45,3.75
Seattle,13,20,332,Control,50,4.48
Seattle,13,20,332,Control,55,4.28
Seattle,13,21,333,Treatment,0,3.93
Seattle,13,21,333,Treatment,5,4.0
Seattle,13,21,333,Treatment,10,4.04
Seattle,13,21,333,Treatment,15,4.11
Seattle,13,21,333,Treatment,20,3.5
Seattle,13,21,333,Treatment,25,3.95
Seattle,13,21,333,Treatment,30,3.31
Seattle,13,21,333,Treatment,35,3.8
Seattle,13,21,333,Treatment,40,4.2
Seattle,13,21,333,Treatment,45,3.49
Seattle,13,21,333,Treatment,50,3.44
Seattle,13,21,333,Treatment,55,3.9
Seattle,13,22,334,Control,0,3.92
Seattle,13,22,334,Control,5,3.42
Seattle,13,22,334,Control,10,3.53
Seattle,13,22,334,Control,15,4.02
Seattle,13,22,334,Control,20,3.71
Seattle,13,22,334,Control,25,4.03
Seattle,13,22,334,Control,30,4.05
Seattle,13,22,334,Control,35,3.88
Seattle,13,22,334,Control,40,4.45
Seattle,13,22,334,Control,45,4.15
Seattle,13,22,334,Control,50,4.3
Seattle,13,22,334,Control,55,4.23
Seattle,13,23,335,Control,0,3.95
Seattle,13,23,335,Control,5,3.93
Seattle,13,23,335,Control,10,4.17
Seattle,13,23,335,Control,15,3.84
Seattle,13,23,335,Control,20,4.43
Seattle,13,23,335,Control,25,3.81
Seattle,13,23,335,Control,30,4.05
Seattle,13,23,335,Control,35,3.94
Seattle,13,23,335,Control,40,3.89
Seattle,13,23,335,Control,45,4.54
Seattle,13,23,335,Control,50,3.89
Seattle,13,23,335,Control,55,3.92
Boston,0,0,0,Control,0,3.71
Boston,0,0,0,Control,5,3.67
Boston,0,0,0,Control,10,3.42
Boston,0,0,0,Control,15,3.59
Boston,0,0,0,Control,20,3.85
Boston,0,0,0,Control,25,3.96
Boston,0,0,0,Control,30,3.71
Boston,0,0,0,Control,35,3.71
Boston,0,0,0,Control,40,3.61
Boston,0,0,0,Control,45,3.57
Boston,0,0,0,Control,50,3.47
Boston,0,0,0,Control,55,3.31
Boston,0,1,1,Control,0,3.93
Boston,0,1,1,Control,5,3.59
Boston,0,1,1,Control,10,3.61
Boston,0,1,1,Control,15,3.61
Boston,0,1,1,Control,20,4.01
Boston,0,1,1,Control,25,3.47
Boston,0,1,1,Control,30,3.77
Boston,0,1,1,Control,35,3.68
Boston,0,1,1,Control,40,3.72
Boston,0,1,1,Control,45,3.76
Boston,0,1,1,Control,50,3.71
Boston,0,1,1,Control,55,3.9
Boston,0,2,2,Control,0,4.14
Boston,0,2,2,Control,5,3.71
Boston,0,2,2,Control,10,3.27
Boston,0,2,2,Control,15,3.86
Boston,0,2,2,Control,20,3.8
Boston,0,2,2,Control,25,3.71
Boston,0,2,2,Control,30,3.64
Boston,0,2,2,Control,35,3.17
Boston,0,2,2,Control,40,3.21
Boston,0,2,2,Control,45,4.11
Boston,0,2,2,Control,50,3.55
Boston,0,2,2,Control,55,3.94
Boston,0,3,3,Treatment,0,3.44
Boston,0,3,3,Treatment,5,3.83
Boston,0,3,3,Treatment,10,3.6
Boston,0,3,3,Treatment,15,3.72
Boston,0,3,3,Treatment,20,3.59
Boston,0,3,3,Treatment,25,3.54
Boston,0,3,3,Treatment,30,3.42
Boston,0,3,3,Treatment,35,3.29
Boston,0,3,3,Treatment,40,3.94
Boston,0,3,3,Treatment,45,3.98
Boston,0,3,3,Treatment,50,3.33
Boston,0,3,3,Treatment,55,3.31
Boston,0,4,4,Control,0,3.67
Boston,0,4,4,Control,5,3.58
Boston,0,4,4,Control,10,3.79
Boston,0,4,4,Control,15,3.69
Boston,0,4,4,Control,20,3.67
Boston,0,4,4,Control,25,4.3
Boston,0,4,4,Control,30,3.57
Boston,0,4,4,Control,35,4.11
Boston,0,4,4,Control,40,4.06
Boston,0,4,4,Control,45,3.83
Boston,0,4,4,Control,50,3.22
Boston,0,4,4,Control,55,3.71
Boston,0,5,5,Control,0,3.71
Boston,0,5,5,Control,5,3.43
Boston,0,5,5,Control,10,3.89
Boston,0,5,5,Control,15,3.95
Boston,0,5,5,Control,20,3.99
Boston,0,5,5,Control,25,3.6
Boston,0,5,5,Control,30,3.44
Boston,0,5,5,Control,35,3.79
Boston,0,5,5,Control,40,4.14
Boston,0,5,5,Control,45,3.72
Boston,0,5,5,Control,50,3.81
Boston,0,5,5,Control,55,3.64
Boston,0,6,6,Control,0,3.86
Boston,0,6,6,Control,5,3.67
Boston,0,6,6,Control,10,3.8
Boston,0,6,6,Control,15,3.83
Boston,0,6,6,Control,20,3.79
Boston,0,6,6,Control,25,3.84
Boston,0,6,6,Control,30,3.49
Boston,0,6,6,Control,35,3.47
Boston,0,6,6,Control,40,3.69
Boston,0,6,6,Control,45,3.7
Boston,0,6,6,Control,50,3.57
Boston,0,6,6,Control,55,3.76
Boston,0,7,7,Control,0,4.0
Boston,0,7,7,Control,5,4.05
Boston,0,7,7,Control,10,3.37
Boston,0,7,7,Control,15,3.41
Boston,0,7,7,Control,20,3.63
Boston,0,7,7,Control,25,3.72
Boston,0,7,7,Control,30,3.64
Boston,0,7,7,Control,35,3.56
Boston,0,7,7,Control,40,3.62
Boston,0,7,7,Control,45,3.82
Boston,0,7,7,Control,50,3.37
Boston,0,7,7,Control,55,4.29
Boston,0,8,8,Treatment,0,3.96
Boston,0,8,8,Treatment,5,3.52
Boston,0,8,8,Treatment,10,3.77
Boston,0,8,8,Treatment,15,3.61
Boston,0,8,8,Treatment,20,3.8
Boston,0,8,8,Treatment,25,3.54
Boston,0,8,8,Treatment,30,3.98
Boston,0,8,8,Treatment,35,3.22
Boston,0,8,8,Treatment,40,3.83
Boston,0,8,8,Treatment,45,3.62
Boston,0,8,8,Treatment,50,3.33
Boston,0,8,8,Treatment,55,4.08
Boston,0,9,9,Treatment,0,3.07
Boston,0,9,9,Treatment,5,3.63
Boston,0,9,9,Treatment,10,3.77
Boston,0,9,9,Treatment,15,3.7
Boston,0,9,9,Treatment,20,3.97
Boston,0,9,9,Treatment,25,3.92
Boston,0,9,9,Treatment,30,3.66
Boston,0,9,9,Treatment,35,4.16
Boston,0,9,9,Treatment,40,3.82
Boston,0,9,9,Treatment,45,3.5
Boston,0,9,9,Treatment,50,3.45
Boston,0,9,9,Treatment,55,3.9
Boston,0,10,10,Control,0,3.49
Boston,0,10,10,Control,5,3.57
Boston,0,10,10,Control,10,3.75
Boston,0,10,10,Control,15,3.65
Boston,0,10,10,Control,20,3.37
Boston,0,10,10,Control,25,3.99
Boston,0,10,10,Control,30,3.6
Boston,0,10,10,Control,35,4.2
Boston,0,10,10,Control,40,3.78
Boston,0,10,10,Control,45,4.02
Boston,0,10,10,Control,50,3.86
Boston,0,10,10,Control,55,4.03
Boston,0,11,11,Control,0,3.76
Boston,0,11,11,Control,5,3.97
Boston,0,11,11,Control,10,4.32
Boston,0,11,11,Control,15,3.63
Boston,0,11,11,Control,20,3.9
Boston,0,11,11,Control,25,3.7
Boston,0,11,11,Control,30,3.83
Boston,0,11,11,Control,35,3.71
Boston,0,11,11,Control,40,3.16
Boston,0,11,11,Control,45,3.65
Boston,0,11,11,Control,50,3.95
Boston,0,11,11,Control,55,3.51
Boston,0,12,12,Control,0,3.75
Boston,0,12,12,Control,5,3.65
Boston,0,12,12,Control,10,3.93
Boston,0,12,12,Control,15,3.87
Boston,0,12,12,Control,20,3.81
Boston,0,12,12,Control,25,3.95
Boston,0,12,12,Control,30,3.75
Boston,0,12,12,Control,35,3.29
Boston,0,12,12,Control,40,3.61
Boston,0,12,12,Control,45,3.25
Boston,0,12,12,Control,50,3.86
Boston,0,12,12,Control,55,3.92
Boston,0,13,13,Treatment,0,3.82
Boston,0,13,13,Treatment,5,3.9
Boston,0,13,13,Treatment,10,3.23
Boston,0,13,13,Treatment,15,3.56
Boston,0,13,13,Treatment,20,3.24
Boston,0,13,13,Treatment,25,3.5
Boston,0,13,13,Treatment,30,3.99
Boston,0,13,13,Treatment,35,3.86
Boston,0,13,13,Treatment,40,3.75
Boston,0,13,13,Treatment,45,3.54
Boston,0,13,13,Treatment,50,3.34
Boston,0,13,13,Treatment,55,3.64
Boston,0,14,14,Control,0,3.69
Boston,0,14,14,Control,5,3.23
Boston,0,14,14,Control,10,3.69
Boston,0,14,14,Control,15,3.22
Boston,0,14,14,Control,20,3.9
Boston,0,14,14,Control,25,3.53
Boston,0,14,14,Control,30,3.39
Boston,0,14,14,Control,35,3.9
Boston,0,14,14,Control,40,3.84
Boston,0,14,14,Control,45,3.76
Boston,0,14,14,Control,50,4.25
Boston,0,14,14,Control,55,3.86
Boston,0,15,15,Control,0,3.83
Boston,0,15,15,Control,5,3.63
Boston,0,15,15,Control,10,4.02
Boston,0,15,15,Control,15,3.77
Boston,0,15,15,Control,20,3.79
Boston,0,15,15,Control,25,3.34
Boston,0,15,15,Control,30,3.72
Boston,0,15,15,Control,35,3.69
Boston,0,15,15,Control,40,3.44
Boston,0,15,15,Control,45,3.64
Boston,0,15,15,Control,50,3.81
Boston,0,15,15,Control,55,3.7
Boston,0,16,16,Treatment,0,3.63
Boston,0,16,16,Treatment,5,3.55
Boston,0,16,16,Treatment,10,3.67
Boston,0,16,16,Treatment,15,3.61
Boston,0,16,16,Treatment,20,3.49
Boston,0,16,16,Treatment,25,3.48
Boston,0,16,16,Treatment,30,3.61
Boston,0,16,16,Treatment,35,3.83
Boston,0,16,16,Treatment,40,3.66
Boston,0,16,16,Treatment,45,3.94
Boston,0,16,16,Treatment,50,3.87
Boston,0,16,16,Treatment,55,3.96
Boston,0,17,17,Control,0,3.98
Boston,0,17,17,Control,5,3.34
Boston,0,17,17,Control,10,3.82
Boston,0,17,17,Control,15,4.0
Boston,0,17,17,Control,20,4.05
Boston,0,17,17,Control,25,3.51
Boston,0,17,17,Control,30,3.86
Boston,0,17,17,Control,35,3.72
Boston,0,17,17,Control,40,4.16
Boston,0,17,17,Control,45,3.35
Boston,0,17,17,Control,50,3.51
Boston,0,17,17,Control,55,3.25
Boston,0,18,18,Control,0,4.27
Boston,0,18,18,Control,5,3.69
Boston,0,18,18,Control,10,3.73
Boston,0,18,18,Control,15,3.84
Boston,0,18,18,Control,20,3.67
Boston,0,18,18,Control,25,3.79
Boston,0,18,18,Control,30,3.8
Boston,0,18,18,Control,35,3.49
Boston,0,18,18,Control,40,3.68
Boston,0,18,18,Control,45,3.89
Boston,0,18,18,Control,50,3.93
Boston,0,18,18,Control,55,4.02
Boston,0,19,19,Treatment,0,3.79
Boston,0,19,19,Treatment,5,3.85
Boston,0,19,19,Treatment,10,3.48
Boston,0,19,19,Treatment,15,3.43
Boston,0,19,19,Treatment,20,3.56
Boston,0,19,19,Treatment,25,3.27
Boston,0,19,19,Treatment,30,3.69
Boston,0,19,19,Treatment,35,3.85
Boston,0,19,19,Treatment,40,3.41
Boston,0,19,19,Treatment,45,3.7
Boston,0,19,19,Treatment,50,3.43
Boston,0,19,19,Treatment,55,3.33
Boston,0,20,20,Control,0,3.34
Boston,0,20,20,Control,5,3.31
Boston,0,20,20,Control,10,3.72
Boston,0,20,20,Control,15,3.77
Boston,0,20,20,Control,20,3.87
Boston,0,20,20,Control,25,4.2
Boston,0,20,20,Control,30,3.51
Boston,0,20,20,Control,35,3.56
Boston,0,20,20,Control,40,4.1
Boston,0,20,20,Control,45,3.93
Boston,0,20,20,Control,50,3.9
Boston,0,20,20,Control,55,3.55
Boston,0,21,21,Control,0,3.9
Boston,0,21,21,Control,5,3.75
Boston,0,21,21,Control,10,3.55
Boston,0,21,21,Control,15,3.73
Boston,0,21,21,Control,20,4.11
Boston,0,21,21,Control,25,3.43
Boston,0,21,21,Control,30,3.5
Boston,0,21,21,Control,35,3.54
Boston,0,21,21,Control,40,3.6
Boston,0,21,21,Control,45,3.7
Boston,0,21,21,Control,50,3.94
Boston,0,21,21,Control,55,3.82
Boston,0,22,22,Treatment,0,3.77
Boston,0,22,22,Treatment,5,3.82
Boston,0,22,22,Treatment,10,3.21
Boston,0,22,22,Treatment,15,3.86
Boston,0,22,22,Treatment,20,3.38
Boston,0,22,22,Treatment,25,3.48
Boston,0,22,22,Treatment,30,3.67
Boston,0,22,22,Treatment,35,3.57
Boston,0,22,22,Treatment,40,3.71
Boston,0,22,22,Treatment,45,3.62
Boston,0,22,22,Treatment,50,3.52
Boston,0,22,22,Treatment,55,3.97
Boston,0,23,23,Control,0,3.66
Boston,0,23,23,Control,5,3.8
Boston,0,23,23,Control,10,3.49
Boston,0,23,23,Control,15,4.24
Boston,0,23,23,Control,20,3.43
Boston,0,23,23,Control,25,3.73
Boston,0,23,23,Control,30,3.63
Boston,0,23,23,Control,35,3.62
Boston,0,23,23,Control,40,3.59
Boston,0,23,23,Control,45,3.51
Boston,0,23,23,Control,50,4.0
Boston,0,23,23,Control,55,3.4
Boston,1,0,24,Control,0,3.86
Boston,1,0,24,Control,5,3.6
Boston,1,0,24,Control,10,3.83
Boston,1,0,24,Control,15,3.66
Boston,1,0,24,Control,20,3.42
Boston,1,0,24,Control,25,3.43
Boston,1,0,24,Control,30,3.86
Boston,1,0,24,Control,35,3.85
Boston,1,0,24,Control,40,3.76
Boston,1,0,24,Control,45,3.6
Boston,1,0,24,Control,50,3.65
Boston,1,0,24,Control,55,3.62
Boston,1,1,25,Treatment,0,3.72
Boston,1,1,25,Treatment,5,3.79
Boston,1,1,25,Treatment,10,3.64
Boston,1,1,25,Treatment,15,4.03
Boston,1,1,25,Treatment,20,3.34
Boston,1,1,25,Treatment,25,3.42
Boston,1,1,25,Treatment,30,3.62
Boston,1,1,25,Treatment,35,3.65
Boston,1,1,25,Treatment,40,3.11
Boston,1,1,25,Treatment,45,3.74
Boston,1,1,25,Treatment,50,3.65
Boston,1,1,25,Treatment,55,3.06
Boston,1,2,26,Treatment,0,3.39
Boston,1,2,26,Treatment,5,3.48
Boston,1,2,26,Treatment,10,3.25
Boston,1,2,26,Treatment,15,3.69
Boston,1,2,26,Treatment,20,4.03
Boston,1,2,26,Treatment,25,3.66
Boston,1,2,26,Treatment,30,3.05
Boston,1,2,26,Treatment,35,3.66
Boston,1,2,26,Treatment,40,3.54
Boston,1,2,26,Treatment,45,3.31
Boston,1,2,26,Treatment,50,3.68
Boston,1,2,26,Treatment,55,3.81
Boston,1,3,27,Treatment,0,3.18
Boston,1,3,27,Treatment,5,3.09
Boston,1,3,27,Treatment,10,3.42
Boston,1,3,27,Treatment,15,3.55
Boston,1,3,27,Treatment,20,3.46
Boston,1,3,27,Treatment,25,3.42
Boston,1,3,27,Treatment,30,3.73
Boston,1,3,27,Treatment,35,3.7
Boston,1,3,27,Treatment,40,3.64
Boston,1,3,27,Treatment,45,3.79
Boston,1,3,27,Treatment,50,3.42
Boston,1,3,27,Treatment,55,3.32
Boston,1,4,28,Control,0,3.44
Boston,1,4,28,Control,5,3.11
Boston,1,4,28,Control,10,3.53
Boston,1,4,28,Control,15,3.98
Boston,1,4,28,Control,20,3.9
Boston,1,4,28,Control,25,3.83
Boston,1,4,28,Control,30,3.73
Boston,1,4,28,Control,35,4.06
Boston,1,4,28,Control,40,3.43
Boston,1,4,28,Control,45,3.46
Boston,1,4,28,Control,50,3.98
Boston,1,4,28,Control,55,3.71
Boston,1,5,29,Treatment,0,3.84
Boston,1,5,29,Treatment,5,3.55
Boston,1,5,29,Treatment,10,3.42
Boston,1,5,29,Treatment,15,3.37
Boston,1,5,29,Treatment,20,3.67
Boston,1,5,29,Treatment,25,3.64
Boston,1,5,29,Treatment,30,3.97
Boston,1,5,29,Treatment,35,3.52
Boston,1,5,29,Treatment,40,3.51
Boston,1,5,29,Treatment,45,3.95
Boston,1,5,29,Treatment,50,3.84
Boston,1,5,29,Treatment,55,3.63
Boston,1,6,30,Treatment,0,3.39
Boston,1,6,30,Treatment,5,3.33
Boston,1,6,30,Treatment,10,3.6
Boston,1,6,30,Treatment,15,3.46
Boston,1,6,30,Treatment,20,3.99
Boston,1,6,30,Treatment,25,3.2
Boston,1,6,30,Treatment,30,3.3
Boston,1,6,30,Treatment,35,3.65
Boston,1,6,30,Treatment,40,3.72
Boston,1,6,30,Treatment,45,2.94
Boston,1,6,30,Treatment,50,3.16
Boston,1,6,30,Treatment,55,3.52
Boston,1,7,31,Treatment,0,4.06
Boston,1,7,31,Treatment,5,3.49
Boston,1,7,31,Treatment,10,3.55
Boston,1,7,31,Treatment,15,3.38
Boston,1,7,31,Treatment,20,3.75
Boston,1,7,31,Treatment,25,3.97
Boston,1,7,31,Treatment,30,3.9
Boston,1,7,31,Treatment,35,3.58
Boston,1,7,31,Treatment,40,3.38
Boston,1,7,31,Treatment,45,3.59
Boston,1,7,31,Treatment,50,3.93
Boston,1,7,31,Treatment,55,3.49
Boston,1,8,32,Control,0,3.5
Boston,1,8,32,Control,5,3.56
Boston,1,8,32,Control,10,3.21
Boston,1,8,32,Control,15,3.76
Boston,1,8,32,Control,20,3.83
Boston,1,8,32,Control,25,4.16
Boston,1,8,32,Control,30,3.37
Boston,1,8,32,Control,35,3.88
Boston,1,8,32,Control,40,3.94
Boston,1,8,32,Control,45,3.83
Boston,1,8,32,Control,50,3.45
Boston,1,8,32,Control,55,3.43
Boston,1,9,33,Treatment,0,3.72
Boston,1,9,33,Treatment,5,3.52
Boston,1,9,33,Treatment,10,3.95
Boston,1,9,33,Treatment,15,3.49
Boston,1,9,33,Treatment,20,3.12
Boston,1,9,33,Treatment,25,3.53
Boston,1,9,33,Treatment,30,3.71
Boston,1,9,33,Treatment,35,3.67
Boston,1,9,33,Treatment,40,3.67
Boston,1,9,33,Treatment,45,3.96
Boston,1,9,33,Treatment,50,3.31
Boston,1,9,33,Treatment,55,3.48
Boston,1,10,34,Treatment,0,3.1
Boston,1,10,34,Treatment,5,3.58
Boston,1,10,34,Treatment,10,3.9
Boston,1,10,34,Treatment,15,3.89
Boston,1,10,34,Treatment,20,3.75
Boston,1,10,34,Treatment,25,3.76
Boston,1,10,34,Treatment,30,3.33
Boston,1,10,34,Treatment,35,3.93
Boston,1,10,34,Treatment,40,3.29
Boston,1,10,34,Treatment,45,3.3
Boston,1,10,34,Treatment,50,3.69
Boston,1,10,34,Treatment,55,3.47
Boston,1,11,35,Treatment,0,3.7
Boston,1,11,35,Treatment,5,4.03
Boston,1,11,35,Treatment,10,3.7
Boston,1,11,35,Treatment,15,3.43
Boston,1,11,35,Treatment,20,3.76
Boston,1,11,35,Treatment,25,3.38
Boston,1,11,35,Treatment,30,3.82
Boston,1,11,35,Treatment,35,3.61
Boston,1,11,35,Treatment,40,3.69
Boston,1,11,35,Treatment,45,3.14
Boston,1,11,35,Treatment,50,3.03
Boston,1,11,35,Treatment,55,3.21
Boston,1,12,36,Control,0,3.3
Boston,1,12,36,Control,5,3.81
Boston,1,12,36,Control,10,3.5
Boston,1,12,36,Control,15,3.64
Boston,1,12,36,Control,20,3.69
Boston,1,12,36,Control,25,4.11
Boston,1,12,36,Control,30,3.85
Boston,1,12,36,Control,35,3.8
Boston,1,12,36,Control,40,4.02
Boston,1,12,36,Control,45,3.54
Boston,1,12,36,Control,50,3.97
Boston,1,12,36,Control,55,3.93
Boston,1,13,37,Treatment,0,3.66
Boston,1,13,37,Treatment,5,3.55
Boston,1,13,37,Treatment,10,3.41
Boston,1,13,37,Treatment,15,3.39
Boston,1,13,37,Treatment,20,3.36
Boston,1,13,37,Treatment,25,3.68
Boston,1,13,37,Treatment,30,3.53
Boston,1,13,37,Treatment,35,3.7
Boston,1,13,37,Treatment,40,3.71
Boston,1,13,37,Treatment,45,3.32
Boston,1,13,37,Treatment,50,3.32
Boston,1,13,37,Treatment,55,3.53
Boston,1,14,38,Control,0,3.37
Boston,1,14,38,Control,5,4.05
Boston,1,14,38,Control,10,3.28
Boston,1,14,38,Control,15,4.21
Boston,1,14,38,Control,20,3.77
Boston,1,14,38,Control,25,3.95
Boston,1,14,38,Control,30,3.92
Boston,1,14,38,Control,35,3.85
Boston,1,14,38,Control,40,4.12
Boston,1,14,38,Control,45,3.43
Boston,1,14,38,Control,50,3.66
Boston,1,14,38,Control,55,3.49
Boston,1,15,39,Control,0,3.53
Boston,1,15,39,Control,5,4.17
Boston,1,15,39,Control,10,3.66
Boston,1,15,39,Control,15,4.2
Boston,1,15,39,Control,20,4.22
Boston,1,15,39,Control,25,4.45
Boston,1,15,39,Control,30,4.18
Boston,1,15,39,Control,35,4.29
Boston,1,15,39,Control,40,3.78
Boston,1,15,39,Control,45,3.76
Boston,1,15,39,Control,50,3.77
Boston,1,15,39,Control,55,3.7
Boston,1,16,40,Treatment,0,3.89
Boston,1,16,40,Treatment,5,3.55
Boston,1,16,40,Treatment,10,3.28
Boston,1,16,40,Treatment,15,3.68
Boston,1,16,40,Treatment,20,3.42
Boston,1,16,40,Treatment,25,3.44
Boston,1,16,40,Treatment,30,3.55
Boston,1,16,40,Treatment,35,3.5
Boston,1,16,40,Treatment,40,3.87
Boston,1,16,40,Treatment,45,3.55
Boston,1,16,40,Treatment,50,3.88
Boston,1,16,40,Treatment,55,3.64
Boston,1,17,41,Control,0,3.63
Boston,1,17,41,Control,5,3.3
Boston,1,17,41,Control,10,3.75
Boston,1,17,41,Control,15,3.91
Boston,1,17,41,Control,20,3.95
Boston,1,17,41,Control,25,3.36
Boston,1,17,41,Control,30,3.32
Boston,1,17,41,Control,35,3.57
Boston,1,17,41,Control,40,4.05
Boston,1,17,41,Control,45,3.76
Boston,1,17,41,Control,50,3.51
Boston,1,17,41,Control,55,3.34
Boston,1,18,42,Treatment,0,3.51
Boston,1,18,42,Treatment,5,3.9
Boston,1,18,42,Treatment,10,3.88
Boston,1,18,42,Treatment,15,3.33
Boston,1,18,42,Treatment,20,3.78
Boston,1,18,42,Treatment,25,3.75
Boston,1,18,42,Treatment,30,3.29
Boston,1,18,42,Treatment,35,3.57
Boston,1,18,42,Treatment,40,3.67
Boston,1,18,42,Treatment,45,3.63
Boston,1,18,42,Treatment,50,3.16
Boston,1,18,42,Treatment,55,3.62
Boston,1,19,43,Control,0,3.98
Boston,1,19,43,Control,5,3.46
Boston,1,19,43,Control,10,3.53
Boston,1,19,43,Control,15,3.65
Boston,1,19,43,Control,20,3.77
Boston,1,19,43,Control,25,3.72
Boston,1,19,43,Control,30,3.85
Boston,1,19,43,Control,35,3.42
Boston,1,19,43,Control,40,3.8
Boston,1,19,43,Control,45,3.51
Boston,1,19,43,Control,50,3.66
Boston,1,19,43,Control,55,4.13
Boston,1,20,44,Control,0,3.63
Boston,1,20,44,Control,5,3.38
Boston,1,20,44,Control,10,3.74
Boston,1,20,44,Control,15,3.96
Boston,1,20,44,Control,20,3.74
Boston,1,20,44,Control,25,3.67
Boston,1,20,44,Control,30,4.03
Boston,1,20,44,Control,35,3.78
Boston,1,20,44,Control,40,3.9
Boston,1,20,44,Control,45,3.88
Boston,1,20,44,Control,50,2.98
Boston,1,20,44,Control,55,3.68
Boston,1,21,45,Treatment,0,3.49
Boston,1,21,45,Treatment,5,4.03
Boston,1,21,45,Treatment,10,3.53
Boston,1,21,45,Treatment,15,4.06
Boston,1,21,45,Treatment,20,3.24
Boston,1,21,45,Treatment,25,3.32
Boston,1,21,45,Treatment,30,3.78
Boston,1,21,45,Treatment,35,3.5
Boston,1,21,45,Treatment,40,3.67
Boston,1,21,45,Treatment,45,3.56
Boston,1,21,45,Treatment,50,3.55
Boston,1,21,45,Treatment,55,3.51
Boston,1,22,46,Treatment,0,3.75
Boston,1,22,46,Treatment,5,3.99
Boston,1,22,46,Treatment,10,3.54
Boston,1,22,46,Treatment,15,3.49
Boston,1,22,46,Treatment,20,3.46
Boston,1,22,46,Treatment,25,3.96
Boston,1,22,46,Treatment,30,3.76
Boston,1,22,46,Treatment,35,3.11
Boston,1,22,46,Treatment,40,3.1
Boston,1,22,46,Treatment,45,3.38
Boston,1,22,46,Treatment,50,3.65
Boston,1,22,46,Treatment,55,3.58
Boston,1,23,47,Treatment,0,3.55
Boston,1,23,47,Treatment,5,3.94
Boston,1,23,47,Treatment,10,3.78
Boston,1,23,47,Treatment,15,3.61
Boston,1,23,47,Treatment,20,3.88
Boston,1,23,47,Treatment,25,3.18
Boston,1,23,47,Treatment,30,3.57
Boston,1,23,47,Treatment,35,3.62
Boston,1,23,47,Treatment,40,3.74
Boston,1,23,47,Treatment,45,3.16
Boston,1,23,47,Treatment,50,3.52
Boston,1,23,47,Treatment,55,3.69
Boston,2,0,48,Treatment,0,3.89
Boston,2,0,48,Treatment,5,3.78
Boston,2,0,48,Treatment,10,3.57
Boston,2,0,48,Treatment,15,3.76
Boston,2,0,48,Treatment,20,3.54
Boston,2,0,48,Treatment,25,3.63
Boston,2,0,48,Treatment,30,3.79
Boston,2,0,48,Treatment,35,3.58
Boston,2,0,48,Treatment,40,3.68
Boston,2,0,48,Treatment,45,3.83
Boston,2,0,48,Treatment,50,3.77
Boston,2,0,48,Treatment,55,3.9
Boston,2,1,49,Control,0,3.76
Boston,2,1,49,Control,5,3.51
Boston,2,1,49,Control,10,3.79
Boston,2,1,49,Control,15,3.82
Boston,2,1,49,Control,20,3.85
Boston,2,1,49,Control,25,4.07
Boston,2,1,49,Control,30,3.28
Boston,2,1,49,Control,35,4.08
Boston,2,1,49,Control,40,4.16
Boston,2,1,49,Control,45,3.84
Boston,2,1,49,Control,50,3.85
Boston,2,1,49,Control,55,3.64
Boston,2,2,50,Treatment,0,3.87
Boston,2,2,50,Treatment,5,3.82
Boston,2,2,50,Treatment,10,3.81
Boston,2,2,50,Treatment,15,3.75
Boston,2,2,50,Treatment,20,3.81
Boston,2,2,50,Treatment,25,3.79
Boston,2,2,50,Treatment,30,3.33
Boston,2,2,50,Treatment,35,3.8
Boston,2,2,50,Treatment,40,4.05
Boston,2,2,50,Treatment,45,3.58
Boston,2,2,50,Treatment,50,3.96
Boston,2,2,50,Treatment,55,3.36
Boston,2,3,51,Control,0,3.43
Boston,2,3,51,Control,5,3.97
Boston,2,3,51,Control,10,4.07
Boston,2,3,51,Control,15,3.68
Boston,2,3,51,Control,20,3.99
Boston,2,3,51,Control,25,4.11
Boston,2,3,51,Control,30,3.69
Boston,2,3,51,Control,35,3.73
Boston,2,3,51,Control,40,3.88
Boston,2,3,51,Control,45,3.49
Boston,2,3,51,Control,50,3.73
Boston,2,3,51,Control,55,4.24
Boston,2,4,52,Treatment,0,3.91
Boston,2,4,52,Treatment,5,3.79
Boston,2,4,52,Treatment,10,3.59
Boston,2,4,52,Treatment,15,3.64
Boston,2,4,52,Treatment,20,4.03
Boston,2,4,52,Treatment,25,3.73
Boston,2,4,52,Treatment,30,3.77
Boston,2,4,52,Treatment,35,3.99
Boston,2,4,52,Treatment,40,3.52
Boston,2,4,52,Treatment,45,3.33
Boston,2,4,52,Treatment,50,4.03
Boston,2,4,52,Treatment,55,3.62
Boston,2,5,53,Treatment,0,3.4
Boston,2,5,53,Treatment,5,3.69
Boston,2,5,53,Treatment,10,3.31
Boston,2,5,53,Treatment,15,3.6
Boston,2,5,53,Treatment,20,3.43
Boston,2,5,53,Treatment,25,3.37
Boston,2,5,53,Treatment,30,3.51
Boston,2,5,53,Treatment,35,3.02
Boston,2,5,53,Treatment,40,3.3
Boston,2,5,53,Treatment,45,3.78
Boston,2,5,53,Treatment,50,3.68
Boston,2,5,53,Treatment,55,3.32
Boston,2,6,54,Treatment,0,3.37
Boston,2,6,54,Treatment,5,3.77
Boston,2,6,54,Treatment,10,3.56
Boston,2,6,54,Treatment,15,3.51
Boston,2,6,54,Treatment,20,3.57
Boston,2,6,54,Treatment,25,4.23
Boston,2,6,54,Treatment,30,3.4
Boston,2,6,54,Treatment,35,3.65
Boston,2,6,54,Treatment,40,3.78
Boston,2,6,54,Treatment,45,3.35
Boston,2,6,54,Treatment,50,3.19
Boston,2,6,54,Treatment,55,3.44
Boston,2,7,55,Control,0,3.5
Boston,2,7,55,Control,5,3.57
Boston,2,7,55,Control,10,3.89
Boston,2,7,55,Control,15,3.5
Boston,2,7,55,Control,20,3.68
Boston,2,7,55,Control,25,3.32
Boston,2,7,55,Control,30,3.78
Boston,2,7,55,Control,35,3.76
Boston,2,7,55,Control,40,3.9
Boston,2,7,55,Control,45,3.41
Boston,2,7,55,Control,50,3.65
Boston,2,7,55,Control,55,3.38
Boston,2,8,56,Treatment,0,4.07
Boston,2,8,56,Treatment,5,3.58
Boston,2,8,56,Treatment,10,3.28
Boston,2,8,56,Treatment,15,3.42
Boston,2,8,56,Treatment,20,3.19
Boston,2,8,56,Treatment,25,3.27
Boston,2,8,56,Treatment,30,3.76
Boston,2,8,56,Treatment,35,3.23
Boston,2,8,56,Treatment,40,3.67
Boston,2,8,56,Treatment,45,3.6
Boston,2,8,56,Treatment,50,3.46
Boston,2,8,56,Treatment,55,3.65
Boston,2,9,57,Control,0,3.8
Boston,2,9,57,Control,5,3.45
Boston,2,9,57,Control,10,3.57
Boston,2,9,57,Control,15,3.57
Boston,2,9,57,Control,20,3.87
Boston,2,9,57,Control,25,3.84
Boston,2,9,57,Control,30,3.04
Boston,2,9,57,Control,35,3.76
Boston,2,9,57,Control,40,3.26
Boston,2,9,57,Control,45,3.61
Boston,2,9,57,Control,50,3.67
Boston,2,9,57,Control,55,3.61
Boston,2,10,58,Control,0,3.88
Boston,2,10,58,Control,5,3.51
Boston,2,10,58,Control,10,3.5
Boston,2,10,58,Control,15,3.69
Boston,2,10,58,Control,20,3.31
Boston,2,10,58,Control,25,3.58
Boston,2,10,58,Control,30,4.04
Boston,2,10,58,Control,35,3.32
Boston,2,10,58,Control,40,3.61
Boston,2,10,58,Control,45,3.55
Boston,2,10,58,Control,50,4.2
Boston,2,10,58,Control,55,3.57
Boston,2,11,59,Control,0,3.44
Boston,2,11,59,Control,5,3.7
Boston,2,11,59,Control,10,3.77
Boston,2,11,59,Control,15,3.48
Boston,2,11,59,Control,20,3.95
Boston,2,11,59,Control,25,3.77
Boston,2,11,59,Control,30,3.91
Boston,2,11,59,Control,35,3.62
Boston,2,11,59,Control,40,3.76
Boston,2,11,59,Control,45,3.65
Boston,2,11,59,Control,50,4.06
Boston,2,11,59,Control,55,3.73
Boston,2,12,60,Control,0,3.59
Boston,2,12,60,Control,5,3.57
Boston,2,12,60,Control,10,3.76
Boston,2,12,60,Control,15,3.9
Boston,2,12,60,Control,20,3.53
Boston,2,12,60,Control,25,3.73
Boston,2,12,60,Control,30,3.75
Boston,2,12,60,Control,35,3.79
Boston,2,12,60,Control,40,3.27
Boston,2,12,60,Control,45,3.47
Boston,2,12,60,Control,50,3.36
Boston,2,12,60,Control,55,3.71
Boston,2,13,61,Treatment,0,3.58
Boston,2,13,61,Treatment,5,3.36
Boston,2,13,61,Treatment,10,3.53
Boston,2,13,61,Treatment,15,3.31
Boston,2,13,61,Treatment,20,3.78
Boston,2,13,61,Treatment,25,3.71
Boston,2,13,61,Treatment,30,3.63
Boston,2,13,61,Treatment,35,3.51
Boston,2,13,61,Treatment,40,3.08
Boston,2,13,61,Treatment,45,3.47
Boston,2,13,61,Treatment,50,3.4
Boston,2,13,61,Treatment,55,3.65
Boston,2,14,62,Control,0,3.67
Boston,2,14,62,Control,5,3.94
Boston,2,14,62,Control,10,3.52
Boston,2,14,62,Control,15,3.55
Boston,2,14,62,Control,20,3.96
Boston,2,14,62,Control,25,3.74
Boston,2,14,62,Control,30,3.64
Boston,2,14,62,Control,35,4.16
Boston,2,14,62,Control,40,3.84
Boston,2,14,62,Control,45,3.65
Boston,2,14,62,Control,50,3.53
Boston,2,14,62,Control,55,4.03
Boston,2,15,63,Control,0,3.71
Boston,2,15,63,Control,5,3.87
Boston,2,15,63,Control,10,3.92
Boston,2,15,63,Control,15,3.84
Boston,2,15,63,Control,20,3.92
Boston,2,15,63,Control,25,3.81
Boston,2,15,63,Control,30,3.84
Boston,2,15,63,Control,35,3.52
Boston,2,15,63,Control,40,4.15
Boston,2,15,63,Control,45,3.39
Boston,2,15,63,Control,50,3.78
Boston,2,15,63,Control,55,3.37
Boston,2,16,64,Treatment,0,3.57
Boston,2,16,64,Treatment,5,3.64
Boston,2,16,64,Treatment,10,3.48
Boston,2,16,64,Treatment,15,3.62
Boston,2,16,64,Treatment,20,3.67
Boston,2,16,64,Treatment,25,3.35
Boston,2,16,64,Treatment,30,3.58
Boston,2,16,64,Treatment,35,3.94
Boston,2,16,64,Treatment,40,3.26
Boston,2,16,64,Treatment,45,3.38
Boston,2,16,64,Treatment,50,3.8
Boston,2,16,64,Treatment,55,3.61
Boston,2,17,65,Treatment,0,3.84
Boston,2,17,65,Treatment,5,3.39
Boston,2,17,65,Treatment,10,3.46
Boston,2,17,65,Treatment,15,3.43
Boston,2,17,65,Treatment,20,3.5
Boston,2,17,65,Treatment,25,3.92
Boston,2,17,65,Treatment,30,3.16
Boston,2,17,65,Treatment,35,3.29
Boston,2,17,65,Treatment,40,3.25
Boston,2,17,65,Treatment,45,3.94
Boston,2,17,65,Treatment,50,3.44
Boston,2,17,65,Treatment,55,3.51
Boston,2,18,66,Treatment,0,3.52
Boston,2,18,66,Treatment,5,3.81
Boston,2,18,66,Treatment,10,3.65
Boston,2,18,66,Treatment,15,3.56
Boston,2,18,66,Treatment,20,3.2
Boston,2,18,66,Treatment,25,3.51
Boston,2,18,66,Treatment,30,3.63
Boston,2,18,66,Treatment,35,3.34
Boston,2,18,66,Treatment,40,3.75
Boston,2,18,66,Treatment,45,3.81
Boston,2,18,66,Treatment,50,3.46
Boston,2,18,66,Treatment,55,3.77
Boston,2,19,67,Control,0,3.88
Boston,2,19,67,Control,5,4.13
Boston,2,19,67,Control,10,3.39
Boston,2,19,67,Control,15,3.89
Boston,2,19,67,Control,20,4.03
Boston,2,19,67,Control,25,3.46
Boston,2,19,67,Control,30,3.56
Boston,2,19,67,Control,35,3.55
Boston,2,19,67,Control,40,3.67
Boston,2,19,67,Control,45,3.61
Boston,2,19,67,Control,50,3.65
Boston,2,19,67,Control,55,3.91
Boston,2,20,68,Control,0,3.46
Boston,2,20,68,Control,5,3.87
Boston,2,20,68,Control,10,3.84
Boston,2,20,68,Control,15,3.44
Boston,2,20,68,Control,20,3.84
Boston,2,20,68,Control,25,4.03
Boston,2,20,68,Control,30,3.69
Boston,2,20,68,Control,35,3.45
Boston,2,20,68,Control,40,3.92
Boston,2,20,68,Control,45,4.13
Boston,2,20,68,Control,50,3.48
Boston,2,20,68,Control,55,3.71
Boston,2,21,69,Control,0,3.73
Boston,2,21,69,Control,5,3.26
Boston,2,21,69,Control,10,3.81
Boston,2,21,69,Control,15,3.46
Boston,2,21,69,Control,20,3.38
Boston,2,21,69,Control,25,3.27
Boston,2,21,69,Control,30,4.0
Boston,2,21,69,Control,35,3.49
Boston,2,21,69,Control,40,3.78
Boston,2,21,69,Control,45,3.84
Boston,2,21,69,Control,50,3.74
Boston,2,21,69,Control,55,3.77
Boston,2,22,70,Control,0,3.73
Boston,2,22,70,Control,5,3.51
Boston,2,22,70,Control,10,3.49
Boston,2,22,70,Control,15,3.67
Boston,2,22,70,Control,20,3.67
Boston,2,22,70,Control,25,3.81
Boston,2,22,70,Control,30,3.98
Boston,2,22,70,Control,35,3.79
Boston,2,22,70,Control,40,3.5
Boston,2,22,70,Control,45,3.15
Boston,2,22,70,Control,50,3.51
Boston,2,22,70,Control,55,3.36
Boston,2,23,71,Control,0,3.76
Boston,2,23,71,Control,5,3.72
Boston,2,23,71,Control,10,4.16
Boston,2,23,71,Control,15,3.82
Boston,2,23,71,Control,20,4.18
Boston,2,23,71,Control,25,3.88
Boston,2,23,71,Control,30,3.97
Boston,2,23,71,Control,35,3.61
Boston,2,23,71,Control,40,3.43
Boston,2,23,71,Control,45,3.59
Boston,2,23,71,Control,50,3.7
Boston,2,23,71,Control,55,3.54
Boston,3,0,72,Control,0,3.8
Boston,3,0,72,Control,5,3.45
Boston,3,0,72,Control,10,3.32
Boston,3,0,72,Control,15,3.42
Boston,3,0,72,Control,20,3.64
Boston,3,0,72,Control,25,3.45
Boston,3,0,72,Control,30,3.64
Boston,3,0,72,Control,35,3.85
Boston,3,0,72,Control,40,3.84
Boston,3,0,72,Control,45,3.53
Boston,3,0,72,Control,50,3.37
Boston,3,0,72,Control,55,3.56
Boston,3,1,73,Treatment,0,3.92
Boston,3,1,73,Treatment,5,3.75
Boston,3,1,73,Treatment,10,3.93
Boston,3,1,73,Treatment,15,4.02
Boston,3,1,73,Treatment,20,3.47
Boston,3,1,73,Treatment,25,3.96
Boston,3,1,73,Treatment,30,3.52
Boston,3,1,73,Treatment,35,3.84
Boston,3,1,73,Treatment,40,3.77
Boston,3,1,73,Treatment,45,3.09
Boston,3,1,73,Treatment,50,3.35
Boston,3,1,73,Treatment,55,3.28
Boston,3,2,74,Treatment,0,3.81
Boston,3,2,74,Treatment,5,4.11
Boston,3,2,74,Treatment,10,3.52
Boston,3,2,74,Treatment,15,3.8
Boston,3,2,74,Treatment,20,3.96
Boston,3,2,74,Treatment,25,3.64
Boston,3,2,74,Treatment,30,3.58
Boston,3,2,74,Treatment,35,3.53
Boston,3,2,74,Treatment,40,3.72
Boston,3,2,74,Treatment,45,3.81
Boston,3,2,74,Treatment,50,3.7
Boston,3,2,74,Treatment,55,3.7
Boston,3,3,75,Treatment,0,3.19
Boston,3,3,75,Treatment,5,3.81
Boston,3,3,75,Treatment,10,3.27
Boston,3,3,75,Treatment,15,3.74
Boston,3,3,75,Treatment,20,3.78
Boston,3,3,75,Treatment,25,3.3
Boston,3,3,75,Treatment,30,3.44
Boston,3,3,75,Treatment,35,4.12
Boston,3,3,75,Treatment,40,3.57
Boston,3,3,75,Treatment,45,3.28
Boston,3,3,75,Treatment,50,3.79
Boston,3,3,75,Treatment,55,3.4
Boston,3,4,76,Control,0,3.72
Boston,3,4,76,Control,5,3.4
Boston,3,4,76,Control,10,3.74
Boston,3,4,76,Control,15,3.5
Boston,3,4,76,Control,20,3.88
Boston,3,4,76,Control,25,3.75
Boston,3,4,76,Control,30,3.05
Boston,3,4,76,Control,35,3.8
Boston,3,4,76,Control,40,3.63
Boston,3,4,76,Control,45,4.05
Boston,3,4,76,Control,50,3.8
Boston,3,4,76,Control,55,3.89
Boston,3,5,77,Control,0,3.5
Boston,3,5,77,Control,5,3.69
Boston,3,5,77,Control,10,3.61
Boston,3,5,77,Control,15,4.03
Boston,3,5,77,Control,20,3.66
Boston,3,5,77,Control,25,3.39
Boston,3,5,77,Control,30,3.49
Boston,3,5,77,Control,35,3.94
Boston,3,5,77,Control,40,3.66
Boston,3,5,77,Control,45,3.64
Boston,3,5,77,Control,50,3.97
Boston,3,5,77,Control,55,3.47
Boston,3,6,78,Control,0,3.49
Boston,3,6,78,Control,5,3.76
Boston,3,6,78,Control,10,3.64
Boston,3,6,78,Control,15,3.31
Boston,3,6,78,Control,20,3.95
Boston,3,6,78,Control,25,3.74
Boston,3,6,78,Control,30,3.8
Boston,3,6,78,Control,35,3.8
Boston,3,6,78,Control,40,3.38
Boston,3,6,78,Control,45,3.78
Boston,3,6,78,Control,50,3.93
Boston,3,6,78,Control,55,3.99
Boston,3,7,79,Treatment,0,3.83
Boston,3,7,79,Treatment,5,3.23
Boston,3,7,79,Treatment,10,3.62
Boston,3,7,79,Treatment,15,3.35
Boston,3,7,79,Treatment,20,3.91
Boston,3,7,79,Treatment,25,3.87
Boston,3,7,79,Treatment,30,3.35
Boston,3,7,79,Treatment,35,3.58
Boston,3,7,79,Treatment,40,3.65
Boston,3,7,79,Treatment,45,3.81
Boston,3,7,79,Treatment,50,3.17
Boston,3,7,79,Treatment,55,3.04
Boston,3,8,80,Treatment,0,2.96
Boston,3,8,80,Treatment,5,3.63
Boston,3,8,80,Treatment,10,3.74
Boston,3,8,80,Treatment,15,3.9
Boston,3,8,80,Treatment,20,3.43
Boston,3,8,80,Treatment,25,3.63
Boston,3,8,80,Treatment,30,3.75
Boston,3,8,80,Treatment,35,3.3
Boston,3,8,80,Treatment,40,3.82
Boston,3,8,80,Treatment,45,3.66
Boston,3,8,80,Treatment,50,3.44
Boston,3,8,80,Treatment,55,3.62
Boston,3,9,81,Treatment,0,3.78
Boston,3,9,81,Treatment,5,3.5
Boston,3,9,81,Treatment,10,3.65
Boston,3,9,81,Treatment,15,3.43
Boston,3,9,81,Treatment,20,3.35
Boston,3,9,81,Treatment,25,3.63
Boston,3,9,81,Treatment,30,3.36
Boston,3,9,81,Treatment,35,3.79
Boston,3,9,81,Treatment,40,3.74
Boston,3,9,81,Treatment,45,3.4
Boston,3,9,81,Treatment,50,3.64
Boston,3,9,81,Treatment,55,3.4
Boston,3,10,82,Treatment,0,3.44
Boston,3,10,82,Treatment,5,3.58
Boston,3,10,82,Treatment,10,3.72
Boston,3,10,82,Treatment,15,3.63
Boston,3,10,82,Treatment,20,3.82
Boston,3,10,82,Treatment,25,3.34
Boston,3,10,82,Treatment,30,3.49
Boston,3,10,82,Treatment,35,4.0
Boston,3,10,82,Treatment,40,3.11
Boston,3,10,82,Treatment,45,3.48
Boston,3,10,82,Treatment,50,3.32
Boston,3,10,82,Treatment,55,3.54
Boston,3,11,83,Control,0,3.74
Boston,3,11,83,Control,5,3.69
Boston,3,11,83,Control,10,3.34
Boston,3,11,83,Control,15,3.55
Boston,3,11,83,Control,20,3.7
Boston,3,11,83,Control,25,3.88
Boston,3,11,83,Control,30,4.31
Boston,3,11,83,Control,35,3.88
Boston,3,11,83,Control,40,3.45
Boston,3,11,83,Control,45,3.68
Boston,3,11,83,Control,50,3.75
Boston,3,11,83,Control,55,3.57
Boston,3,12,84,Control,0,3.13
Boston,3,12,84,Control,5,3.84
Boston,3,12,84,Control,10,3.58
Boston,3,12,84,Control,15,3.67
Boston,3,12,84,Control,20,4.07
Boston,3,12,84,Control,25,3.38
Boston,3,12,84,Control,30,3.77
Boston,3,12,84,Control,35,3.9
Boston,3,12,84,Control,40,3.74
Boston,3,12,84,Control,45,3.3
Boston,3,12,84,Control,50,4.04
Boston,3,12,84,Control,55,3.65
Boston,3,13,85,Control,0,3.62
Boston,3,13,85,Control,5,3.6
Boston,3,13,85,Control,10,3.4
Boston,3,13,85,Control,15,3.74
Boston,3,13,85,Control,20,3.55
Boston,3,13,85,Control,25,3.87
Boston,3,13,85,Control,30,3.83
Boston,3,13,85,Control,35,4.11
Boston,3,13,85,Control,40,3.65
Boston,3,13,85,Control,45,3.5
Boston,3,13,85,Control,50,3.33
Boston,3,13,85,Control,55,4.25
Boston,3,14,86,Treatment,0,3.53
Boston,3,14,86,Treatment,5,4.09
Boston,3,14,86,Treatment,10,3.97
Boston,3,14,86,Treatment,15,3.25
Boston,3,14,86,Treatment,20,3.4
Boston,3,14,86,Treatment,25,3.56
Boston,3,14,86,Treatment,30,3.32
Boston,3,14,86,Treatment,35,3.56
Boston,3,14,86,Treatment,40,3.77
Boston,3,14,86,Treatment,45,3.25
Boston,3,14,86,Treatment,50,3.66
Boston,3,14,86,Treatment,55,3.88
Boston,3,15,87,Control,0,3.57
Boston,3,15,87,Control,5,3.46
Boston,3,15,87,Control,10,3.87
Boston,3,15,87,Control,15,3.41
Boston,3,15,87,Control,20,3.76
Boston,3,15,87,Control,25,3.71
Boston,3,15,87,Control,30,3.98
Boston,3,15,87,Control,35,3.55
Boston,3,15,87,Control,40,3.58
Boston,3,15,87,Control,45,3.39
Boston,3,15,87,Control,50,3.81
Boston,3,15,87,Control,55,3.59
Boston,3,16,88,Control,0,3.51
Boston,3,16,88,Control,5,3.83
Boston,3,16,88,Control,10,3.42
Boston,3,16,88,Control,15,3.45
Boston,3,16,88,Control,20,3.92
Boston,3,16,88,Control,25,3.66
Boston,3,16,88,Control,30,3.94
Boston,3,16,88,Control,35,3.61
Boston,3,16,88,Control,40,3.7
Boston,3,16,88,Control,45,3.74
Boston,3,16,88,Control,50,4.05
Boston,3,16,88,Control,55,4.03
Boston,3,17,89,Treatment,0,3.54
Boston,3,17,89,Treatment,5,3.42
Boston,3,17,89,Treatment,10,3.82
Boston,3,17,89,Treatment,15,3.93
Boston,3,17,89,Treatment,20,3.88
Boston,3,17,89,Treatment,25,3.59
Boston,3,17,89,Treatment,30,3.77
Boston,3,17,89,Treatment,35,3.78
Boston,3,17,89,Treatment,40,3.63
Boston,3,17,89,Treatment,45,3.64
Boston,3,17,89,Treatment,50,3.61
Boston,3,17,89,Treatment,55,3.39
Boston,3,18,90,Control,0,3.41
Boston,3,18,90,Control,5,3.23
Boston,3,18,90,Control,10,3.7
Boston,3,18,90,Control,15,3.69
Boston,3,18,90,Control,20,3.89
Boston,3,18,90,Control,25,4.02
Boston,3,18,90,Control,30,4.03
Boston,3,18,90,Control,35,4.05
Boston,3,18,90,Control,40,3.51
Boston,3,18,90,Control,45,3.34
Boston,3,18,90,Control,50,3.93
Boston,3,18,90,Control,55,4.05
Boston,3,19,91,Control,0,3.82
Boston,3,19,91,Control,5,3.2
Boston,3,19,91,Control,10,3.79
Boston,3,19,91,Control,15,3.84
Boston,3,19,91,Control,20,4.01
Boston,3,19,91,Control,25,4.06
Boston,3,19,91,Control,30,3.93
Boston,3,19,91,Control,35,3.55
Boston,3,19,91,Control,40,3.44
Boston,3,19,91,Control,45,3.83
Boston,3,19,91,Control,50,3.5
Boston,3,19,91,Control,55,4.07
Boston,3,20,92,Treatment,0,3.84
Boston,3,20,92,Treatment,5,3.74
Boston,3,20,92,Treatment,10,3.57
Boston,3,20,92,Treatment,15,3.36
Boston,3,20,92,Treatment,20,3.07
Boston,3,20,92,Treatment,25,3.46
Boston,3,20,92,Treatment,30,3.46
Boston,3,20,92,Treatment,35,3.87
Boston,3,20,92,Treatment,40,3.39
Boston,3,20,92,Treatment,45,3.7
Boston,3,20,92,Treatment,50,3.27
Boston,3,20,92,Treatment,55,3.71
Boston,3,21,93,Treatment,0,4.11
Boston,3,21,93,Treatment,5,3.55
Boston,3,21,93,Treatment,10,2.89
Boston,3,21,93,Treatment,15,3.41
Boston,3,21,93,Treatment,20,3.37
Boston,3,21,93,Treatment,25,3.43
Boston,3,21,93,Treatment,30,3.5
Boston,3,21,93,Treatment,35,3.42
Boston,3,21,93,Treatment,40,3.38
Boston,3,21,93,Treatment,45,3.3
Boston,3,21,93,Treatment,50,3.79
Boston,3,21,93,Treatment,55,3.89
Boston,3,22,94,Treatment,0,3.58
Boston,3,22,94,Treatment,5,3.31
Boston,3,22,94,Treatment,10,3.61
Boston,3,22,94,Treatment,15,3.65
Boston,3,22,94,Treatment,20,3.53
Boston,3,22,94,Treatment,25,3.69
Boston,3,22,94,Treatment,30,3.67
Boston,3,22,94,Treatment,35,3.33
Boston,3,22,94,Treatment,40,3.89
Boston,3,22,94,Treatment,45,3.54
Boston,3,22,94,Treatment,50,4.01
Boston,3,22,94,Treatment,55,3.69
Boston,3,23,95,Control,0,3.88
Boston,3,23,95,Control,5,3.68
Boston,3,23,95,Control,10,3.48
Boston,3,23,95,Control,15,3.52
Boston,3,23,95,Control,20,3.83
Boston,3,23,95,Control,25,3.74
Boston,3,23,95,Control,30,3.55
Boston,3,23,95,Control,35,3.91
Boston,3,23,95,Control,40,3.71
Boston,3,23,95,Control,45,3.91
Boston,3,23,95,Control,50,3.46
Boston,3,23,95,Control,55,3.95
Boston,4,0,96,Treatment,0,4.0
Boston,4,0,96,Treatment,5,3.91
Boston,4,0,96,Treatment,10,3.6
Boston,4,0,96,Treatment,15,3.55
Boston,4,0,96,Treatment,20,4.03
Boston,4,0,96,Treatment,25,3.52
Boston,4,0,96,Treatment,30,3.78
Boston,4,0,96,Treatment,35,3.49
Boston,4,0,96,Treatment,40,3.12
Boston,4,0,96,Treatment,45,3.28
Boston,4,0,96,Treatment,50,3.69
Boston,4,0,96,Treatment,55,3.76
Boston,4,1,97,Treatment,0,3.88
Boston,4,1,97,Treatment,5,3.69
Boston,4,1,97,Treatment,10,3.4
Boston,4,1,97,Treatment,15,3.74
Boston,4,1,97,Treatment,20,3.63
Boston,4,1,97,Treatment,25,3.45
Boston,4,1,97,Treatment,30,3.71
Boston,4,1,97,Treatment,35,3.61
Boston,4,1,97,Treatment,40,3.44
Boston,4,1,97,Treatment,45,3.54
Boston,4,1,97,Treatment,50,3.94
Boston,4,1,97,Treatment,55,3.93
Boston,4,2,98,Treatment,0,3.6
Boston,4,2,98,Treatment,5,3.23
Boston,4,2,98,Treatment,10,4.02
Boston,4,2,98,Treatment,15,3.85
Boston,4,2,98,Treatment,20,3.78
Boston,4,2,98,Treatment,25,3.02
Boston,4,2,98,Treatment,30,3.6
Boston,4,2,98,Treatment,35,3.56
Boston,4,2,98,Treatment,40,3.76
Boston,4,2,98,Treatment,45,3.48
Boston,4,2,98,Treatment,50,3.53
Boston,4,2,98,Treatment,55,3.74
Boston,4,3,99,Control,0,3.45
Boston,4,3,99,Control,5,3.67
Boston,4,3,99,Control,10,4.0
Boston,4,3,99,Control,15,3.9
Boston,4,3,99,Control,20,3.97
Boston,4,3,99,Control,25,3.72
Boston,4,3,99,Control,30,4.07
Boston,4,3,99,Control,35,3.26
Boston,4,3,99,Control,40,4.21
Boston,4,3,99,Control,45,4.24
Boston,4,3,99,Control,50,3.81
Boston,4,3,99,Control,55,3.91
Boston,4,4,100,Control,0,3.65
Boston,4,4,100,Control,5,3.55
Boston,4,4,100,Control,10,3.69
Boston,4,4,100,Control,15,3.84
Boston,4,4,100,Control,20,3.8
Boston,4,4,100,Control,25,4.2
Boston,4,4,100,Control,30,3.73
Boston,4,4,100,Control,35,3.33
Boston,4,4,100,Control,40,4.11
Boston,4,4,100,Control,45,3.39
Boston,4,4,100,Control,50,3.56
Boston,4,4,100,Control,55,3.77
Boston,4,5,101,Control,0,3.34
Boston,4,5,101,Control,5,3.51
Boston,4,5,101,Control,10,3.33
Boston,4,5,101,Control,15,3.86
Boston,4,5,101,Control,20,4.0
Boston,4,5,101,Control,25,3.39
Boston,4,5,101,Control,30,3.95
Boston,4,5,101,Control,35,3.93
Boston,4,5,101,Control,40,3.54
Boston,4,5,101,Control,45,3.2
Boston,4,5,101,Control,50,3.43
Boston,4,5,101,Control,55,3.55
Boston,4,6,102,Control,0,3.67
Boston,4,6,102,Control,5,3.45
Boston,4,6,102,Control,10,3.74
Boston,4,6,102,Control,15,3.38
Boston,4,6,102,Control,20,3.83
Boston,4,6,102,Control,25,3.46
Boston,4,6,102,Control,30,3.49
Boston,4,6,102,Control,35,3.79
Boston,4,6,102,Control,40,4.14
Boston,4,6,102,Control,45,4.25
Boston,4,6,102,Control,50,3.44
Boston,4,6,102,Control,55,3.55
Boston,4,7,103,Control,0,3.99
Boston,4,7,103,Control,5,3.16
Boston,4,7,103,Control,10,3.72
Boston,4,7,103,Control,15,3.58
Boston,4,7,103,Control,20,3.22
Boston,4,7,103,Control,25,3.37
Boston,4,7,103,Control,30,3.56
Boston,4,7,103,Control,35,3.71
Boston,4,7,103,Control,40,3.95
Boston,4,7,103,Control,45,3.79
Boston,4,7,103,Control,50,3.94
Boston,4,7,103,Control,55,3.71
Boston,4,8,104,Treatment,0,3.65
Boston,4,8,104,Treatment,5,3.84
Boston,4,8,104,Treatment,10,3.88
Boston,4,8,104,Treatment,15,3.55
Boston,4,8,104,Treatment,20,3.36
Boston,4,8,104,Treatment,25,3.67
Boston,4,8,104,Treatment,30,3.71
Boston,4,8,104,Treatment,35,3.9
Boston,4,8,104,Treatment,40,3.42
Boston,4,8,104,Treatment,45,3.42
Boston,4,8,104,Treatment,50,3.78
Boston,4,8,104,Treatment,55,3.49
Boston,4,9,105,Treatment,0,3.9
Boston,4,9,105,Treatment,5,3.25
Boston,4,9,105,Treatment,10,4.1
Boston,4,9,105,Treatment,15,3.44
Boston,4,9,105,Treatment,20,3.81
Boston,4,9,105,Treatment,25,3.56
Boston,4,9,105,Treatment,30,3.66
Boston,4,9,105,Treatment,35,3.52
Boston,4,9,105,Treatment,40,3.8
Boston,4,9,105,Treatment,45,3.5
Boston,4,9,105,Treatment,50,3.45
Boston,4,9,105,Treatment,55,4.04
Boston,4,10,106,Control,0,3.42
Boston,4,10,106,Control,5,3.25
Boston,4,10,106,Control,10,4.13
Boston,4,10,106,Control,15,3.56
Boston,4,10,106,Control,20,4.22
Boston,4,10,106,Control,25,3.8
Boston,4,10,106,Control,30,3.74
Boston,4,10,106,Control,35,3.74
Boston,4,10,106,Control,40,4.25
Boston,4,10,106,Control,45,3.15
Boston,4,10,106,Control,50,3.75
Boston,4,10,106,Control,55,3.63
Boston,4,11,107,Treatment,0,3.74
Boston,4,11,107,Treatment,5,3.6
Boston,4,11,107,Treatment,10,3.67
Boston,4,11,107,Treatment,15,3.58
Boston,4,11,107,Treatment,20,3.26
Boston,4,11,107,Treatment,25,3.68
Boston,4,11,107,Treatment,30,3.77
Boston,4,11,107,Treatment,35,3.45
Boston,4,11,107,Treatment,40,4.06
Boston,4,11,107,Treatment,45,3.92
Boston,4,11,107,Treatment,50,3.8
Boston,4,11,107,Treatment,55,3.8
Boston,4,12,108,Control,0,3.87
Boston,4,12,108,Control,5,4.02
Boston,4,12,108,Control,10,3.87
Boston,4,12,108,Control,15,3.56
Boston,4,12,108,Control,20,3.69
Boston,4,12,108,Control,25,3.84
Boston,4,12,108,Control,30,3.91
Boston,4,12,108,Control,35,3.68
Boston,4,12,108,Control,40,3.56
Boston,4,12,108,Control,45,4.1
Boston,4,12,108,Control,50,3.43
Boston,4,12,108,Control,55,3.46
Boston,4,13,109,Treatment,0,3.46
Boston,4,13,109,Treatment,5,3.97
Boston,4,13,109,Treatment,10,3.95
Boston,4,13,109,Treatment,15,3.57
Boston,4,13,109,Treatment,20,3.71
Boston,4,13,109,Treatment,25,3.59
Boston,4,13,109,Treatment,30,3.29
Boston,4,13,109,Treatment,35,4.14
Boston,4,13,109,Treatment,40,3.93
Boston,4,13,109,Treatment,45,3.68
Boston,4,13,109,Treatment,50,3.38
Boston,4,13,109,Treatment,55,3.53
Boston,4,14,110,Control,0,3.61
Boston,4,14,110,Control,5,3.7
Boston,4,14,110,Control,10,3.58
Boston,4,14,110,Control,15,3.34
Boston,4,14,110,Control,20,4.23
Boston,4,14,110,Control,25,3.76
Boston,4,14,110,Control,30,3.81
Boston,4,14,110,Control,35,3.59
Boston,4,14,110,Control,40,3.31
Boston,4,14,110,Control,45,3.68
Boston,4,14,110,Control,50,3.62
Boston,4,14,110,Control,55,3.88
Boston,4,15,111,Treatment,0,3.89
Boston,4,15,111,Treatment,5,3.91
Boston,4,15,111,Treatment,10,4.08
Boston,4,15,111,Treatment,15,3.69
Boston,4,15,111,Treatment,20,3.86
Boston,4,15,111,Treatment,25,3.71
Boston,4,15,111,Treatment,30,3.11
Boston,4,15,111,Treatment,35,3.55
Boston,4,15,111,Treatment,40,3.37
Boston,4,15,111,Treatment,45,3.65
Boston,4,15,111,Treatment,50,3.39
Boston,4,15,111,Treatment,55,3.74
Boston,4,16,112,Control,0,3.89
Boston,4,16,112,Control,5,4.03
Boston,4,16,112,Control,10,3.24
Boston,4,16,112,Control,15,3.4
Boston,4,16,112,Control,20,4.43
Boston,4,16,112,Control,25,3.95
Boston,4,16,112,Control,30,3.76
Boston,4,16,112,Control,35,3.71
Boston,4,16,112,Control,40,3.69
Boston,4,16,112,Control,45,3.22
Boston,4,16,112,Control,50,3.51
Boston,4,16,112,Control,55,3.67
Boston,4,17,113,Control,0,3.55
Boston,4,17,113,Control,5,4.34
Boston,4,17,113,Control,10,3.64
Boston,4,17,113,Control,15,3.77
Boston,4,17,113,Control,20,3.76
Boston,4,17,113,Control,25,3.85
Boston,4,17,113,Control,30,3.58
Boston,4,17,113,Control,35,4.01
Boston,4,17,113,Control,40,3.81
Boston,4,17,113,Control,45,3.38
Boston,4,17,113,Control,50,3.67
Boston,4,17,113,Control,55,3.66
Boston,4,18,114,Control,0,3.83
Boston,4,18,114,Control,5,3.86
Boston,4,18,114,Control,10,3.83
Boston,4,18,114,Control,15,3.78
Boston,4,18,114,Control,20,3.72
Boston,4,18,114,Control,25,3.16
Boston,4,18,114,Control,30,3.89
Boston,4,18,114,Control,35,3.82
Boston,4,18,114,Control,40,3.45
Boston,4,18,114,Control,45,3.77
Boston,4,18,114,Control,50,3.86
Boston,4,18,114,Control,55,3.99
Boston,4,19,115,Treatment,0,3.78
Boston,4,19,115,Treatment,5,3.9
Boston,4,19,115,Treatment,10,3.55
Boston,4,19,115,Treatment,15,3.69
Boston,4,19,115,Treatment,20,3.43
Boston,4,19,115,Treatment,25,3.87
Boston,4,19,115,Treatment,30,3.19
Boston,4,19,115,Treatment,35,3.79
Boston,4,19,115,Treatment,40,3.59
Boston,4,19,115,Treatment,45,3.83
Boston,4,19,115,Treatment,50,3.39
Boston,4,19,115,Treatment,55,3.61
Boston,4,20,116,Treatment,0,3.7
Boston,4,20,116,Treatment,5,3.33
Boston,4,20,116,Treatment,10,3.75
Boston,4,20,116,Treatment,15,3.13
Boston,4,20,116,Treatment,20,3.42
Boston,4,20,116,Treatment,25,3.2
Boston,4,20,116,Treatment,30,3.8
Boston,4,20,116,Treatment,35,3.69
Boston,4,20,116,Treatment,40,3.7
Boston,4,20,116,Treatment,45,3.96
Boston,4,20,116,Treatment,50,3.51
Boston,4,20,116,Treatment,55,3.74
Boston,4,21,117,Control,0,3.57
Boston,4,21,117,Control,5,3.95
Boston,4,21,117,Control,10,4.18
Boston,4,21,117,Control,15,3.59
Boston,4,21,117,Control,20,3.91
Boston,4,21,117,Control,25,3.78
Boston,4,21,117,Control,30,3.78
Boston,4,21,117,Control,35,3.76
Boston,4,21,117,Control,40,3.62
Boston,4,21,117,Control,45,2.8
Boston,4,21,117,Control,50,4.08
Boston,4,21,117,Control,55,3.53
Boston,4,22,118,Treatment,0,3.64
Boston,4,22,118,Treatment,5,3.47
Boston,4,22,118,Treatment,10,3.69
Boston,4,22,118,Treatment,15,3.58
Boston,4,22,118,Treatment,20,3.41
Boston,4,22,118,Treatment,25,3.63
Boston,4,22,118,Treatment,30,3.58
Boston,4,22,118,Treatment,35,3.82
Boston,4,22,118,Treatment,40,3.25
Boston,4,22,118,Treatment,45,3.39
Boston,4,22,118,Treatment,50,3.77
Boston,4,22,118,Treatment,55,3.43
Boston,4,23,119,Treatment,0,3.44
Boston,4,23,119,Treatment,5,3.56
Boston,4,23,119,Treatment,10,3.56
Boston,4,23,119,Treatment,15,3.54
Boston,4,23,119,Treatment,20,3.33
Boston,4,23,119,Treatment,25,3.78
Boston,4,23,119,Treatment,30,3.92
Boston,4,23,119,Treatment,35,3.11
Boston,4,23,119,Treatment,40,3.2
Boston,4,23,119,Treatment,45,3.84
Boston,4,23,119,Treatment,50,3.98
Boston,4,23,119,Treatment,55,3.06
Boston,5,0,120,Treatment,0,4.0
Boston,5,0,120,Treatment,5,3.37
Boston,5,0,120,Treatment,10,3.98
Boston,5,0,120,Treatment,15,3.54
Boston,5,0,120,Treatment,20,3.67
Boston,5,0,120,Treatment,25,3.41
Boston,5,0,120,Treatment,30,3.84
Boston,5,0,120,Treatment,35,3.8
Boston,5,0,120,Treatment,40,4.02
Boston,5,0,120,Treatment,45,3.95
Boston,5,0,120,Treatment,50,3.59
Boston,5,0,120,Treatment,55,4.37
Boston,5,1,121,Treatment,0,3.72
Boston,5,1,121,Treatment,5,3.34
Boston,5,1,121,Treatment,10,3.21
Boston,5,1,121,Treatment,15,3.23
Boston,5,1,121,Treatment,20,3.36
Boston,5,1,121,Treatment,25,3.93
Boston,5,1,121,Treatment,30,3.71
Boston,5,1,121,Treatment,35,3.44
Boston,5,1,121,Treatment,40,3.56
Boston,5,1,121,Treatment,45,3.52
Boston,5,1,121,Treatment,50,3.79
Boston,5,1,121,Treatment,55,3.37
Boston,5,2,122,Treatment,0,3.66
Boston,5,2,122,Treatment,5,3.38
Boston,5,2,122,Treatment,10,3.99
Boston,5,2,122,Treatment,15,3.52
Boston,5,2,122,Treatment,20,3.34
Boston,5,2,122,Treatment,25,3.8
Boston,5,2,122,Treatment,30,3.6
Boston,5,2,122,Treatment,35,3.69
Boston,5,2,122,Treatment,40,3.29
Boston,5,2,122,Treatment,45,3.79
Boston,5,2,122,Treatment,50,4.13
Boston,5,2,122,Treatment,55,3.27
Boston,5,3,123,Control,0,3.39
Boston,5,3,123,Control,5,4.3
Boston,5,3,123,Control,10,3.97
Boston,5,3,123,Control,15,3.77
Boston,5,3,123,Control,20,3.39
Boston,5,3,123,Control,25,3.45
Boston,5,3,123,Control,30,3.89
Boston,5,3,123,Control,35,3.36
Boston,5,3,123,Control,40,3.37
Boston,5,3,123,Control,45,3.7
Boston,5,3,123,Control,50,3.73
Boston,5,3,123,Control,55,3.8
Boston,5,4,124,Control,0,3.93
Boston,5,4,124,Control,5,3.48
Boston,5,4,124,Control,10,3.86
Boston,5,4,124,Control,15,3.75
Boston,5,4,124,Control,20,3.85
Boston,5,4,124,Control,25,4.0
Boston,5,4,124,Control,30,3.59
Boston,5,4,124,Control,35,3.53
Boston,5,4,124,Control,40,3.28
Boston,5,4,124,Control,45,3.2
Boston,5,4,124,Control,50,3.66
Boston,5,4,124,Control,55,3.67
Boston,5,5,125,Control,0,3.48
Boston,5,5,125,Control,5,4.08
Boston,5,5,125,Control,10,3.92
Boston,5,5,125,Control,15,3.38
Boston,5,5,125,Control,20,3.59
Boston,5,5,125,Control,25,3.8
Boston,5,5,125,Control,30,3.54
Boston,5,5,125,Control,35,3.5
Boston,5,5,125,Control,40,3.62
Boston,5,5,125,Control,45,3.97
Boston,5,5,125,Control,50,4.0
Boston,5,5,125,Control,55,3.52
Boston,5,6,126,Treatment,0,3.7
Boston,5,6,126,Treatment,5,3.41
Boston,5,6,126,Treatment,10,3.55
Boston,5,6,126,Treatment,15,3.27
Boston,5,6,126,Treatment,20,3.88
Boston,5,6,126,Treatment,25,3.98
Boston,5,6,126,Treatment,30,3.49
Boston,5,6,126,Treatment,35,3.43
Boston,5,6,126,Treatment,40,3.85
Boston,5,6,126,Treatment,45,3.89
Boston,5,6,126,Treatment,50,3.31
Boston,5,6,126,Treatment,55,3.55
Boston,5,7,127,Control,0,3.4
Boston,5,7,127,Control,5,3.72
Boston,5,7,127,Control,10,3.49
Boston,5,7,127,Control,15,3.56
Boston,5,7,127,Control,20,3.67
Boston,5,7,127,Control,25,3.33
Boston,5,7,127,Control,30,3.19
Boston,5,7,127,Control,35,3.93
Boston,5,7,127,Control,40,3.51
Boston,5,7,127,Control,45,4.23
Boston,5,7,127,Control,50,4.19
Boston,5,7,127,Control,55,3.57
Boston,5,8,128,Control,0,3.93
Boston,5,8,128,Control,5,3.54
Boston,5,8,128,Control,10,3.05
Boston,5,8,128,Control,15,3.87
Boston,5,8,128,Control,20,3.71
Boston,5,8,128,Control,25,3.81
Boston,5,8,128,Control,30,3.64
Boston,5,8,128,Control,35,3.41
Boston,5,8,128,Control,40,3.59
Boston,5,8,128,Control,45,3.88
Boston,5,8,128,Control,50,3.61
Boston,5,8,128,Control,55,3.61
Boston,5,9,129,Control,0,3.72
Boston,5,9,129,Control,5,3.42
Boston,5,9,129,Control,10,3.93
Boston,5,9,129,Control,15,3.52
Boston,5,9,129,Control,20,3.63
Boston,5,9,129,Control,25,4.24
Boston,5,9,129,Control,30,3.62
Boston,5,9,129,Control,35,3.59
Boston,5,9,129,Control,40,3.85
Boston,5,9,129,Control,45,3.25
Boston,5,9,129,Control,50,4.01
Boston,5,9,129,Control,55,3.95
Boston,5,10,130,Control,0,2.86
Boston,5,10,130,Control,5,3.64
Boston,5,10,130,Control,10,3.38
Boston,5,10,130,Control,15,3.98
Boston,5,10,130,Control,20,3.96
Boston,5,10,130,Control,25,3.8
Boston,5,10,130,Control,30,3.4
Boston,5,10,130,Control,35,4.07
Boston,5,10,130,Control,40,3.63
Boston,5,10,130,Control,45,4.15
Boston,5,10,130,Control,50,3.77
Boston,5,10,130,Control,55,3.83
Boston,5,11,131,Control,0,4.05
Boston,5,11,131,Control,5,3.85
Boston,5,11,131,Control,10,4.06
Boston,5,11,131,Control,15,3.74
Boston,5,11,131,Control,20,3.69
Boston,5,11,131,Control,25,3.85
Boston,5,11,131,Control,30,4.06
Boston,5,11,131,Control,35,3.95
Boston,5,11,131,Control,40,3.73
Boston,5,11,131,Control,45,3.24
Boston,5,11,131,Control,50,3.9
Boston,5,11,131,Control,55,3.34
Boston,5,12,132,Treatment,0,3.67
Boston,5,12,132,Treatment,5,3.31
Boston,5,12,132,Treatment,10,3.72
Boston,5,12,132,Treatment,15,4.13
Boston,5,12,132,Treatment,20,3.51
Boston,5,12,132,Treatment,25,3.78
Boston,5,12,132,Treatment,30,4.18
Boston,5,12,132,Treatment,35,3.8
Boston,5,12,132,Treatment,40,3.43
Boston,5,12,132,Treatment,45,3.65
Boston,5,12,132,Treatment,50,3.71
Boston,5,12,132,Treatment,55,3.95
Boston,5,13,133,Control,0,2.9
Boston,5,13,133,Control,5,3.41
Boston,5,13,133,Control,10,3.65
Boston,5,13,133,Control,15,3.45
Boston,5,13,133,Control,20,2.77
Boston,5,13,133,Control,25,3.52
Boston,5,13,133,Control,30,3.7
Boston,5,13,133,Control,35,3.57
Boston,5,13,133,Control,40,3.45
Boston,5,13,133,Control,45,3.71
Boston,5,13,133,Control,50,3.79
Boston,5,13,133,Control,55,3.58
Boston,5,14,134,Control,0,3.71
Boston,5,14,134,Control,5,3.48
Boston,5,14,134,Control,10,3.42
Boston,5,14,134,Control,15,3.65
Boston,5,14,134,Control,20,3.98
Boston,5,14,134,Control,25,3.49
Boston,5,14,134,Control,30,3.85
Boston,5,14,134,Control,35,3.72
Boston,5,14,134,Control,40,4.2
Boston,5,14,134,Control,45,3.8
Boston,5,14,134,Control,50,3.53
Boston,5,14,134,Control,55,3.88
Boston,5,15,135,Control,0,3.6
Boston,5,15,135,Control,5,3.41
Boston,5,15,135,Control,10,3.83
Boston,5,15,135,Control,15,3.72
Boston,5,15,135,Control,20,3.32
Boston,5,15,135,Control,25,3.76
Boston,5,15,135,Control,30,3.54
Boston,5,15,135,Control,35,3.32
Boston,5,15,135,Control,40,3.61
Boston,5,15,135,Control,45,4.02
Boston,5,15,135,Control,50,4.0
Boston,5,15,135,Control,55,3.94
Boston,5,16,136,Treatment,0,3.85
Boston,5,16,136,Treatment,5,3.69
Boston,5,16,136,Treatment,10,3.35
Boston,5,16,136,Treatment,15,3.36
Boston,5,16,136,Treatment,20,3.44
Boston,5,16,136,Treatment,25,3.94
Boston,5,16,136,Treatment,30,3.86
Boston,5,16,136,Treatment,35,3.32
Boston,5,16,136,Treatment,40,3.6
Boston,5,16,136,Treatment,45,3.49
Boston,5,16,136,Treatment,50,3.55
Boston,5,16,136,Treatment,55,3.45
Boston,5,17,137,Control,0,3.58
Boston,5,17,137,Control,5,3.68
Boston,5,17,137,Control,10,3.72
Boston,5,17,137,Control,15,3.44
Boston,5,17,137,Control,20,3.73
Boston,5,17,137,Control,25,3.97
Boston,5,17,137,Control,30,4.07
Boston,5,17,137,Control,35,3.41
Boston,5,17,137,Control,40,3.32
Boston,5,17,137,Control,45,3.72
Boston,5,17,137,Control,50,3.98
Boston,5,17,137,Control,55,3.79
Boston,5,18,138,Control,0,3.9
Boston,5,18,138,Control,5,3.87
Boston,5,18,138,Control,10,3.36
Boston,5,18,138,Control,15,3.56
Boston,5,18,138,Control,20,3.15
Boston,5,18,138,Control,25,3.66
Boston,5,18,138,Control,30,3.16
Boston,5,18,138,Control,35,4.03
Boston,5,18,138,Control,40,4.09
Boston,5,18,138,Control,45,3.74
Boston,5,18,138,Control,50,3.32
Boston,5,18,138,Control,55,3.79
Boston,5,19,139,Control,0,3.82
Boston,5,19,139,Control,5,4.0
Boston,5,19,139,Control,10,3.58
Boston,5,19,139,Control,15,3.48
Boston,5,19,139,Control,20,3.68
Boston,5,19,139,Control,25,3.22
Boston,5,19,139,Control,30,4.27
Boston,5,19,139,Control,35,3.73
Boston,5,19,139,Control,40,3.92
Boston,5,19,139,Control,45,3.58
Boston,5,19,139,Control,50,3.31
Boston,5,19,139,Control,55,4.06
Boston,5,20,140,Treatment,0,3.79
Boston,5,20,140,Treatment,5,3.77
Boston,5,20,140,Treatment,10,3.64
Boston,5,20,140,Treatment,15,3.39
Boston,5,20,140,Treatment,20,3.55
Boston,5,20,140,Treatment,25,3.35
Boston,5,20,140,Treatment,30,3.79
Boston,5,20,140,Treatment,35,3.73
Boston,5,20,140,Treatment,40,3.58
Boston,5,20,140,Treatment,45,3.45
Boston,5,20,140,Treatment,50,4.12
Boston,5,20,140,Treatment,55,3.26
Boston,5,21,141,Treatment,0,3.57
Boston,5,21,141,Treatment,5,3.52
Boston,5,21,141,Treatment,10,3.86
Boston,5,21,141,Treatment,15,3.75
Boston,5,21,141,Treatment,20,3.6
Boston,5,21,141,Treatment,25,3.71
Boston,5,21,141,Treatment,30,3.71
Boston,5,21,141,Treatment,35,4.11
Boston,5,21,141,Treatment,40,3.65
Boston,5,21,141,Treatment,45,3.42
Boston,5,21,141,Treatment,50,3.64
Boston,5,21,141,Treatment,55,2.93
Boston,5,22,142,Treatment,0,3.86
Boston,5,22,142,Treatment,5,3.74
Boston,5,22,142,Treatment,10,3.66
Boston,5,22,142,Treatment,15,3.75
Boston,5,22,142,Treatment,20,3.86
Boston,5,22,142,Treatment,25,3.95
Boston,5,22,142,Treatment,30,3.7
Boston,5,22,142,Treatment,35,3.51
Boston,5,22,142,Treatment,40,3.01
Boston,5,22,142,Treatment,45,3.83
Boston,5,22,142,Treatment,50,3.72
Boston,5,22,142,Treatment,55,3.63
Boston,5,23,143,Treatment,0,3.83
Boston,5,23,143,Treatment,5,3.52
Boston,5,23,143,Treatment,10,3.58
Boston,5,23,143,Treatment,15,3.58
Boston,5,23,143,Treatment,20,3.7
Boston,5,23,143,Treatment,25,3.3
Boston,5,23,143,Treatment,30,3.73
Boston,5,23,143,Treatment,35,3.41
Boston,5,23,143,Treatment,40,3.42
Boston,5,23,143,Treatment,45,3.81
Boston,5,23,143,Treatment,50,3.34
Boston,5,23,143,Treatment,55,3.81
Boston,6,0,144,Treatment,0,3.18
Boston,6,0,144,Treatment,5,3.93
Boston,6,0,144,Treatment,10,3.67
Boston,6,0,144,Treatment,15,3.69
Boston,6,0,144,Treatment,20,3.84
Boston,6,0,144,Treatment,25,3.96
Boston,6,0,144,Treatment,30,3.64
Boston,6,0,144,Treatment,35,3.74
Boston,6,0,144,Treatment,40,3.68
Boston,6,0,144,Treatment,45,3.5
Boston,6,0,144,Treatment,50,3.19
Boston,6,0,144,Treatment,55,3.64
Boston,6,1,145,Control,0,3.73
Boston,6,1,145,Control,5,3.36
Boston,6,1,145,Control,10,3.94
Boston,6,1,145,Control,15,3.62
Boston,6,1,145,Control,20,3.18
Boston,6,1,145,Control,25,3.95
Boston,6,1,145,Control,30,3.46
Boston,6,1,145,Control,35,4.15
Boston,6,1,145,Control,40,3.99
Boston,6,1,145,Control,45,3.64
Boston,6,1,145,Control,50,3.81
Boston,6,1,145,Control,55,4.31
Boston,6,2,146,Treatment,0,3.76
Boston,6,2,146,Treatment,5,4.39
Boston,6,2,146,Treatment,10,3.66
Boston,6,2,146,Treatment,15,3.73
Boston,6,2,146,Treatment,20,3.35
Boston,6,2,146,Treatment,25,3.17
Boston,6,2,146,Treatment,30,3.52
Boston,6,2,146,Treatment,35,3.6
Boston,6,2,146,Treatment,40,3.67
Boston,6,2,146,Treatment,45,3.23
Boston,6,2,146,Treatment,50,3.75
Boston,6,2,146,Treatment,55,3.38
Boston,6,3,147,Treatment,0,3.82
Boston,6,3,147,Treatment,5,3.49
Boston,6,3,147,Treatment,10,3.35
Boston,6,3,147,Treatment,15,3.97
Boston,6,3,147,Treatment,20,3.81
Boston,6,3,147,Treatment,25,3.63
Boston,6,3,147,Treatment,30,3.96
Boston,6,3,147,Treatment,35,3.61
Boston,6,3,147,Treatment,40,3.43
Boston,6,3,147,Treatment,45,3.34
Boston,6,3,147,Treatment,50,3.56
Boston,6,3,147,Treatment,55,3.78
Boston,6,4,148,Treatment,0,3.59
Boston,6,4,148,Treatment,5,3.89
Boston,6,4,148,Treatment,10,3.54
Boston,6,4,148,Treatment,15,3.39
Boston,6,4,148,Treatment,20,3.26
Boston,6,4,148,Treatment,25,3.46
Boston,6,4,148,Treatment,30,3.27
Boston,6,4,148,Treatment,35,4.09
Boston,6,4,148,Treatment,40,3.7
Boston,6,4,148,Treatment,45,3.57
Boston,6,4,148,Treatment,50,4.02
Boston,6,4,148,Treatment,55,3.26
Boston,6,5,149,Control,0,4.09
Boston,6,5,149,Control,5,3.59
Boston,6,5,149,Control,10,4.27
Boston,6,5,149,Control,15,3.9
Boston,6,5,149,Control,20,4.03
Boston,6,5,149,Control,25,4.03
Boston,6,5,149,Control,30,3.7
Boston,6,5,149,Control,35,3.58
Boston,6,5,149,Control,40,3.67
Boston,6,5,149,Control,45,3.45
Boston,6,5,149,Control,50,3.68
Boston,6,5,149,Control,55,3.7
Boston,6,6,150,Control,0,3.85
Boston,6,6,150,Control,5,4.29
Boston,6,6,150,Control,10,3.16
Boston,6,6,150,Control,15,3.4
Boston,6,6,150,Control,20,3.61
Boston,6,6,150,Control,25,4.07
Boston,6,6,150,Control,30,3.67
Boston,6,6,150,Control,35,3.33
Boston,6,6,150,Control,40,3.64
Boston,6,6,150,Control,45,3.4
Boston,6,6,150,Control,50,3.35
Boston,6,6,150,Control,55,4.2
Boston,6,7,151,Control,0,3.74
Boston,6,7,151,Control,5,3.68
Boston,6,7,151,Control,10,3.64
Boston,6,7,151,Control,15,3.49
Boston,6,7,151,Control,20,3.62
Boston,6,7,151,Control,25,3.78
Boston,6,7,151,Control,30,4.05
Boston,6,7,151,Control,35,3.94
Boston,6,7,151,Control,40,3.4
Boston,6,7,151,Control,45,3.95
Boston,6,7,151,Control,50,3.82
Boston,6,7,151,Control,55,3.54
Boston,6,8,152,Treatment,0,3.84
Boston,6,8,152,Treatment,5,3.67
Boston,6,8,152,Treatment,10,3.75
Boston,6,8,152,Treatment,15,3.37
Boston,6,8,152,Treatment,20,4.09
Boston,6,8,152,Treatment,25,3.11
Boston,6,8,152,Treatment,30,3.73
Boston,6,8,152,Treatment,35,3.68
Boston,6,8,152,Treatment,40,3.75
Boston,6,8,152,Treatment,45,3.41
Boston,6,8,152,Treatment,50,3.88
Boston,6,8,152,Treatment,55,3.56
Boston,6,9,153,Control,0,3.32
Boston,6,9,153,Control,5,3.66
Boston,6,9,153,Control,10,3.26
Boston,6,9,153,Control,15,4.15
Boston,6,9,153,Control,20,3.96
Boston,6,9,153,Control,25,4.16
Boston,6,9,153,Control,30,4.13
Boston,6,9,153,Control,35,3.61
Boston,6,9,153,Control,40,3.48
Boston,6,9,153,Control,45,3.03
Boston,6,9,153,Control,50,3.6
Boston,6,9,153,Control,55,4.14
Boston,6,10,154,Control,0,3.65
Boston,6,10,154,Control,5,3.56
Boston,6,10,154,Control,10,3.79
Boston,6,10,154,Control,15,4.02
Boston,6,10,154,Control,20,3.32
Boston,6,10,154,Control,25,3.36
Boston,6,10,154,Control,30,4.07
Boston,6,10,154,Control,35,3.88
Boston,6,10,154,Control,40,3.64
Boston,6,10,154,Control,45,4.13
Boston,6,10,154,Control,50,3.36
Boston,6,10,154,Control,55,3.93
Boston,6,11,155,Control,0,3.85
Boston,6,11,155,Control,5,3.1
Boston,6,11,155,Control,10,3.63
Boston,6,11,155,Control,15,3.88
Boston,6,11,155,Control,20,3.68
Boston,6,11,155,Control,25,4.01
Boston,6,11,155,Control,30,4.01
Boston,6,11,155,Control,35,3.46
Boston,6,11,155,Control,40,3.91
Boston,6,11,155,Control,45,3.45
Boston,6,11,155,Control,50,3.71
Boston,6,11,155,Control,55,3.86
Boston,6,12,156,Control,0,3.9
Boston,6,12,156,Control,5,3.57
Boston,6,12,156,Control,10,3.55
Boston,6,12,156,Control,15,3.88
Boston,6,12,156,Control,20,3.49
Boston,6,12,156,Control,25,3.48
Boston,6,12,156,Control,30,3.96
Boston,6,12,156,Control,35,3.73
Boston,6,12,156,Control,40,3.34
Boston,6,12,156,Control,45,3.91
Boston,6,12,156,Control,50,3.6
Boston,6,12,156,Control,55,3.35
Boston,6,13,157,Control,0,3.93
Boston,6,13,157,Control,5,3.49
Boston,6,13,157,Control,10,3.39
Boston,6,13,157,Control,15,3.86
Boston,6,13,157,Control,20,3.9
Boston,6,13,157,Control,25,3.5
Boston,6,13,157,Control,30,3.93
Boston,6,13,157,Control,35,4.21
Boston,6,13,157,Control,40,4.04
Boston,6,13,157,Control,45,4.0
Boston,6,13,157,Control,50,3.78
Boston,6,13,157,Control,55,3.59
Boston,6,14,158,Treatment,0,3.81
Boston,6,14,158,Treatment,5,3.35
Boston,6,14,158,Treatment,10,3.43
Boston,6,14,158,Treatment,15,3.23
Boston,6,14,158,Treatment,20,3.65
Boston,6,14,158,Treatment,25,3.61
Boston,6,14,158,Treatment,30,3.43
Boston,6,14,158,Treatment,35,3.79
Boston,6,14,158,Treatment,40,3.33
Boston,6,14,158,Treatment,45,3.42
Boston,6,14,158,Treatment,50,3.78
Boston,6,14,158,Treatment,55,3.82
Boston,6,15,159,Treatment,0,3.65
Boston,6,15,159,Treatment,5,3.39
Boston,6,15,159,Treatment,10,3.54
Boston,6,15,159,Treatment,15,3.62
Boston,6,15,159,Treatment,20,3.73
Boston,6,15,159,Treatment,25,3.67
Boston,6,15,159,Treatment,30,3.66
Boston,6,15,159,Treatment,35,3.32
Boston,6,15,159,Treatment,40,3.69
Boston,6,15,159,Treatment,45,3.73
Boston,6,15,159,Treatment,50,3.76
Boston,6,15,159,Treatment,55,3.41
Boston,6,16,160,Treatment,0,3.26
Boston,6,16,160,Treatment,5,3.48
Boston,6,16,160,Treatment,10,3.52
Boston,6,16,160,Treatment,15,3.27
Boston,6,16,160,Treatment,20,3.52
Boston,6,16,160,Treatment,25,3.64
Boston,6,16,160,Treatment,30,3.13
Boston,6,16,160,Treatment,35,3.49
Boston,6,16,160,Treatment,40,3.15
Boston,6,16,160,Treatment,45,4.1
Boston,6,16,160,Treatment,50,3.64
Boston,6,16,160,Treatment,55,3.62
Boston,6,17,161,Control,0,3.74
Boston,6,17,161,Control,5,3.87
Boston,6,17,161,Control,10,3.27
Boston,6,17,161,Control,15,4.03
Boston,6,17,161,Control,20,4.01
Boston,6,17,161,Control,25,3.68
Boston,6,17,161,Control,30,3.67
Boston,6,17,161,Control,35,2.92
Boston,6,17,161,Control,40,3.39
Boston,6,17,161,Control,45,3.83
Boston,6,17,161,Control,50,4.0
Boston,6,17,161,Control,55,3.88
Boston,6,18,162,Control,0,4.18
Boston,6,18,162,Control,5,3.95
Boston,6,18,162,Control,10,3.6
Boston,6,18,162,Control,15,4.25
Boston,6,18,162,Control,20,3.43
Boston,6,18,162,Control,25,3.33
Boston,6,18,162,Control,30,3.59
Boston,6,18,162,Control,35,3.51
Boston,6,18,162,Control,40,3.61
Boston,6,18,162,Control,45,3.9
Boston,6,18,162,Control,50,3.69
Boston,6,18,162,Control,55,3.7
Boston,6,19,163,Treatment,0,3.12
Boston,6,19,163,Treatment,5,3.28
Boston,6,19,163,Treatment,10,3.53
Boston,6,19,163,Treatment,15,3.38
Boston,6,19,163,Treatment,20,3.53
Boston,6,19,163,Treatment,25,3.94
Boston,6,19,163,Treatment,30,3.57
Boston,6,19,163,Treatment,35,3.26
Boston,6,19,163,Treatment,40,3.39
Boston,6,19,163,Treatment,45,4.02
Boston,6,19,163,Treatment,50,3.97
Boston,6,19,163,Treatment,55,3.74
Boston,6,20,164,Control,0,3.67
Boston,6,20,164,Control,5,3.72
Boston,6,20,164,Control,10,3.67
Boston,6,20,164,Control,15,3.56
Boston,6,20,164,Control,20,3.61
Boston,6,20,164,Control,25,3.54
Boston,6,20,164,Control,30,3.41
Boston,6,20,164,Control,35,4.04
Boston,6,20,164,Control,40,3.92
Boston,6,20,164,Control,45,3.63
Boston,6,20,164,Control,50,3.79
Boston,6,20,164,Control,55,3.8
Boston,6,21,165,Control,0,3.92
Boston,6,21,165,Control,5,3.91
Boston,6,21,165,Control,10,3.71
Boston,6,21,165,Control,15,3.59
Boston,6,21,165,Control,20,4.05
Boston,6,21,165,Control,25,3.86
Boston,6,21,165,Control,30,3.49
Boston,6,21,165,Control,35,3.81
Boston,6,21,165,Control,40,3.91
Boston,6,21,165,Control,45,3.18
Boston,6,21,165,Control,50,3.47
Boston,6,21,165,Control,55,3.79
Boston,6,22,166,Control,0,3.26
Boston,6,22,166,Control,5,3.63
Boston,6,22,166,Control,10,3.82
Boston,6,22,166,Control,15,3.83
Boston,6,22,166,Control,20,4.1
Boston,6,22,166,Control,25,3.72
Boston,6,22,166,Control,30,3.61
Boston,6,22,166,Control,35,3.37
Boston,6,22,166,Control,40,3.6
Boston,6,22,166,Control,45,3.88
Boston,6,22,166,Control,50,3.89
Boston,6,22,166,Control,55,3.77
Boston,6,23,167,Treatment,0,4.02
Boston,6,23,167,Treatment,5,3.68
Boston,6,23,167,Treatment,10,3.97
Boston,6,23,167,Treatment,15,3.41
Boston,6,23,167,Treatment,20,3.57
Boston,6,23,167,Treatment,25,3.47
Boston,6,23,167,Treatment,30,3.79
Boston,6,23,167,Treatment,35,3.34
Boston,6,23,167,Treatment,40,3.51
Boston,6,23,167,Treatment,45,3.12
Boston,6,23,167,Treatment,50,3.74
Boston,6,23,167,Treatment,55,3.9
Boston,7,0,168,Control,0,3.79
Boston,7,0,168,Control,5,3.84
Boston,7,0,168,Control,10,3.84
Boston,7,0,168,Control,15,3.85
Boston,7,0,168,Control,20,3.87
Boston,7,0,168,Control,25,3.54
Boston,7,0,168,Control,30,3.65
Boston,7,0,168,Control,35,3.72
Boston,7,0,168,Control,40,3.62
Boston,7,0,168,Control,45,3.31
Boston,7,0,168,Control,50,3.39
Boston,7,0,168,Control,55,3.76
Boston,7,1,169,Control,0,3.7
Boston,7,1,169,Control,5,4.39
Boston,7,1,169,Control,10,3.47
Boston,7,1,169,Control,15,3.81
Boston,7,1,169,Control,20,4.02
Boston,7,1,169,Control,25,3.97
Boston,7,1,169,Control,30,3.86
Boston,7,1,169,Control,35,3.97
Boston,7,1,169,Control,40,3.71
Boston,7,1,169,Control,45,4.12
Boston,7,1,169,Control,50,4.02
Boston,7,1,169,Control,55,3.49
Boston,7,2,170,Treatment,0,3.31
Boston,7,2,170,Treatment,5,4.04
Boston,7,2,170,Treatment,10,3.68
Boston,7,2,170,Treatment,15,3.93
Boston,7,2,170,Treatment,20,3.56
Boston,7,2,170,Treatment,25,3.12
Boston,7,2,170,Treatment,30,4.25
Boston,7,2,170,Treatment,35,3.62
Boston,7,2,170,Treatment,40,3.34
Boston,7,2,170,Treatment,45,3.88
Boston,7,2,170,Treatment,50,4.1
Boston,7,2,170,Treatment,55,3.54
Boston,7,3,171,Treatment,0,3.65
Boston,7,3,171,Treatment,5,3.31
Boston,7,3,171,Treatment,10,3.42
Boston,7,3,171,Treatment,15,4.03
Boston,7,3,171,Treatment,20,3.56
Boston,7,3,171,Treatment,25,3.38
Boston,7,3,171,Treatment,30,3.48
Boston,7,3,171,Treatment,35,3.86
Boston,7,3,171,Treatment,40,3.1
Boston,7,3,171,Treatment,45,3.65
Boston,7,3,171,Treatment,50,4.2
Boston,7,3,171,Treatment,55,4.1
Boston,7,4,172,Control,0,3.92
Boston,7,4,172,Control,5,3.95
Boston,7,4,172,Control,10,3.63
Boston,7,4,172,Control,15,3.93
Boston,7,4,172,Control,20,4.15
Boston,7,4,172,Control,25,3.38
Boston,7,4,172,Control,30,3.84
Boston,7,4,172,Control,35,3.79
Boston,7,4,172,Control,40,3.73
Boston,7,4,172,Control,45,3.7
Boston,7,4,172,Control,50,3.76
Boston,7,4,172,Control,55,3.78
Boston,7,5,173,Treatment,0,3.82
Boston,7,5,173,Treatment,5,3.62
Boston,7,5,173,Treatment,10,3.42
Boston,7,5,173,Treatment,15,3.47
Boston,7,5,173,Treatment,20,3.65
Boston,7,5,173,Treatment,25,3.41
Boston,7,5,173,Treatment,30,3.83
Boston,7,5,173,Treatment,35,3.7
Boston,7,5,173,Treatment,40,3.87
Boston,7,5,173,Treatment,45,3.43
Boston,7,5,173,Treatment,50,3.38
Boston,7,5,173,Treatment,55,3.87
Boston,7,6,174,Treatment,0,3.54
Boston,7,6,174,Treatment,5,3.76
Boston,7,6,174,Treatment,10,3.75
Boston,7,6,174,Treatment,15,3.28
Boston,7,6,174,Treatment,20,3.94
Boston,7,6,174,Treatment,25,3.49
Boston,7,6,174,Treatment,30,4.01
Boston,7,6,174,Treatment,35,3.26
Boston,7,6,174,Treatment,40,3.67
Boston,7,6,174,Treatment,45,3.54
Boston,7,6,174,Treatment,50,3.1
Boston,7,6,174,Treatment,55,3.75
Boston,7,7,175,Control,0,3.52
Boston,7,7,175,Control,5,3.9
Boston,7,7,175,Control,10,3.53
Boston,7,7,175,Control,15,3.47
Boston,7,7,175,Control,20,3.9
Boston,7,7,175,Control,25,3.64
Boston,7,7,175,Control,30,3.6
Boston,7,7,175,Control,35,4.02
Boston,7,7,175,Control,40,3.41
Boston,7,7,175,Control,45,3.59
Boston,7,7,175,Control,50,3.92
Boston,7,7,175,Control,55,3.39
Boston,7,8,176,Treatment,0,3.65
Boston,7,8,176,Treatment,5,3.88
Boston,7,8,176,Treatment,10,3.84
Boston,7,8,176,Treatment,15,3.55
Boston,7,8,176,Treatment,20,3.47
Boston,7,8,176,Treatment,25,3.58
Boston,7,8,176,Treatment,30,3.77
Boston,7,8,176,Treatment,35,3.34
Boston,7,8,176,Treatment,40,3.29
Boston,7,8,176,Treatment,45,3.96
Boston,7,8,176,Treatment,50,3.41
Boston,7,8,176,Treatment,55,3.68
Boston,7,9,177,Control,0,3.55
Boston,7,9,177,Control,5,3.98
Boston,7,9,177,Control,10,3.64
Boston,7,9,177,Control,15,3.61
Boston,7,9,177,Control,20,3.63
Boston,7,9,177,Control,25,3.57
Boston,7,9,177,Control,30,3.53
Boston,7,9,177,Control,35,3.58
Boston,7,9,177,Control,40,4.12
Boston,7,9,177,Control,45,3.88
Boston,7,9,177,Control,50,3.61
Boston,7,9,177,Control,55,3.95
Boston,7,10,178,Treatment,0,4.04
Boston,7,10,178,Treatment,5,3.99
Boston,7,10,178,Treatment,10,4.19
Boston,7,10,178,Treatment,15,3.84
Boston,7,10,178,Treatment,20,3.7
Boston,7,10,178,Treatment,25,3.91
Boston,7,10,178,Treatment,30,3.43
Boston,7,10,178,Treatment,35,3.49
Boston,7,10,178,Treatment,40,3.57
Boston,7,10,178,Treatment,45,3.93
Boston,7,10,178,Treatment,50,3.38
Boston,7,10,178,Treatment,55,3.35
Boston,7,11,179,Control,0,3.77
Boston,7,11,179,Control,5,3.45
Boston,7,11,179,Control,10,3.83
Boston,7,11,179,Control,15,4.04
Boston,7,11,179,Control,20,4.0
Boston,7,11,179,Control,25,3.79
Boston,7,11,179,Control,30,3.68
Boston,7,11,179,Control,35,4.13
Boston,7,11,179,Control,40,3.7
Boston,7,11,179,Control,45,3.94
Boston,7,11,179,Control,50,4.19
Boston,7,11,179,Control,55,3.91
Boston,7,12,180,Control,0,3.39
Boston,7,12,180,Control,5,3.63
Boston,7,12,180,Control,10,3.88
Boston,7,12,180,Control,15,3.81
Boston,7,12,180,Control,20,4.25
Boston,7,12,180,Control,25,3.81
Boston,7,12,180,Control,30,3.62
Boston,7,12,180,Control,35,3.42
Boston,7,12,180,Control,40,4.0
Boston,7,12,180,Control,45,3.7
Boston,7,12,180,Control,50,3.32
Boston,7,12,180,Control,55,3.71
Boston,7,13,181,Treatment,0,3.59
Boston,7,13,181,Treatment,5,3.66
Boston,7,13,181,Treatment,10,3.4
Boston,7,13,181,Treatment,15,3.47
Boston,7,13,181,Treatment,20,3.4
Boston,7,13,181,Treatment,25,3.41
Boston,7,13,181,Treatment,30,3.34
Boston,7,13,181,Treatment,35,3.47
Boston,7,13,181,Treatment,40,3.37
Boston,7,13,181,Treatment,45,3.74
Boston,7,13,181,Treatment,50,3.64
Boston,7,13,181,Treatment,55,3.89
Boston,7,14,182,Control,0,3.76
Boston,7,14,182,Control,5,3.74
Boston,7,14,182,Control,10,3.85
Boston,7,14,182,Control,15,3.82
Boston,7,14,182,Control,20,3.71
Boston,7,14,182,Control,25,3.69
Boston,7,14,182,Control,30,3.44
Boston,7,14,182,Control,35,3.91
Boston,7,14,182,Control,40,3.69
Boston,7,14,182,Control,45,4.06
Boston,7,14,182,Control,50,3.93
Boston,7,14,182,Control,55,3.54
Boston,7,15,183,Control,0,3.06
Boston,7,15,183,Control,5,4.18
Boston,7,15,183,Control,10,3.37
Boston,7,15,183,Control,15,3.82
Boston,7,15,183,Control,20,3.81
Boston,7,15,183,Control,25,3.98
Boston,7,15,183,Control,30,3.62
Boston,7,15,183,Control,35,3.16
Boston,7,15,183,Control,40,3.62
Boston,7,15,183,Control,45,3.65
Boston,7,15,183,Control,50,3.19
Boston,7,15,183,Control,55,3.71
Boston,7,16,184,Control,0,3.86
Boston,7,16,184,Control,5,3.64
Boston,7,16,184,Control,10,4.19
Boston,7,16,184,Control,15,3.64
Boston,7,16,184,Control,20,3.81
Boston,7,16,184,Control,25,3.65
Boston,7,16,184,Control,30,3.29
Boston,7,16,184,Control,35,3.65
Boston,7,16,184,Control,40,3.89
Boston,7,16,184,Control,45,3.85
Boston,7,16,184,Control,50,3.63
Boston,7,16,184,Control,55,3.34
Boston,7,17,185,Control,0,3.8
Boston,7,17,185,Control,5,3.91
Boston,7,17,185,Control,10,3.63
Boston,7,17,185,Control,15,3.28
Boston,7,17,185,Control,20,3.83
Boston,7,17,185,Control,25,3.7
Boston,7,17,185,Control,30,4.05
Boston,7,17,185,Control,35,3.71
Boston,7,17,185,Control,40,3.69
Boston,7,17,185,Control,45,3.8
Boston,7,17,185,Control,50,3.55
Boston,7,17,185,Control,55,3.54
Boston,7,18,186,Treatment,0,3.47
Boston,7,18,186,Treatment,5,3.61
Boston,7,18,186,Treatment,10,4.11
Boston,7,18,186,Treatment,15,3.85
Boston,7,18,186,Treatment,20,3.67
Boston,7,18,186,Treatment,25,3.98
Boston,7,18,186,Treatment,30,3.38
Boston,7,18,186,Treatment,35,4.21
Boston,7,18,186,Treatment,40,3.47
Boston,7,18,186,Treatment,45,4.09
Boston,7,18,186,Treatment,50,4.09
Boston,7,18,186,Treatment,55,3.15
Boston,7,19,187,Treatment,0,3.52
Boston,7,19,187,Treatment,5,3.45
Boston,7,19,187,Treatment,10,3.72
Boston,7,19,187,Treatment,15,3.34
Boston,7,19,187,Treatment,20,3.71
Boston,7,19,187,Treatment,25,3.35
Boston,7,19,187,Treatment,30,3.63
Boston,7,19,187,Treatment,35,3.92
Boston,7,19,187,Treatment,40,3.69
Boston,7,19,187,Treatment,45,3.5
Boston,7,19,187,Treatment,50,3.72
Boston,7,19,187,Treatment,55,3.24
Boston,7,20,188,Treatment,0,3.48
Boston,7,20,188,Treatment,5,3.79
Boston,7,20,188,Treatment,10,3.69
Boston,7,20,188,Treatment,15,3.72
Boston,7,20,188,Treatment,20,3.58
Boston,7,20,188,Treatment,25,3.39
Boston,7,20,188,Treatment,30,3.96
Boston,7,20,188,Treatment,35,3.41
Boston,7,20,188,Treatment,40,3.69
Boston,7,20,188,Treatment,45,3.56
Boston,7,20,188,Treatment,50,3.73
Boston,7,20,188,Treatment,55,3.44
Boston,7,21,189,Treatment,0,3.93
Boston,7,21,189,Treatment,5,3.84
Boston,7,21,189,Treatment,10,3.63
Boston,7,21,189,Treatment,15,3.48
Boston,7,21,189,Treatment,20,4.29
Boston,7,21,189,Treatment,25,3.34
Boston,7,21,189,Treatment,30,3.81
Boston,7,21,189,Treatment,35,3.67
Boston,7,21,189,Treatment,40,3.57
Boston,7,21,189,Treatment,45,3.64
Boston,7,21,189,Treatment,50,3.46
Boston,7,21,189,Treatment,55,3.7
Boston,7,22,190,Treatment,0,4.26
Boston,7,22,190,Treatment,5,3.86
Boston,7,22,190,Treatment,10,3.72
Boston,7,22,190,Treatment,15,3.73
Boston,7,22,190,Treatment,20,4.05
Boston,7,22,190,Treatment,25,3.35
Boston,7,22,190,Treatment,30,3.54
Boston,7,22,190,Treatment,35,3.11
Boston,7,22,190,Treatment,40,3.73
Boston,7,22,190,Treatment,45,3.8
Boston,7,22,190,Treatment,50,3.34
Boston,7,22,190,Treatment,55,3.95
Boston,7,23,191,Control,0,3.5
Boston,7,23,191,Control,5,3.66
Boston,7,23,191,Control,10,4.06
Boston,7,23,191,Control,15,3.49
Boston,7,23,191,Control,20,3.77
Boston,7,23,191,Control,25,3.89
Boston,7,23,191,Control,30,3.84
Boston,7,23,191,Control,35,3.85
Boston,7,23,191,Control,40,3.89
Boston,7,23,191,Control,45,3.56
Boston,7,23,191,Control,50,4.12
Boston,7,23,191,Control,55,3.67
Boston,8,0,192,Control,0,4.04
Boston,8,0,192,Control,5,3.54
Boston,8,0,192,Control,10,3.78
Boston,8,0,192,Control,15,3.52
Boston,8,0,192,Control,20,4.33
Boston,8,0,192,Control,25,4.28
Boston,8,0,192,Control,30,3.67
Boston,8,0,192,Control,35,3.83
Boston,8,0,192,Control,40,3.7
Boston,8,0,192,Control,45,3.61
Boston,8,0,192,Control,50,3.73
Boston,8,0,192,Control,55,3.69
Boston,8,1,193,Control,0,3.77
Boston,8,1,193,Control,5,3.69
Boston,8,1,193,Control,10,3.78
Boston,8,1,193,Control,15,3.68
Boston,8,1,193,Control,20,3.61
Boston,8,1,193,Control,25,3.92
Boston,8,1,193,Control,30,3.83
Boston,8,1,193,Control,35,4.05
Boston,8,1,193,Control,40,3.82
Boston,8,1,193,Control,45,3.65
Boston,8,1,193,Control,50,3.85
Boston,8,1,193,Control,55,3.2
Boston,8,2,194,Treatment,0,3.77
Boston,8,2,194,Treatment,5,4.21
Boston,8,2,194,Treatment,10,3.41
Boston,8,2,194,Treatment,15,3.31
Boston,8,2,194,Treatment,20,3.68
Boston,8,2,194,Treatment,25,3.68
Boston,8,2,194,Treatment,30,3.67
Boston,8,2,194,Treatment,35,3.64
Boston,8,2,194,Treatment,40,3.43
Boston,8,2,194,Treatment,45,3.22
Boston,8,2,194,Treatment,50,3.66
Boston,8,2,194,Treatment,55,3.27
Boston,8,3,195,Control,0,3.49
Boston,8,3,195,Control,5,3.73
Boston,8,3,195,Control,10,4.16
Boston,8,3,195,Control,15,3.94
Boston,8,3,195,Control,20,4.06
Boston,8,3,195,Control,25,3.86
Boston,8,3,195,Control,30,3.79
Boston,8,3,195,Control,35,4.33
Boston,8,3,195,Control,40,3.37
Boston,8,3,195,Control,45,3.6
Boston,8,3,195,Control,50,3.62
Boston,8,3,195,Control,55,3.92
Boston,8,4,196,Control,0,3.89
Boston,8,4,196,Control,5,3.84
Boston,8,4,196,Control,10,3.9
Boston,8,4,196,Control,15,3.9
Boston,8,4,196,Control,20,4.08
Boston,8,4,196,Control,25,3.69
Boston,8,4,196,Control,30,3.83
Boston,8,4,196,Control,35,3.52
Boston,8,4,196,Control,40,3.46
Boston,8,4,196,Control,45,4.14
Boston,8,4,196,Control,50,3.5
Boston,8,4,196,Control,55,3.86
Boston,8,5,197,Treatment,0,3.99
Boston,8,5,197,Treatment,5,3.25
Boston,8,5,197,Treatment,10,3.85
Boston,8,5,197,Treatment,15,3.57
Boston,8,5,197,Treatment,20,3.44
Boston,8,5,197,Treatment,25,3.53
Boston,8,5,197,Treatment,30,3.85
Boston,8,5,197,Treatment,35,3.77
Boston,8,5,197,Treatment,40,3.56
Boston,8,5,197,Treatment,45,3.3
Boston,8,5,197,Treatment,50,3.32
Boston,8,5,197,Treatment,55,3.78
Boston,8,6,198,Control,0,3.56
Boston,8,6,198,Control,5,4.3
Boston,8,6,198,Control,10,3.78
Boston,8,6,198,Control,15,3.89
Boston,8,6,198,Control,20,3.43
Boston,8,6,198,Control,25,3.39
Boston,8,6,198,Control,30,3.9
Boston,8,6,198,Control,35,3.63
Boston,8,6,198,Control,40,3.99
Boston,8,6,198,Control,45,3.74
Boston,8,6,198,Control,50,4.59
Boston,8,6,198,Control,55,3.58
Boston,8,7,199,Treatment,0,3.5
Boston,8,7,199,Treatment,5,3.95
Boston,8,7,199,Treatment,10,3.76
Boston,8,7,199,Treatment,15,3.37
Boston,8,7,199,Treatment,20,3.53
Boston,8,7,199,Treatment,25,3.96
Boston,8,7,199,Treatment,30,3.93
Boston,8,7,199,Treatment,35,3.26
Boston,8,7,199,Treatment,40,3.5
Boston,8,7,199,Treatment,45,4.07
Boston,8,7,199,Treatment,50,3.57
Boston,8,7,199,Treatment,55,3.66
Boston,8,8,200,Control,0,3.28
Boston,8,8,200,Control,5,3.42
Boston,8,8,200,Control,10,3.61
Boston,8,8,200,Control,15,4.03
Boston,8,8,200,Control,20,3.98
Boston,8,8,200,Control,25,3.9
Boston,8,8,200,Control,30,3.69
Boston,8,8,200,Control,35,4.01
Boston,8,8,200,Control,40,3.69
Boston,8,8,200,Control,45,3.87
Boston,8,8,200,Control,50,3.95
Boston,8,8,200,Control,55,4.15
Boston,8,9,201,Control,0,3.63
Boston,8,9,201,Control,5,4.05
Boston,8,9,201,Control,10,4.07
Boston,8,9,201,Control,15,3.59
Boston,8,9,201,Control,20,3.45
Boston,8,9,201,Control,25,4.03
Boston,8,9,201,Control,30,3.31
Boston,8,9,201,Control,35,3.3
Boston,8,9,201,Control,40,3.66
Boston,8,9,201,Control,45,3.73
Boston,8,9,201,Control,50,3.44
Boston,8,9,201,Control,55,3.76
Boston,8,10,202,Control,0,3.58
Boston,8,10,202,Control,5,4.21
Boston,8,10,202,Control,10,3.81
Boston,8,10,202,Control,15,3.98
Boston,8,10,202,Control,20,3.34
Boston,8,10,202,Control,25,3.33
Boston,8,10,202,Control,30,3.82
Boston,8,10,202,Control,35,4.16
Boston,8,10,202,Control,40,3.45
Boston,8,10,202,Control,45,3.74
Boston,8,10,202,Control,50,3.39
Boston,8,10,202,Control,55,3.52
Boston,8,11,203,Control,0,3.58
Boston,8,11,203,Control,5,3.37
Boston,8,11,203,Control,10,3.37
Boston,8,11,203,Control,15,3.23
Boston,8,11,203,Control,20,3.82
Boston,8,11,203,Control,25,3.85
Boston,8,11,203,Control,30,3.85
Boston,8,11,203,Control,35,3.47
Boston,8,11,203,Control,40,3.95
Boston,8,11,203,Control,45,3.88
Boston,8,11,203,Control,50,3.7
Boston,8,11,203,Control,55,3.66
Boston,8,12,204,Treatment,0,3.75
Boston,8,12,204,Treatment,5,4.07
Boston,8,12,204,Treatment,10,3.91
Boston,8,12,204,Treatment,15,3.52
Boston,8,12,204,Treatment,20,3.72
Boston,8,12,204,Treatment,25,3.31
Boston,8,12,204,Treatment,30,3.77
Boston,8,12,204,Treatment,35,3.38
Boston,8,12,204,Treatment,40,3.76
Boston,8,12,204,Treatment,45,4.33
Boston,8,12,204,Treatment,50,3.45
Boston,8,12,204,Treatment,55,4.32
Boston,8,13,205,Treatment,0,3.4
Boston,8,13,205,Treatment,5,3.39
Boston,8,13,205,Treatment,10,4.18
Boston,8,13,205,Treatment,15,3.71
Boston,8,13,205,Treatment,20,3.45
Boston,8,13,205,Treatment,25,3.54
Boston,8,13,205,Treatment,30,3.7
Boston,8,13,205,Treatment,35,3.59
Boston,8,13,205,Treatment,40,3.68
Boston,8,13,205,Treatment,45,4.03
Boston,8,13,205,Treatment,50,3.31
Boston,8,13,205,Treatment,55,3.75
Boston,8,14,206,Treatment,0,3.46
Boston,8,14,206,Treatment,5,3.86
Boston,8,14,206,Treatment,10,3.22
Boston,8,14,206,Treatment,15,3.0
Boston,8,14,206,Treatment,20,3.65
Boston,8,14,206,Treatment,25,3.55
Boston,8,14,206,Treatment,30,3.25
Boston,8,14,206,Treatment,35,3.16
Boston,8,14,206,Treatment,40,4.07
Boston,8,14,206,Treatment,45,3.7
Boston,8,14,206,Treatment,50,3.59
Boston,8,14,206,Treatment,55,4.14
Boston,8,15,207,Treatment,0,4.03
Boston,8,15,207,Treatment,5,3.29
Boston,8,15,207,Treatment,10,3.28
Boston,8,15,207,Treatment,15,3.74
Boston,8,15,207,Treatment,20,3.69
Boston,8,15,207,Treatment,25,3.9
Boston,8,15,207,Treatment,30,3.18
Boston,8,15,207,Treatment,35,3.76
Boston,8,15,207,Treatment,40,3.84
Boston,8,15,207,Treatment,45,3.82
Boston,8,15,207,Treatment,50,3.49
Boston,8,15,207,Treatment,55,3.72
Boston,8,16,208,Control,0,3.52
Boston,8,16,208,Control,5,3.37
Boston,8,16,208,Control,10,3.47
Boston,8,16,208,Control,15,3.64
Boston,8,16,208,Control,20,3.58
Boston,8,16,208,Control,25,3.51
Boston,8,16,208,Control,30,3.38
Boston,8,16,208,Control,35,4.19
Boston,8,16,208,Control,40,3.57
Boston,8,16,208,Control,45,3.78
Boston,8,16,208,Control,50,3.26
Boston,8,16,208,Control,55,4.04
Boston,8,17,209,Control,0,3.59
Boston,8,17,209,Control,5,3.59
Boston,8,17,209,Control,10,3.92
Boston,8,17,209,Control,15,2.96
Boston,8,17,209,Control,20,3.49
Boston,8,17,209,Control,25,3.67
Boston,8,17,209,Control,30,3.67
Boston,8,17,209,Control,35,4.33
Boston,8,17,209,Control,40,3.62
Boston,8,17,209,Control,45,3.95
Boston,8,17,209,Control,50,4.15
Boston,8,17,209,Control,55,3.87
Boston,8,18,210,Treatment,0,3.38
Boston,8,18,210,Treatment,5,3.85
Boston,8,18,210,Treatment,10,4.04
Boston,8,18,210,Treatment,15,3.73
Boston,8,18,210,Treatment,20,3.9
Boston,8,18,210,Treatment,25,4.24
Boston,8,18,210,Treatment,30,3.8
Boston,8,18,210,Treatment,35,3.31
Boston,8,18,210,Treatment,40,3.6
Boston,8,18,210,Treatment,45,3.93
Boston,8,18,210,Treatment,50,3.53
Boston,8,18,210,Treatment,55,3.97
Boston,8,19,211,Treatment,0,3.67
Boston,8,19,211,Treatment,5,3.5
Boston,8,19,211,Treatment,10,3.63
Boston,8,19,211,Treatment,15,3.64
Boston,8,19,211,Treatment,20,3.19
Boston,8,19,211,Treatment,25,3.48
Boston,8,19,211,Treatment,30,3.28
Boston,8,19,211,Treatment,35,3.49
Boston,8,19,211,Treatment,40,3.39
Boston,8,19,211,Treatment,45,3.84
Boston,8,19,211,Treatment,50,3.84
Boston,8,19,211,Treatment,55,3.73
Boston,8,20,212,Control,0,3.56
Boston,8,20,212,Control,5,3.29
Boston,8,20,212,Control,10,3.63
Boston,8,20,212,Control,15,3.86
Boston,8,20,212,Control,20,3.95
Boston,8,20,212,Control,25,3.82
Boston,8,20,212,Control,30,4.01
Boston,8,20,212,Control,35,3.76
Boston,8,20,212,Control,40,3.64
Boston,8,20,212,Control,45,3.92
Boston,8,20,212,Control,50,3.93
Boston,8,20,212,Control,55,3.57
Boston,8,21,213,Control,0,3.63
Boston,8,21,213,Control,5,3.2
Boston,8,21,213,Control,10,3.81
Boston,8,21,213,Control,15,3.38
Boston,8,21,213,Control,20,3.78
Boston,8,21,213,Control,25,3.32
Boston,8,21,213,Control,30,3.52
Boston,8,21,213,Control,35,3.59
Boston,8,21,213,Control,40,4.0
Boston,8,21,213,Control,45,3.57
Boston,8,21,213,Control,50,3.43
Boston,8,21,213,Control,55,3.79
Boston,8,22,214,Control,0,3.9
Boston,8,22,214,Control,5,3.45
Boston,8,22,214,Control,10,3.75
Boston,8,22,214,Control,15,4.32
Boston,8,22,214,Control,20,3.64
Boston,8,22,214,Control,25,3.75
Boston,8,22,214,Control,30,3.28
Boston,8,22,214,Control,35,3.49
Boston,8,22,214,Control,40,3.81
Boston,8,22,214,Control,45,3.62
Boston,8,22,214,Control,50,3.85
Boston,8,22,214,Control,55,3.81
Boston,8,23,215,Treatment,0,3.95
Boston,8,23,215,Treatment,5,3.35
Boston,8,23,215,Treatment,10,3.43
Boston,8,23,215,Treatment,15,3.65
Boston,8,23,215,Treatment,20,3.98
Boston,8,23,215,Treatment,25,3.34
Boston,8,23,215,Treatment,30,3.63
Boston,8,23,215,Treatment,35,3.63
Boston,8,23,215,Treatment,40,3.75
Boston,8,23,215,Treatment,45,3.89
Boston,8,23,215,Treatment,50,3.49
Boston,8,23,215,Treatment,55,3.84
Boston,9,0,216,Treatment,0,4.03
Boston,9,0,216,Treatment,5,3.71
Boston,9,0,216,Treatment,10,3.63
Boston,9,0,216,Treatment,15,3.47
Boston,9,0,216,Treatment,20,3.22
Boston,9,0,216,Treatment,25,3.52
Boston,9,0,216,Treatment,30,3.62
Boston,9,0,216,Treatment,35,3.56
Boston,9,0,216,Treatment,40,3.74
Boston,9,0,216,Treatment,45,3.23
Boston,9,0,216,Treatment,50,3.54
Boston,9,0,216,Treatment,55,4.09
Boston,9,1,217,Control,0,3.74
Boston,9,1,217,Control,5,3.72
Boston,9,1,217,Control,10,3.57
Boston,9,1,217,Control,15,3.26
Boston,9,1,217,Control,20,3.81
Boston,9,1,217,Control,25,3.09
Boston,9,1,217,Control,30,3.62
Boston,9,1,217,Control,35,3.7
Boston,9,1,217,Control,40,3.59
Boston,9,1,217,Control,45,4.24
Boston,9,1,217,Control,50,4.16
Boston,9,1,217,Control,55,3.96
Boston,9,2,218,Treatment,0,4.18
Boston,9,2,218,Treatment,5,3.82
Boston,9,2,218,Treatment,10,3.39
Boston,9,2,218,Treatment,15,3.6
Boston,9,2,218,Treatment,20,3.83
Boston,9,2,218,Treatment,25,3.44
Boston,9,2,218,Treatment,30,3.62
Boston,9,2,218,Treatment,35,3.67
Boston,9,2,218,Treatment,40,3.31
Boston,9,2,218,Treatment,45,3.52
Boston,9,2,218,Treatment,50,3.33
Boston,9,2,218,Treatment,55,3.81
Boston,9,3,219,Control,0,3.66
Boston,9,3,219,Control,5,3.28
Boston,9,3,219,Control,10,3.38
Boston,9,3,219,Control,15,3.4
Boston,9,3,219,Control,20,3.63
Boston,9,3,219,Control,25,3.75
Boston,9,3,219,Control,30,3.79
Boston,9,3,219,Control,35,3.26
Boston,9,3,219,Control,40,3.66
Boston,9,3,219,Control,45,3.51
Boston,9,3,219,Control,50,3.83
Boston,9,3,219,Control,55,3.63
Boston,9,4,220,Control,0,3.51
Boston,9,4,220,Control,5,4.13
Boston,9,4,220,Control,10,3.38
Boston,9,4,220,Control,15,3.6
Boston,9,4,220,Control,20,3.73
Boston,9,4,220,Control,25,3.64
Boston,9,4,220,Control,30,3.51
Boston,9,4,220,Control,35,3.25
Boston,9,4,220,Control,40,3.53
Boston,9,4,220,Control,45,3.46
Boston,9,4,220,Control,50,4.12
Boston,9,4,220,Control,55,4.27
Boston,9,5,221,Control,0,3.35
Boston,9,5,221,Control,5,3.88
Boston,9,5,221,Control,10,3.45
Boston,9,5,221,Control,15,3.56
Boston,9,5,221,Control,20,3.54
Boston,9,5,221,Control,25,3.57
Boston,9,5,221,Control,30,3.61
Boston,9,5,221,Control,35,3.37
Boston,9,5,221,Control,40,3.52
Boston,9,5,221,Control,45,3.95
Boston,9,5,221,Control,50,3.69
Boston,9,5,221,Control,55,3.73
Boston,9,6,222,Treatment,0,3.94
Boston,9,6,222,Treatment,5,3.49
Boston,9,6,222,Treatment,10,3.91
Boston,9,6,222,Treatment,15,3.63
Boston,9,6,222,Treatment,20,3.45
Boston,9,6,222,Treatment,25,3.17
Boston,9,6,222,Treatment,30,4.13
Boston,9,6,222,Treatment,35,3.79
Boston,9,6,222,Treatment,40,3.8
Boston,9,6,222,Treatment,45,4.04
Boston,9,6,222,Treatment,50,3.65
Boston,9,6,222,Treatment,55,3.93
Boston,9,7,223,Treatment,0,3.77
Boston,9,7,223,Treatment,5,3.43
Boston,9,7,223,Treatment,10,3.46
Boston,9,7,223,Treatment,15,3.61
Boston,9,7,223,Treatment,20,3.27
Boston,9,7,223,Treatment,25,3.67
Boston,9,7,223,Treatment,30,3.51
Boston,9,7,223,Treatment,35,3.09
Boston,9,7,223,Treatment,40,3.47
Boston,9,7,223,Treatment,45,3.5
Boston,9,7,223,Treatment,50,3.8
Boston,9,7,223,Treatment,55,3.66
Boston,9,8,224,Control,0,3.72
Boston,9,8,224,Control,5,3.49
Boston,9,8,224,Control,10,3.65
Boston,9,8,224,Control,15,3.61
Boston,9,8,224,Control,20,3.82
Boston,9,8,224,Control,25,3.71
Boston,9,8,224,Control,30,3.54
Boston,9,8,224,Control,35,3.7
Boston,9,8,224,Control,40,3.82
Boston,9,8,224,Control,45,3.45
Boston,9,8,224,Control,50,3.78
Boston,9,8,224,Control,55,3.31
Boston,9,9,225,Treatment,0,3.83
Boston,9,9,225,Treatment,5,4.07
Boston,9,9,225,Treatment,10,3.35
Boston,9,9,225,Treatment,15,3.87
Boston,9,9,225,Treatment,20,3.82
Boston,9,9,225,Treatment,25,3.54
Boston,9,9,225,Treatment,30,3.49
Boston,9,9,225,Treatment,35,3.32
Boston,9,9,225,Treatment,40,3.25
Boston,9,9,225,Treatment,45,3.4
Boston,9,9,225,Treatment,50,3.28
Boston,9,9,225,Treatment,55,3.99
Boston,9,10,226,Control,0,3.63
Boston,9,10,226,Control,5,3.73
Boston,9,10,226,Control,10,3.75
Boston,9,10,226,Control,15,3.81
Boston,9,10,226,Control,20,3.94
Boston,9,10,226,Control,25,3.59
Boston,9,10,226,Control,30,3.72
Boston,9,10,226,Control,35,3.63
Boston,9,10,226,Control,40,4.03
Boston,9,10,226,Control,45,4.22
Boston,9,10,226,Control,50,3.4
Boston,9,10,226,Control,55,3.19
Boston,9,11,227,Control,0,3.97
Boston,9,11,227,Control,5,4.19
Boston,9,11,227,Control,10,3.88
Boston,9,11,227,Control,15,4.05
Boston,9,11,227,Control,20,4.12
Boston,9,11,227,Control,25,4.07
Boston,9,11,227,Control,30,3.92
Boston,9,11,227,Control,35,3.38
Boston,9,11,227,Control,40,3.7
Boston,9,11,227,Control,45,3.78
Boston,9,11,227,Control,50,3.68
Boston,9,11,227,Control,55,3.69
Boston,9,12,228,Treatment,0,3.51
Boston,9,12,228,Treatment,5,3.86
Boston,9,12,228,Treatment,10,3.71
Boston,9,12,228,Treatment,15,3.37
Boston,9,12,228,Treatment,20,3.32
Boston,9,12,228,Treatment,25,3.16
Boston,9,12,228,Treatment,30,3.71
Boston,9,12,228,Treatment,35,3.57
Boston,9,12,228,Treatment,40,3.38
Boston,9,12,228,Treatment,45,3.12
Boston,9,12,228,Treatment,50,3.7
Boston,9,12,228,Treatment,55,3.55
Boston,9,13,229,Treatment,0,3.35
Boston,9,13,229,Treatment,5,3.53
Boston,9,13,229,Treatment,10,3.71
Boston,9,13,229,Treatment,15,3.51
Boston,9,13,229,Treatment,20,3.29
Boston,9,13,229,Treatment,25,3.57
Boston,9,13,229,Treatment,30,3.85
Boston,9,13,229,Treatment,35,3.6
Boston,9,13,229,Treatment,40,3.61
Boston,9,13,229,Treatment,45,3.51
Boston,9,13,229,Treatment,50,3.37
Boston,9,13,229,Treatment,55,3.36
Boston,9,14,230,Treatment,0,3.88
Boston,9,14,230,Treatment,5,3.7
Boston,9,14,230,Treatment,10,3.61
Boston,9,14,230,Treatment,15,3.66
Boston,9,14,230,Treatment,20,3.67
Boston,9,14,230,Treatment,25,3.41
Boston,9,14,230,Treatment,30,3.51
Boston,9,14,230,Treatment,35,3.47
Boston,9,14,230,Treatment,40,4.22
Boston,9,14,230,Treatment,45,3.84
Boston,9,14,230,Treatment,50,3.63
Boston,9,14,230,Treatment,55,3.93
Boston,9,15,231,Control,0,3.24
Boston,9,15,231,Control,5,3.57
Boston,9,15,231,Control,10,3.66
Boston,9,15,231,Control,15,3.85
Boston,9,15,231,Control,20,3.64
Boston,9,15,231,Control,25,3.68
Boston,9,15,231,Control,30,3.58
Boston,9,15,231,Control,35,3.96
Boston,9,15,231,Control,40,3.34
Boston,9,15,231,Control,45,3.59
Boston,9,15,231,Control,50,3.24
Boston,9,15,231,Control,55,3.44
Boston,9,16,232,Treatment,0,3.78
Boston,9,16,232,Treatment,5,3.58
Boston,9,16,232,Treatment,10,3.91
Boston,9,16,232,Treatment,15,3.93
Boston,9,16,232,Treatment,20,3.57
Boston,9,16,232,Treatment,25,3.65
Boston,9,16,232,Treatment,30,3.48
Boston,9,16,232,Treatment,35,3.75
Boston,9,16,232,Treatment,40,3.29
Boston,9,16,232,Treatment,45,4.04
Boston,9,16,232,Treatment,50,3.87
Boston,9,16,232,Treatment,55,3.29
Boston,9,17,233,Treatment,0,3.69
Boston,9,17,233,Treatment,5,3.5
Boston,9,17,233,Treatment,10,3.73
Boston,9,17,233,Treatment,15,3.5
Boston,9,17,233,Treatment,20,3.97
Boston,9,17,233,Treatment,25,3.59
Boston,9,17,233,Treatment,30,4.19
Boston,9,17,233,Treatment,35,3.74
Boston,9,17,233,Treatment,40,3.25
Boston,9,17,233,Treatment,45,4.11
Boston,9,17,233,Treatment,50,3.86
Boston,9,17,233,Treatment,55,3.68
Boston,9,18,234,Control,0,3.29
Boston,9,18,234,Control,5,3.17
Boston,9,18,234,Control,10,3.65
Boston,9,18,234,Control,15,4.04
Boston,9,18,234,Control,20,3.8
Boston,9,18,234,Control,25,4.13
Boston,9,18,234,Control,30,4.03
Boston,9,18,234,Control,35,3.71
Boston,9,18,234,Control,40,4.0
Boston,9,18,234,Control,45,4.08
Boston,9,18,234,Control,50,3.68
Boston,9,18,234,Control,55,3.65
Boston,9,19,235,Control,0,3.1
Boston,9,19,235,Control,5,3.77
Boston,9,19,235,Control,10,3.88
Boston,9,19,235,Control,15,3.74
Boston,9,19,235,Control,20,3.79
Boston,9,19,235,Control,25,3.69
Boston,9,19,235,Control,30,3.2
Boston,9,19,235,Control,35,4.12
Boston,9,19,235,Control,40,3.61
Boston,9,19,235,Control,45,3.55
Boston,9,19,235,Control,50,4.04
Boston,9,19,235,Control,55,3.94
Boston,9,20,236,Treatment,0,3.89
Boston,9,20,236,Treatment,5,3.37
Boston,9,20,236,Treatment,10,3.61
Boston,9,20,236,Treatment,15,3.91
Boston,9,20,236,Treatment,20,3.42
Boston,9,20,236,Treatment,25,3.34
Boston,9,20,236,Treatment,30,3.61
Boston,9,20,236,Treatment,35,3.61
Boston,9,20,236,Treatment,40,3.75
Boston,9,20,236,Treatment,45,3.24
Boston,9,20,236,Treatment,50,2.95
Boston,9,20,236,Treatment,55,3.82
Boston,9,21,237,Treatment,0,3.44
Boston,9,21,237,Treatment,5,3.04
Boston,9,21,237,Treatment,10,3.84
Boston,9,21,237,Treatment,15,3.68
Boston,9,21,237,Treatment,20,3.67
Boston,9,21,237,Treatment,25,3.66
Boston,9,21,237,Treatment,30,3.07
Boston,9,21,237,Treatment,35,3.34
Boston,9,21,237,Treatment,40,3.48
Boston,9,21,237,Treatment,45,3.4
Boston,9,21,237,Treatment,50,3.52
Boston,9,21,237,Treatment,55,3.65
Boston,9,22,238,Treatment,0,3.22
Boston,9,22,238,Treatment,5,3.59
Boston,9,22,238,Treatment,10,3.77
Boston,9,22,238,Treatment,15,3.36
Boston,9,22,238,Treatment,20,3.54
Boston,9,22,238,Treatment,25,3.71
Boston,9,22,238,Treatment,30,3.59
Boston,9,22,238,Treatment,35,3.76
Boston,9,22,238,Treatment,40,3.61
Boston,9,22,238,Treatment,45,3.51
Boston,9,22,238,Treatment,50,3.3
Boston,9,22,238,Treatment,55,3.65
Boston,9,23,239,Treatment,0,3.34
Boston,9,23,239,Treatment,5,3.73
Boston,9,23,239,Treatment,10,3.91
Boston,9,23,239,Treatment,15,3.42
Boston,9,23,239,Treatment,20,3.41
Boston,9,23,239,Treatment,25,3.4
Boston,9,23,239,Treatment,30,3.17
Boston,9,23,239,Treatment,35,4.09
Boston,9,23,239,Treatment,40,3.48
Boston,9,23,239,Treatment,45,3.37
Boston,9,23,239,Treatment,50,3.31
Boston,9,23,239,Treatment,55,3.49
Boston,10,0,240,Treatment,0,3.95
Boston,10,0,240,Treatment,5,3.28
Boston,10,0,240,Treatment,10,3.2
Boston,10,0,240,Treatment,15,3.73
Boston,10,0,240,Treatment,20,3.56
Boston,10,0,240,Treatment,25,3.53
Boston,10,0,240,Treatment,30,3.73
Boston,10,0,240,Treatment,35,3.62
Boston,10,0,240,Treatment,40,3.58
Boston,10,0,240,Treatment,45,3.24
Boston,10,0,240,Treatment,50,3.17
Boston,10,0,240,Treatment,55,3.41
Boston,10,1,241,Treatment,0,3.66
Boston,10,1,241,Treatment,5,3.14
Boston,10,1,241,Treatment,10,3.48
Boston,10,1,241,Treatment,15,3.55
Boston,10,1,241,Treatment,20,3.58
Boston,10,1,241,Treatment,25,3.69
Boston,10,1,241,Treatment,30,3.51
Boston,10,1,241,Treatment,35,3.42
Boston,10,1,241,Treatment,40,3.9
Boston,10,1,241,Treatment,45,3.51
Boston,10,1,241,Treatment,50,3.94
Boston,10,1,241,Treatment,55,3.51
Boston,10,2,242,Treatment,0,3.9
Boston,10,2,242,Treatment,5,3.55
Boston,10,2,242,Treatment,10,3.65
Boston,10,2,242,Treatment,15,3.48
Boston,10,2,242,Treatment,20,3.61
Boston,10,2,242,Treatment,25,3.97
Boston,10,2,242,Treatment,30,3.85
Boston,10,2,242,Treatment,35,3.85
Boston,10,2,242,Treatment,40,3.25
Boston,10,2,242,Treatment,45,3.29
Boston,10,2,242,Treatment,50,3.64
Boston,10,2,242,Treatment,55,3.78
Boston,10,3,243,Treatment,0,3.41
Boston,10,3,243,Treatment,5,3.94
Boston,10,3,243,Treatment,10,3.76
Boston,10,3,243,Treatment,15,3.85
Boston,10,3,243,Treatment,20,3.48
Boston,10,3,243,Treatment,25,3.46
Boston,10,3,243,Treatment,30,3.83
Boston,10,3,243,Treatment,35,3.52
Boston,10,3,243,Treatment,40,3.44
Boston,10,3,243,Treatment,45,3.36
Boston,10,3,243,Treatment,50,3.46
Boston,10,3,243,Treatment,55,3.81
Boston,10,4,244,Treatment,0,3.75
Boston,10,4,244,Treatment,5,3.41
Boston,10,4,244,Treatment,10,3.54
Boston,10,4,244,Treatment,15,3.55
Boston,10,4,244,Treatment,20,3.53
Boston,10,4,244,Treatment,25,3.52
Boston,10,4,244,Treatment,30,3.48
Boston,10,4,244,Treatment,35,3.45
Boston,10,4,244,Treatment,40,3.92
Boston,10,4,244,Treatment,45,3.6
Boston,10,4,244,Treatment,50,3.56
Boston,10,4,244,Treatment,55,3.43
Boston,10,5,245,Treatment,0,3.43
Boston,10,5,245,Treatment,5,3.78
Boston,10,5,245,Treatment,10,3.4
Boston,10,5,245,Treatment,15,3.03
Boston,10,5,245,Treatment,20,3.6
Boston,10,5,245,Treatment,25,3.52
Boston,10,5,245,Treatment,30,3.44
Boston,10,5,245,Treatment,35,3.82
Boston,10,5,245,Treatment,40,2.91
Boston,10,5,245,Treatment,45,3.98
Boston,10,5,245,Treatment,50,3.85
Boston,10,5,245,Treatment,55,3.43
Boston,10,6,246,Control,0,3.72
Boston,10,6,246,Control,5,3.76
Boston,10,6,246,Control,10,3.5
Boston,10,6,246,Control,15,3.3
Boston,10,6,246,Control,20,4.23
Boston,10,6,246,Control,25,3.94
Boston,10,6,246,Control,30,3.74
Boston,10,6,246,Control,35,3.74
Boston,10,6,246,Control,40,3.86
Boston,10,6,246,Control,45,3.89
Boston,10,6,246,Control,50,3.18
Boston,10,6,246,Control,55,3.61
Boston,10,7,247,Treatment,0,3.66
Boston,10,7,247,Treatment,5,3.86
Boston,10,7,247,Treatment,10,3.18
Boston,10,7,247,Treatment,15,3.25
Boston,10,7,247,Treatment,20,3.42
Boston,10,7,247,Treatment,25,3.63
Boston,10,7,247,Treatment,30,3.8
Boston,10,7,247,Treatment,35,4.0
Boston,10,7,247,Treatment,40,3.52
Boston,10,7,247,Treatment,45,3.8
Boston,10,7,247,Treatment,50,3.77
Boston,10,7,247,Treatment,55,3.72
Boston,10,8,248,Control,0,3.49
Boston,10,8,248,Control,5,3.36
Boston,10,8,248,Control,10,3.38
Boston,10,8,248,Control,15,3.79
Boston,10,8,248,Control,20,3.69
Boston,10,8,248,Control,25,3.6
Boston,10,8,248,Control,30,3.87
Boston,10,8,248,Control,35,3.65
Boston,10,8,248,Control,40,3.47
Boston,10,8,248,Control,45,3.63
Boston,10,8,248,Control,50,3.91
Boston,10,8,248,Control,55,3.44
Boston,10,9,249,Treatment,0,3.69
Boston,10,9,249,Treatment,5,3.47
Boston,10,9,249,Treatment,10,3.55
Boston,10,9,249,Treatment,15,3.2
Boston,10,9,249,Treatment,20,3.62
Boston,10,9,249,Treatment,25,3.25
Boston,10,9,249,Treatment,30,3.86
Boston,10,9,249,Treatment,35,3.57
Boston,10,9,249,Treatment,40,3.45
Boston,10,9,249,Treatment,45,3.88
Boston,10,9,249,Treatment,50,3.33
Boston,10,9,249,Treatment,55,3.4
Boston,10,10,250,Treatment,0,3.92
Boston,10,10,250,Treatment,5,4.06
Boston,10,10,250,Treatment,10,3.17
Boston,10,10,250,Treatment,15,3.39
Boston,10,10,250,Treatment,20,3.61
Boston,10,10,250,Treatment,25,3.46
Boston,10,10,250,Treatment,30,3.58
Boston,10,10,250,Treatment,35,3.56
Boston,10,10,250,Treatment,40,3.69
Boston,10,10,250,Treatment,45,3.35
Boston,10,10,250,Treatment,50,3.64
Boston,10,10,250,Treatment,55,3.31
Boston,10,11,251,Control,0,3.15
Boston,10,11,251,Control,5,3.52
Boston,10,11,251,Control,10,3.52
Boston,10,11,251,Control,15,3.94
Boston,10,11,251,Control,20,3.69
Boston,10,11,251,Control,25,3.73
Boston,10,11,251,Control,30,3.69
Boston,10,11,251,Control,35,3.17
Boston,10,11,251,Control,40,3.2
Boston,10,11,251,Control,45,3.62
Boston,10,11,251,Control,50,3.77
Boston,10,11,251,Control,55,3.64
Boston,10,12,252,Treatment,0,3.64
Boston,10,12,252,Treatment,5,3.58
Boston,10,12,252,Treatment,10,3.82
Boston,10,12,252,Treatment,15,3.77
Boston,10,12,252,Treatment,20,3.45
Boston,10,12,252,Treatment,25,3.58
Boston,10,12,252,Treatment,30,3.66
Boston,10,12,252,Treatment,35,3.7
Boston,10,12,252,Treatment,40,4.0
Boston,10,12,252,Treatment,45,3.58
Boston,10,12,252,Treatment,50,3.88
Boston,10,12,252,Treatment,55,3.3
Boston,10,13,253,Treatment,0,3.06
Boston,10,13,253,Treatment,5,3.63
Boston,10,13,253,Treatment,10,3.75
Boston,10,13,253,Treatment,15,2.95
Boston,10,13,253,Treatment,20,3.64
Boston,10,13,253,Treatment,25,3.74
Boston,10,13,253,Treatment,30,3.73
Boston,10,13,253,Treatment,35,3.29
Boston,10,13,253,Treatment,40,3.78
Boston,10,13,253,Treatment,45,3.59
Boston,10,13,253,Treatment,50,3.74
Boston,10,13,253,Treatment,55,3.56
Boston,10,14,254,Control,0,3.87
Boston,10,14,254,Control,5,3.57
Boston,10,14,254,Control,10,3.73
Boston,10,14,254,Control,15,4.01
Boston,10,14,254,Control,20,3.67
Boston,10,14,254,Control,25,3.42
Boston,10,14,254,Control,30,3.87
Boston,10,14,254,Control,35,4.06
Boston,10,14,254,Control,40,4.02
Boston,10,14,254,Control,45,3.88
Boston,10,14,254,Control,50,3.11
Boston,10,14,254,Control,55,3.54
Boston,10,15,255,Treatment,0,3.71
Boston,10,15,255,Treatment,5,4.09
Boston,10,15,255,Treatment,10,3.36
Boston,10,15,255,Treatment,15,4.15
Boston,10,15,255,Treatment,20,3.49
Boston,10,15,255,Treatment,25,3.4
Boston,10,15,255,Treatment,30,3.8
Boston,10,15,255,Treatment,35,3.82
Boston,10,15,255,Treatment,40,3.75
Boston,10,15,255,Treatment,45,3.4
Boston,10,15,255,Treatment,50,3.71
Boston,10,15,255,Treatment,55,3.33
Boston,10,16,256,Treatment,0,3.57
Boston,10,16,256,Treatment,5,3.38
Boston,10,16,256,Treatment,10,3.85
Boston,10,16,256,Treatment,15,3.44
Boston,10,16,256,Treatment,20,3.53
Boston,10,16,256,Treatment,25,3.37
Boston,10,16,256,Treatment,30,3.85
Boston,10,16,256,Treatment,35,3.42
Boston,10,16,256,Treatment,40,3.87
Boston,10,16,256,Treatment,45,3.86
Boston,10,16,256,Treatment,50,3.48
Boston,10,16,256,Treatment,55,3.6
Boston,10,17,257,Control,0,3.73
Boston,10,17,257,Control,5,3.58
Boston,10,17,257,Control,10,3.56
Boston,10,17,257,Control,15,3.71
Boston,10,17,257,Control,20,3.3
Boston,10,17,257,Control,25,3.68
Boston,10,17,257,Control,30,3.86
Boston,10,17,257,Control,35,3.73
Boston,10,17,257,Control,40,3.94
Boston,10,17,257,Control,45,3.61
Boston,10,17,257,Control,50,3.59
Boston,10,17,257,Control,55,3.42
Boston,10,18,258,Treatment,0,4.19
Boston,10,18,258,Treatment,5,3.73
Boston,10,18,258,Treatment,10,3.48
Boston,10,18,258,Treatment,15,3.34
Boston,10,18,258,Treatment,20,3.19
Boston,10,18,258,Treatment,25,3.38
Boston,10,18,258,Treatment,30,3.78
Boston,10,18,258,Treatment,35,3.48
Boston,10,18,258,Treatment,40,3.35
Boston,10,18,258,Treatment,45,3.38
Boston,10,18,258,Treatment,50,3.75
Boston,10,18,258,Treatment,55,3.57
Boston,10,19,259,Control,0,3.51
Boston,10,19,259,Control,5,4.18
Boston,10,19,259,Control,10,3.97
Boston,10,19,259,Control,15,4.07
Boston,10,19,259,Control,20,3.26
Boston,10,19,259,Control,25,3.66
Boston,10,19,259,Control,30,3.54
Boston,10,19,259,Control,35,3.84
Boston,10,19,259,Control,40,3.96
Boston,10,19,259,Control,45,3.78
Boston,10,19,259,Control,50,3.48
Boston,10,19,259,Control,55,3.53
Boston,10,20,260,Control,0,3.88
Boston,10,20,260,Control,5,3.74
Boston,10,20,260,Control,10,3.73
Boston,10,20,260,Control,15,3.71
Boston,10,20,260,Control,20,3.77
Boston,10,20,260,Control,25,3.88
Boston,10,20,260,Control,30,3.86
Boston,10,20,260,Control,35,3.71
Boston,10,20,260,Control,40,3.69
Boston,10,20,260,Control,45,3.68
Boston,10,20,260,Control,50,3.5
Boston,10,20,260,Control,55,3.5
Boston,10,21,261,Treatment,0,3.52
Boston,10,21,261,Treatment,5,3.87
Boston,10,21,261,Treatment,10,3.61
Boston,10,21,261,Treatment,15,3.79
Boston,10,21,261,Treatment,20,3.75
Boston,10,21,261,Treatment,25,3.8
Boston,10,21,261,Treatment,30,3.47
Boston,10,21,261,Treatment,35,3.69
Boston,10,21,261,Treatment,40,3.77
Boston,10,21,261,Treatment,45,3.2
Boston,10,21,261,Treatment,50,4.01
Boston,10,21,261,Treatment,55,4.16
Boston,10,22,262,Control,0,3.79
Boston,10,22,262,Control,5,3.77
Boston,10,22,262,Control,10,3.58
Boston,10,22,262,Control,15,3.67
Boston,10,22,262,Control,20,3.94
Boston,10,22,262,Control,25,3.46
Boston,10,22,262,Control,30,3.43
Boston,10,22,262,Control,35,3.6
Boston,10,22,262,Control,40,3.86
Boston,10,22,262,Control,45,3.48
Boston,10,22,262,Control,50,3.64
Boston,10,22,262,Control,55,3.67
Boston,10,23,263,Control,0,3.09
Boston,10,23,263,Control,5,3.44
Boston,10,23,263,Control,10,3.77
Boston,10,23,263,Control,15,3.82
Boston,10,23,263,Control,20,3.82
Boston,10,23,263,Control,25,3.85
Boston,10,23,263,Control,30,3.54
Boston,10,23,263,Control,35,3.49
Boston,10,23,263,Control,40,3.79
Boston,10,23,263,Control,45,3.65
Boston,10,23,263,Control,50,3.93
Boston,10,23,263,Control,55,3.8
Boston,11,0,264,Treatment,0,3.58
Boston,11,0,264,Treatment,5,3.93
Boston,11,0,264,Treatment,10,4.13
Boston,11,0,264,Treatment,15,3.6
Boston,11,0,264,Treatment,20,3.71
Boston,11,0,264,Treatment,25,3.36
Boston,11,0,264,Treatment,30,3.81
Boston,11,0,264,Treatment,35,3.87
Boston,11,0,264,Treatment,40,3.47
Boston,11,0,264,Treatment,45,3.74
Boston,11,0,264,Treatment,50,3.66
Boston,11,0,264,Treatment,55,3.69
Boston,11,1,265,Treatment,0,3.72
Boston,11,1,265,Treatment,5,3.55
Boston,11,1,265,Treatment,10,3.8
Boston,11,1,265,Treatment,15,3.87
Boston,11,1,265,Treatment,20,3.45
Boston,11,1,265,Treatment,25,3.59
Boston,11,1,265,Treatment,30,3.15
Boston,11,1,265,Treatment,35,3.73
Boston,11,1,265,Treatment,40,3.89
Boston,11,1,265,Treatment,45,3.52
Boston,11,1,265,Treatment,50,3.62
Boston,11,1,265,Treatment,55,3.53
Boston,11,2,266,Treatment,0,3.65
Boston,11,2,266,Treatment,5,3.39
Boston,11,2,266,Treatment,10,3.53
Boston,11,2,266,Treatment,15,3.36
Boston,11,2,266,Treatment,20,3.74
Boston,11,2,266,Treatment,25,3.65
Boston,11,2,266,Treatment,30,3.48
Boston,11,2,266,Treatment,35,3.6
Boston,11,2,266,Treatment,40,3.53
Boston,11,2,266,Treatment,45,3.87
Boston,11,2,266,Treatment,50,3.48
Boston,11,2,266,Treatment,55,3.75
Boston,11,3,267,Treatment,0,3.79
Boston,11,3,267,Treatment,5,3.85
Boston,11,3,267,Treatment,10,3.86
Boston,11,3,267,Treatment,15,3.96
Boston,11,3,267,Treatment,20,3.66
Boston,11,3,267,Treatment,25,3.9
Boston,11,3,267,Treatment,30,4.0
Boston,11,3,267,Treatment,35,3.31
Boston,11,3,267,Treatment,40,3.44
Boston,11,3,267,Treatment,45,3.22
Boston,11,3,267,Treatment,50,3.85
Boston,11,3,267,Treatment,55,3.21
Boston,11,4,268,Control,0,3.31
Boston,11,4,268,Control,5,3.19
Boston,11,4,268,Control,10,3.73
Boston,11,4,268,Control,15,3.43
Boston,11,4,268,Control,20,3.28
Boston,11,4,268,Control,25,3.69
Boston,11,4,268,Control,30,3.7
Boston,11,4,268,Control,35,3.23
Boston,11,4,268,Control,40,3.52
Boston,11,4,268,Control,45,3.68
Boston,11,4,268,Control,50,3.61
Boston,11,4,268,Control,55,3.62
Boston,11,5,269,Control,0,4.24
Boston,11,5,269,Control,5,3.62
Boston,11,5,269,Control,10,3.37
Boston,11,5,269,Control,15,3.64
Boston,11,5,269,Control,20,3.75
Boston,11,5,269,Control,25,3.69
Boston,11,5,269,Control,30,3.85
Boston,11,5,269,Control,35,4.25
Boston,11,5,269,Control,40,3.27
Boston,11,5,269,Control,45,3.57
Boston,11,5,269,Control,50,4.09
Boston,11,5,269,Control,55,3.57
Boston,11,6,270,Control,0,3.86
Boston,11,6,270,Control,5,4.01
Boston,11,6,270,Control,10,4.18
Boston,11,6,270,Control,15,3.78
Boston,11,6,270,Control,20,3.26
Boston,11,6,270,Control,25,3.52
Boston,11,6,270,Control,30,4.25
Boston,11,6,270,Control,35,3.35
Boston,11,6,270,Control,40,3.82
Boston,11,6,270,Control,45,3.07
Boston,11,6,270,Control,50,3.36
Boston,11,6,270,Control,55,3.92
Boston,11,7,271,Treatment,0,3.61
Boston,11,7,271,Treatment,5,3.46
Boston,11,7,271,Treatment,10,3.13
Boston,11,7,271,Treatment,15,3.76
Boston,11,7,271,Treatment,20,3.52
Boston,11,7,271,Treatment,25,3.21
Boston,11,7,271,Treatment,30,3.6
Boston,11,7,271,Treatment,35,3.73
Boston,11,7,271,Treatment,40,3.54
Boston,11,7,271,Treatment,45,3.62
Boston,11,7,271,Treatment,50,3.6
Boston,11,7,271,Treatment,55,3.41
Boston,11,8,272,Control,0,3.77
Boston,11,8,272,Control,5,3.88
Boston,11,8,272,Control,10,3.86
Boston,11,8,272,Control,15,3.53
Boston,11,8,272,Control,20,3.86
Boston,11,8,272,Control,25,3.82
Boston,11,8,272,Control,30,3.52
Boston,11,8,272,Control,35,3.58
Boston,11,8,272,Control,40,3.87
Boston,11,8,272,Control,45,4.04
Boston,11,8,272,Control,50,3.25
Boston,11,8,272,Control,55,4.11
Boston,11,9,273,Control,0,3.75
Boston,11,9,273,Control,5,3.64
Boston,11,9,273,Control,10,3.8
Boston,11,9,273,Control,15,3.54
Boston,11,9,273,Control,20,3.66
Boston,11,9,273,Control,25,3.33
Boston,11,9,273,Control,30,3.26
Boston,11,9,273,Control,35,4.28
Boston,11,9,273,Control,40,3.72
Boston,11,9,273,Control,45,3.75
Boston,11,9,273,Control,50,3.69
Boston,11,9,273,Control,55,3.49
Boston,11,10,274,Control,0,3.72
Boston,11,10,274,Control,5,3.65
Boston,11,10,274,Control,10,3.51
Boston,11,10,274,Control,15,3.82
Boston,11,10,274,Control,20,3.75
Boston,11,10,274,Control,25,3.8
Boston,11,10,274,Control,30,3.88
Boston,11,10,274,Control,35,3.66
Boston,11,10,274,Control,40,3.66
Boston,11,10,274,Control,45,4.07
Boston,11,10,274,Control,50,3.46
Boston,11,10,274,Control,55,3.23
Boston,11,11,275,Control,0,3.54
Boston,11,11,275,Control,5,3.43
Boston,11,11,275,Control,10,3.92
Boston,11,11,275,Control,15,3.66
Boston,11,11,275,Control,20,3.38
Boston,11,11,275,Control,25,4.18
Boston,11,11,275,Control,30,3.3
Boston,11,11,275,Control,35,3.68
Boston,11,11,275,Control,40,3.23
Boston,11,11,275,Control,45,3.77
Boston,11,11,275,Control,50,3.54
Boston,11,11,275,Control,55,3.9
Boston,11,12,276,Treatment,0,4.04
Boston,11,12,276,Treatment,5,3.56
Boston,11,12,276,Treatment,10,3.22
Boston,11,12,276,Treatment,15,3.65
Boston,11,12,276,Treatment,20,3.53
Boston,11,12,276,Treatment,25,3.13
Boston,11,12,276,Treatment,30,3.33
Boston,11,12,276,Treatment,35,3.4
Boston,11,12,276,Treatment,40,3.98
Boston,11,12,276,Treatment,45,3.77
Boston,11,12,276,Treatment,50,3.5
Boston,11,12,276,Treatment,55,3.71
Boston,11,13,277,Treatment,0,3.45
Boston,11,13,277,Treatment,5,3.69
Boston,11,13,277,Treatment,10,3.63
Boston,11,13,277,Treatment,15,3.45
Boston,11,13,277,Treatment,20,3.58
Boston,11,13,277,Treatment,25,3.67
Boston,11,13,277,Treatment,30,3.59
Boston,11,13,277,Treatment,35,3.8
Boston,11,13,277,Treatment,40,3.67
Boston,11,13,277,Treatment,45,3.72
Boston,11,13,277,Treatment,50,4.02
Boston,11,13,277,Treatment,55,3.8
Boston,11,14,278,Control,0,3.42
Boston,11,14,278,Control,5,3.23
Boston,11,14,278,Control,10,3.63
Boston,11,14,278,Control,15,3.64
Boston,11,14,278,Control,20,4.06
Boston,11,14,278,Control,25,3.42
Boston,11,14,278,Control,30,3.68
Boston,11,14,278,Control,35,3.8
Boston,11,14,278,Control,40,3.73
Boston,11,14,278,Control,45,3.66
Boston,11,14,278,Control,50,3.79
Boston,11,14,278,Control,55,3.97
Boston,11,15,279,Control,0,3.71
Boston,11,15,279,Control,5,3.5
Boston,11,15,279,Control,10,4.08
Boston,11,15,279,Control,15,3.43
Boston,11,15,279,Control,20,4.15
Boston,11,15,279,Control,25,4.04
Boston,11,15,279,Control,30,4.07
Boston,11,15,279,Control,35,3.87
Boston,11,15,279,Control,40,3.17
Boston,11,15,279,Control,45,3.44
Boston,11,15,279,Control,50,3.78
Boston,11,15,279,Control,55,3.53
Boston,11,16,280,Treatment,0,3.85
Boston,11,16,280,Treatment,5,3.62
Boston,11,16,280,Treatment,10,3.32
Boston,11,16,280,Treatment,15,3.81
Boston,11,16,280,Treatment,20,3.72
Boston,11,16,280,Treatment,25,3.53
Boston,11,16,280,Treatment,30,3.77
Boston,11,16,280,Treatment,35,3.61
Boston,11,16,280,Treatment,40,3.92
Boston,11,16,280,Treatment,45,3.63
Boston,11,16,280,Treatment,50,3.92
Boston,11,16,280,Treatment,55,3.12
Boston,11,17,281,Treatment,0,3.49
Boston,11,17,281,Treatment,5,3.37
Boston,11,17,281,Treatment,10,3.88
Boston,11,17,281,Treatment,15,3.81
Boston,11,17,281,Treatment,20,3.09
Boston,11,17,281,Treatment,25,3.77
Boston,11,17,281,Treatment,30,3.74
Boston,11,17,281,Treatment,35,3.41
Boston,11,17,281,Treatment,40,3.38
Boston,11,17,281,Treatment,45,3.19
Boston,11,17,281,Treatment,50,3.5
Boston,11,17,281,Treatment,55,3.54
Boston,11,18,282,Treatment,0,3.66
Boston,11,18,282,Treatment,5,3.32
Boston,11,18,282,Treatment,10,3.65
Boston,11,18,282,Treatment,15,3.53
Boston,11,18,282,Treatment,20,3.36
Boston,11,18,282,Treatment,25,3.19
Boston,11,18,282,Treatment,30,3.75
Boston,11,18,282,Treatment,35,3.7
Boston,11,18,282,Treatment,40,3.73
Boston,11,18,282,Treatment,45,3.41
Boston,11,18,282,Treatment,50,3.63
Boston,11,18,282,Treatment,55,3.25
Boston,11,19,283,Treatment,0,3.6
Boston,11,19,283,Treatment,5,3.65
Boston,11,19,283,Treatment,10,3.18
Boston,11,19,283,Treatment,15,3.32
Boston,11,19,283,Treatment,20,3.5
Boston,11,19,283,Treatment,25,3.83
Boston,11,19,283,Treatment,30,3.39
Boston,11,19,283,Treatment,35,3.62
Boston,11,19,283,Treatment,40,3.65
Boston,11,19,283,Treatment,45,3.53
Boston,11,19,283,Treatment,50,3.66
Boston,11,19,283,Treatment,55,3.25
Boston,11,20,284,Treatment,0,3.95
Boston,11,20,284,Treatment,5,3.97
Boston,11,20,284,Treatment,10,3.8
Boston,11,20,284,Treatment,15,3.86
Boston,11,20,284,Treatment,20,3.13
Boston,11,20,284,Treatment,25,3.35
Boston,11,20,284,Treatment,30,3.51
Boston,11,20,284,Treatment,35,4.19
Boston,11,20,284,Treatment,40,3.51
Boston,11,20,284,Treatment,45,3.78
Boston,11,20,284,Treatment,50,3.68
Boston,11,20,284,Treatment,55,3.68
Boston,11,21,285,Treatment,0,3.7
Boston,11,21,285,Treatment,5,3.58
Boston,11,21,285,Treatment,10,3.29
Boston,11,21,285,Treatment,15,2.91
Boston,11,21,285,Treatment,20,3.91
Boston,11,21,285,Treatment,25,3.43
Boston,11,21,285,Treatment,30,3.12
Boston,11,21,285,Treatment,35,3.7
Boston,11,21,285,Treatment,40,3.69
Boston,11,21,285,Treatment,45,3.78
Boston,11,21,285,Treatment,50,3.87
Boston,11,21,285,Treatment,55,3.36
Boston,11,22,286,Treatment,0,3.51
Boston,11,22,286,Treatment,5,3.79
Boston,11,22,286,Treatment,10,3.06
Boston,11,22,286,Treatment,15,3.62
Boston,11,22,286,Treatment,20,3.82
Boston,11,22,286,Treatment,25,3.81
Boston,11,22,286,Treatment,30,3.77
Boston,11,22,286,Treatment,35,3.85
Boston,11,22,286,Treatment,40,2.9
Boston,11,22,286,Treatment,45,3.99
Boston,11,22,286,Treatment,50,3.67
Boston,11,22,286,Treatment,55,3.92
Boston,11,23,287,Treatment,0,3.15
Boston,11,23,287,Treatment,5,4.04
Boston,11,23,287,Treatment,10,3.36
Boston,11,23,287,Treatment,15,3.51
Boston,11,23,287,Treatment,20,3.72
Boston,11,23,287,Treatment,25,3.78
Boston,11,23,287,Treatment,30,3.86
Boston,11,23,287,Treatment,35,3.64
Boston,11,23,287,Treatment,40,3.33
Boston,11,23,287,Treatment,45,3.77
Boston,11,23,287,Treatment,50,3.77
Boston,11,23,287,Treatment,55,3.14
Boston,12,0,288,Control,0,2.97
Boston,12,0,288,Control,5,3.88
Boston,12,0,288,Control,10,3.5
Boston,12,0,288,Control,15,3.88
Boston,12,0,288,Control,20,3.83
Boston,12,0,288,Control,25,3.69
Boston,12,0,288,Control,30,3.81
Boston,12,0,288,Control,35,3.68
Boston,12,0,288,Control,40,3.88
Boston,12,0,288,Control,45,4.25
Boston,12,0,288,Control,50,3.36
Boston,12,0,288,Control,55,2.9
Boston,12,1,289,Treatment,0,3.58
Boston,12,1,289,Treatment,5,3.57
Boston,12,1,289,Treatment,10,3.39
Boston,12,1,289,Treatment,15,3.81
Boston,12,1,289,Treatment,20,3.24
Boston,12,1,289,Treatment,25,3.7
Boston,12,1,289,Treatment,30,3.75
Boston,12,1,289,Treatment,35,3.67
Boston,12,1,289,Treatment,40,3.71
Boston,12,1,289,Treatment,45,3.83
Boston,12,1,289,Treatment,50,3.6
Boston,12,1,289,Treatment,55,3.5
Boston,12,2,290,Treatment,0,3.74
Boston,12,2,290,Treatment,5,3.81
Boston,12,2,290,Treatment,10,3.16
Boston,12,2,290,Treatment,15,3.54
Boston,12,2,290,Treatment,20,3.32
Boston,12,2,290,Treatment,25,3.73
Boston,12,2,290,Treatment,30,3.77
Boston,12,2,290,Treatment,35,3.52
Boston,12,2,290,Treatment,40,3.41
Boston,12,2,290,Treatment,45,3.74
Boston,12,2,290,Treatment,50,3.56
Boston,12,2,290,Treatment,55,3.95
Boston,12,3,291,Control,0,3.84
Boston,12,3,291,Control,5,3.68
Boston,12,3,291,Control,10,4.12
Boston,12,3,291,Control,15,3.76
Boston,12,3,291,Control,20,3.58
Boston,12,3,291,Control,25,3.53
Boston,12,3,291,Control,30,3.52
Boston,12,3,291,Control,35,3.7
Boston,12,3,291,Control,40,3.82
Boston,12,3,291,Control,45,3.35
Boston,12,3,291,Control,50,3.59
Boston,12,3,291,Control,55,3.75
Boston,12,4,292,Control,0,3.69
Boston,12,4,292,Control,5,3.76
Boston,12,4,292,Control,10,3.39
Boston,12,4,292,Control,15,3.47
Boston,12,4,292,Control,20,3.68
Boston,12,4,292,Control,25,3.83
Boston,12,4,292,Control,30,3.76
Boston,12,4,292,Control,35,3.49
Boston,12,4,292,Control,40,3.64
Boston,12,4,292,Control,45,4.08
Boston,12,4,292,Control,50,3.84
Boston,12,4,292,Control,55,3.66
Boston,12,5,293,Treatment,0,3.52
Boston,12,5,293,Treatment,5,3.66
Boston,12,5,293,Treatment,10,3.69
Boston,12,5,293,Treatment,15,3.73
Boston,12,5,293,Treatment,20,3.69
Boston,12,5,293,Treatment,25,3.5
Boston,12,5,293,Treatment,30,3.46
Boston,12,5,293,Treatment,35,4.1
Boston,12,5,293,Treatment,40,3.45
Boston,12,5,293,Treatment,45,3.27
Boston,12,5,293,Treatment,50,3.18
Boston,12,5,293,Treatment,55,3.5
Boston,12,6,294,Treatment,0,3.45
Boston,12,6,294,Treatment,5,3.96
Boston,12,6,294,Treatment,10,3.59
Boston,12,6,294,Treatment,15,3.87
Boston,12,6,294,Treatment,20,3.4
Boston,12,6,294,Treatment,25,3.4
Boston,12,6,294,Treatment,30,3.61
Boston,12,6,294,Treatment,35,3.71
Boston,12,6,294,Treatment,40,3.54
Boston,12,6,294,Treatment,45,3.66
Boston,12,6,294,Treatment,50,3.74
Boston,12,6,294,Treatment,55,3.23
Boston,12,7,295,Treatment,0,3.46
Boston,12,7,295,Treatment,5,3.47
Boston,12,7,295,Treatment,10,3.69
Boston,12,7,295,Treatment,15,3.46
Boston,12,7,295,Treatment,20,3.09
Boston,12,7,295,Treatment,25,3.53
Boston,12,7,295,Treatment,30,3.32
Boston,12,7,295,Treatment,35,3.71
Boston,12,7,295,Treatment,40,3.79
Boston,12,7,295,Treatment,45,3.05
Boston,12,7,295,Treatment,50,3.4
Boston,12,7,295,Treatment,55,3.68
Boston,12,8,296,Treatment,0,3.78
Boston,12,8,296,Treatment,5,3.85
Boston,12,8,296,Treatment,10,3.55
Boston,12,8,296,Treatment,15,3.4
Boston,12,8,296,Treatment,20,3.01
Boston,12,8,296,Treatment,25,3.79
Boston,12,8,296,Treatment,30,4.09
Boston,12,8,296,Treatment,35,4.04
Boston,12,8,296,Treatment,40,3.54
Boston,12,8,296,Treatment,45,3.32
Boston,12,8,296,Treatment,50,3.8
Boston,12,8,296,Treatment,55,3.56
Boston,12,9,297,Control,0,3.66
Boston,12,9,297,Control,5,3.65
Boston,12,9,297,Control,10,3.92
Boston,12,9,297,Control,15,3.97
Boston,12,9,297,Control,20,3.57
Boston,12,9,297,Control,25,3.47
Boston,12,9,297,Control,30,3.08
Boston,12,9,297,Control,35,3.61
Boston,12,9,297,Control,40,3.43
Boston,12,9,297,Control,45,3.8
Boston,12,9,297,Control,50,3.62
Boston,12,9,297,Control,55,3.64
Boston,12,10,298,Treatment,0,3.8
Boston,12,10,298,Treatment,5,3.63
Boston,12,10,298,Treatment,10,4.05
Boston,12,10,298,Treatment,15,3.77
Boston,12,10,298,Treatment,20,3.49
Boston,12,10,298,Treatment,25,3.5
Boston,12,10,298,Treatment,30,3.79
Boston,12,10,298,Treatment,35,3.64
Boston,12,10,298,Treatment,40,3.31
Boston,12,10,298,Treatment,45,3.81
Boston,12,10,298,Treatment,50,3.9
Boston,12,10,298,Treatment,55,3.88
Boston,12,11,299,Control,0,4.11
Boston,12,11,299,Control,5,4.06
Boston,12,11,299,Control,10,3.75
Boston,12,11,299,Control,15,3.65
Boston,12,11,299,Control,20,3.24
Boston,12,11,299,Control,25,3.7
Boston,12,11,299,Control,30,3.83
Boston,12,11,299,Control,35,3.71
Boston,12,11,299,Control,40,3.23
Boston,12,11,299,Control,45,3.63
Boston,12,11,299,Control,50,3.86
Boston,12,11,299,Control,55,3.44
Boston,12,12,300,Treatment,0,3.81
Boston,12,12,300,Treatment,5,3.94
Boston,12,12,300,Treatment,10,4.05
Boston,12,12,300,Treatment,15,3.49
Boston,12,12,300,Treatment,20,3.63
Boston,12,12,300,Treatment,25,3.64
Boston,12,12,300,Treatment,30,3.75
Boston,12,12,300,Treatment,35,3.72
Boston,12,12,300,Treatment,40,3.95
Boston,12,12,300,Treatment,45,3.01
Boston,12,12,300,Treatment,50,3.69
Boston,12,12,300,Treatment,55,3.71
Boston,12,13,301,Treatment,0,3.02
Boston,12,13,301,Treatment,5,3.57
Boston,12,13,301,Treatment,10,3.41
Boston,12,13,301,Treatment,15,4.01
Boston,12,13,301,Treatment,20,3.68
Boston,12,13,301,Treatment,25,3.39
Boston,12,13,301,Treatment,30,3.08
Boston,12,13,301,Treatment,35,3.74
Boston,12,13,301,Treatment,40,3.76
Boston,12,13,301,Treatment,45,3.54
Boston,12,13,301,Treatment,50,3.74
Boston,12,13,301,Treatment,55,3.5
Boston,12,14,302,Control,0,3.84
Boston,12,14,302,Control,5,3.22
Boston,12,14,302,Control,10,3.31
Boston,12,14,302,Control,15,4.21
Boston,12,14,302,Control,20,3.93
Boston,12,14,302,Control,25,3.38
Boston,12,14,302,Control,30,3.31
Boston,12,14,302,Control,35,3.75
Boston,12,14,302,Control,40,3.41
Boston,12,14,302,Control,45,3.62
Boston,12,14,302,Control,50,3.69
Boston,12,14,302,Control,55,3.68
Boston,12,15,303,Control,0,4.16
Boston,12,15,303,Control,5,3.58
Boston,12,15,303,Control,10,3.42
Boston,12,15,303,Control,15,3.8
Boston,12,15,303,Control,20,4.11
Boston,12,15,303,Control,25,3.6
Boston,12,15,303,Control,30,3.91
Boston,12,15,303,Control,35,3.49
Boston,12,15,303,Control,40,3.71
Boston,12,15,303,Control,45,3.41
Boston,12,15,303,Control,50,3.7
Boston,12,15,303,Control,55,3.67
Boston,12,16,304,Treatment,0,4.14
Boston,12,16,304,Treatment,5,3.57
Boston,12,16,304,Treatment,10,3.13
Boston,12,16,304,Treatment,15,3.54
Boston,12,16,304,Treatment,20,3.66
Boston,12,16,304,Treatment,25,3.64
Boston,12,16,304,Treatment,30,3.55
Boston,12,16,304,Treatment,35,3.96
Boston,12,16,304,Treatment,40,3.62
Boston,12,16,304,Treatment,45,3.56
Boston,12,16,304,Treatment,50,3.39
Boston,12,16,304,Treatment,55,3.15
Boston,12,17,305,Control,0,3.65
Boston,12,17,305,Control,5,3.36
Boston,12,17,305,Control,10,3.65
Boston,12,17,305,Control,15,3.66
Boston,12,17,305,Control,20,3.54
Boston,12,17,305,Control,25,3.5
Boston,12,17,305,Control,30,3.8
Boston,12,17,305,Control,35,3.64
Boston,12,17,305,Control,40,3.55
Boston,12,17,305,Control,45,3.48
Boston,12,17,305,Control,50,3.67
Boston,12,17,305,Control,55,3.93
Boston,12,18,306,Treatment,0,3.64
Boston,12,18,306,Treatment,5,3.74
Boston,12,18,306,Treatment,10,3.97
Boston,12,18,306,Treatment,15,3.71
Boston,12,18,306,Treatment,20,3.65
Boston,12,18,306,Treatment,25,3.75
Boston,12,18,306,Treatment,30,3.55
Boston,12,18,306,Treatment,35,3.64
Boston,12,18,306,Treatment,40,3.47
Boston,12,18,306,Treatment,45,3.2
Boston,12,18,306,Treatment,50,3.67
Boston,12,18,306,Treatment,55,3.68
Boston,12,19,307,Control,0,3.85
Boston,12,19,307,Control,5,3.45
Boston,12,19,307,Control,10,3.22
Boston,12,19,307,Control,15,3.53
Boston,12,19,307,Control,20,3.31
Boston,12,19,307,Control,25,3.78
Boston,12,19,307,Control,30,3.51
Boston,12,19,307,Control,35,3.95
Boston,12,19,307,Control,40,3.94
Boston,12,19,307,Control,45,3.47
Boston,12,19,307,Control,50,3.5
Boston,12,19,307,Control,55,3.83
Boston,12,20,308,Control,0,3.2
Boston,12,20,308,Control,5,3.77
Boston,12,20,308,Control,10,3.15
Boston,12,20,308,Control,15,3.56
Boston,12,20,308,Control,20,3.97
Boston,12,20,308,Control,25,4.45
Boston,12,20,308,Control,30,3.64
Boston,12,20,308,Control,35,3.39
Boston,12,20,308,Control,40,3.57
Boston,12,20,308,Control,45,3.72
Boston,12,20,308,Control,50,3.53
Boston,12,20,308,Control,55,3.47
Boston,12,21,309,Treatment,0,3.8
Boston,12,21,309,Treatment,5,3.62
Boston,12,21,309,Treatment,10,3.41
Boston,12,21,309,Treatment,15,3.42
Boston,12,21,309,Treatment,20,3.49
Boston,12,21,309,Treatment,25,3.34
Boston,12,21,309,Treatment,30,3.41
Boston,12,21,309,Treatment,35,3.75
Boston,12,21,309,Treatment,40,3.53
Boston,12,21,309,Treatment,45,3.15
Boston,12,21,309,Treatment,50,3.85
Boston,12,21,309,Treatment,55,3.69
Boston,12,22,310,Control,0,3.5
Boston,12,22,310,Control,5,3.43
Boston,12,22,310,Control,10,3.83
Boston,12,22,310,Control,15,3.61
Boston,12,22,310,Control,20,3.68
Boston,12,22,310,Control,25,3.65
Boston,12,22,310,Control,30,3.33
Boston,12,22,310,Control,35,4.05
Boston,12,22,310,Control,40,3.87
Boston,12,22,310,Control,45,3.51
Boston,12,22,310,Control,50,3.75
Boston,12,22,310,Control,55,3.94
Boston,12,23,311,Treatment,0,4.09
Boston,12,23,311,Treatment,5,4.39
Boston,12,23,311,Treatment,10,3.59
Boston,12,23,311,Treatment,15,3.44
Boston,12,23,311,Treatment,20,3.34
Boston,12,23,311,Treatment,25,3.04
Boston,12,23,311,Treatment,30,3.9
Boston,12,23,311,Treatment,35,3.5
Boston,12,23,311,Treatment,40,3.81
Boston,12,23,311,Treatment,45,3.86
Boston,12,23,311,Treatment,50,3.32
Boston,12,23,311,Treatment,55,3.36
Boston,13,0,312,Treatment,0,3.57
Boston,13,0,312,Treatment,5,3.42
Boston,13,0,312,Treatment,10,3.33
Boston,13,0,312,Treatment,15,3.55
Boston,13,0,312,Treatment,20,3.97
Boston,13,0,312,Treatment,25,3.76
Boston,13,0,312,Treatment,30,3.63
Boston,13,0,312,Treatment,35,3.99
Boston,13,0,312,Treatment,40,3.94
Boston,13,0,312,Treatment,45,3.67
Boston,13,0,312,Treatment,50,4.28
Boston,13,0,312,Treatment,55,3.53
Boston,13,1,313,Treatment,0,3.49
Boston,13,1,313,Treatment,5,3.81
Boston,13,1,313,Treatment,10,3.53
Boston,13,1,313,Treatment,15,3.7
Boston,13,1,313,Treatment,20,4.19
Boston,13,1,313,Treatment,25,3.83
Boston,13,1,313,Treatment,30,3.71
Boston,13,1,313,Treatment,35,3.4
Boston,13,1,313,Treatment,40,3.64
Boston,13,1,313,Treatment,45,3.34
Boston,13,1,313,Treatment,50,3.81
Boston,13,1,313,Treatment,55,3.8
Boston,13,2,314,Treatment,0,4.0
Boston,13,2,314,Treatment,5,3.97
Boston,13,2,314,Treatment,10,3.63
Boston,13,2,314,Treatment,15,3.73
Boston,13,2,314,Treatment,20,3.44
Boston,13,2,314,Treatment,25,3.52
Boston,13,2,314,Treatment,30,3.32
Boston,13,2,314,Treatment,35,3.47
Boston,13,2,314,Treatment,40,3.56
Boston,13,2,314,Treatment,45,3.17
Boston,13,2,314,Treatment,50,3.73
Boston,13,2,314,Treatment,55,3.84
Boston,13,3,315,Treatment,0,2.91
Boston,13,3,315,Treatment,5,3.53
Boston,13,3,315,Treatment,10,3.24
Boston,13,3,315,Treatment,15,3.44
Boston,13,3,315,Treatment,20,3.95
Boston,13,3,315,Treatment,25,2.98
Boston,13,3,315,Treatment,30,3.38
Boston,13,3,315,Treatment,35,3.8
Boston,13,3,315,Treatment,40,3.41
Boston,13,3,315,Treatment,45,3.39
Boston,13,3,315,Treatment,50,4.1
Boston,13,3,315,Treatment,55,3.68
Boston,13,4,316,Treatment,0,3.71
Boston,13,4,316,Treatment,5,3.63
Boston,13,4,316,Treatment,10,3.91
Boston,13,4,316,Treatment,15,4.07
Boston,13,4,316,Treatment,20,3.17
Boston,13,4,316,Treatment,25,3.58
Boston,13,4,316,Treatment,30,3.58
Boston,13,4,316,Treatment,35,3.48
Boston,13,4,316,Treatment,40,3.83
Boston,13,4,316,Treatment,45,3.65
Boston,13,4,316,Treatment,50,4.07
Boston,13,4,316,Treatment,55,3.86
Boston,13,5,317,Control,0,3.29
Boston,13,5,317,Control,5,3.42
Boston,13,5,317,Control,10,3.48
Boston,13,5,317,Control,15,4.03
Boston,13,5,317,Control,20,3.46
Boston,13,5,317,Control,25,3.47
Boston,13,5,317,Control,30,3.42
Boston,13,5,317,Control,35,4.39
Boston,13,5,317,Control,40,3.66
Boston,13,5,317,Control,45,3.83
Boston,13,5,317,Control,50,3.41
Boston,13,5,317,Control,55,3.94
Boston,13,6,318,Treatment,0,3.46
Boston,13,6,318,Treatment,5,3.48
Boston,13,6,318,Treatment,10,3.68
Boston,13,6,318,Treatment,15,3.39
Boston,13,6,318,Treatment,20,3.97
Boston,13,6,318,Treatment,25,3.71
Boston,13,6,318,Treatment,30,3.42
Boston,13,6,318,Treatment,35,3.84
Boston,13,6,318,Treatment,40,3.49
Boston,13,6,318,Treatment,45,3.44
Boston,13,6,318,Treatment,50,3.81
Boston,13,6,318,Treatment,55,2.98
Boston,13,7,319,Control,0,3.41
Boston,13,7,319,Control,5,3.45
Boston,13,7,319,Control,10,4.15
Boston,13,7,319,Control,15,3.57
Boston,13,7,319,Control,20,3.94
Boston,13,7,319,Control,25,3.77
Boston,13,7,319,Control,30,3.8
Boston,13,7,319,Control,35,3.64
Boston,13,7,319,Control,40,3.62
Boston,13,7,319,Control,45,4.08
Boston,13,7,319,Control,50,3.93
Boston,13,7,319,Control,55,3.58
Boston,13,8,320,Treatment,0,3.55
Boston,13,8,320,Treatment,5,3.91
Boston,13,8,320,Treatment,10,3.92
Boston,13,8,320,Treatment,15,3.73
Boston,13,8,320,Treatment,20,3.18
Boston,13,8,320,Treatment,25,3.78
Boston,13,8,320,Treatment,30,3.91
Boston,13,8,320,Treatment,35,3.63
Boston,13,8,320,Treatment,40,4.08
Boston,13,8,320,Treatment,45,3.26
Boston,13,8,320,Treatment,50,3.76
Boston,13,8,320,Treatment,55,3.33
Boston,13,9,321,Treatment,0,3.74
Boston,13,9,321,Treatment,5,4.04
Boston,13,9,321,Treatment,10,3.71
Boston,13,9,321,Treatment,15,3.49
Boston,13,9,321,Treatment,20,3.47
Boston,13,9,321,Treatment,25,3.53
Boston,13,9,321,Treatment,30,3.46
Boston,13,9,321,Treatment,35,3.93
Boston,13,9,321,Treatment,40,3.91
Boston,13,9,321,Treatment,45,3.21
Boston,13,9,321,Treatment,50,3.6
Boston,13,9,321,Treatment,55,3.6
Boston,13,10,322,Treatment,0,3.7
Boston,13,10,322,Treatment,5,3.95
Boston,13,10,322,Treatment,10,3.81
Boston,13,10,322,Treatment,15,3.93
Boston,13,10,322,Treatment,20,3.41
Boston,13,10,322,Treatment,25,3.6
Boston,13,10,322,Treatment,30,3.4
Boston,13,10,322,Treatment,35,3.65
Boston,13,10,322,Treatment,40,3.67
Boston,13,10,322,Treatment,45,3.83
Boston,13,10,322,Treatment,50,3.92
Boston,13,10,322,Treatment,55,3.76
Boston,13,11,323,Treatment,0,3.25
Boston,13,11,323,Treatment,5,3.72
Boston,13,11,323,Treatment,10,3.96
Boston,13,11,323,Treatment,15,3.58
Boston,13,11,323,Treatment,20,3.21
Boston,13,11,323,Treatment,25,4.11
Boston,13,11,323,Treatment,30,3.71
Boston,13,11,323,Treatment,35,3.63
Boston,13,11,323,Treatment,40,3.3
Boston,13,11,323,Treatment,45,3.59
Boston,13,11,323,Treatment,50,3.76
Boston,13,11,323,Treatment,55,3.71
Boston,13,12,324,Treatment,0,3.57
Boston,13,12,324,Treatment,5,3.43
Boston,13,12,324,Treatment,10,4.01
Boston,13,12,324,Treatment,15,3.81
Boston,13,12,324,Treatment,20,3.46
Boston,13,12,324,Treatment,25,3.3
Boston,13,12,324,Treatment,30,3.66
Boston,13,12,324,Treatment,35,3.47
Boston,13,12,324,Treatment,40,3.48
Boston,13,12,324,Treatment,45,3.31
Boston,13,12,324,Treatment,50,3.34
Boston,13,12,324,Treatment,55,3.63
Boston,13,13,325,Treatment,0,4.21
Boston,13,13,325,Treatment,5,3.74
Boston,13,13,325,Treatment,10,3.3
Boston,13,13,325,Treatment,15,3.21
Boston,13,13,325,Treatment,20,3.69
Boston,13,13,325,Treatment,25,3.49
Boston,13,13,325,Treatment,30,3.92
Boston,13,13,325,Treatment,35,3.66
Boston,13,13,325,Treatment,40,3.09
Boston,13,13,325,Treatment,45,3.33
Boston,13,13,325,Treatment,50,3.42
Boston,13,13,325,Treatment,55,3.7
Boston,13,14,326,Treatment,0,3.63
Boston,13,14,326,Treatment,5,3.25
Boston,13,14,326,Treatment,10,3.59
Boston,13,14,326,Treatment,15,3.68
Boston,13,14,326,Treatment,20,3.95
Boston,13,14,326,Treatment,25,3.65
Boston,13,14,326,Treatment,30,3.38
Boston,13,14,326,Treatment,35,3.96
Boston,13,14,326,Treatment,40,3.54
Boston,13,14,326,Treatment,45,3.78
Boston,13,14,326,Treatment,50,3.44
Boston,13,14,326,Treatment,55,3.61
Boston,13,15,327,Treatment,0,3.67
Boston,13,15,327,Treatment,5,3.79
Boston,13,15,327,Treatment,10,3.47
Boston,13,15,327,Treatment,15,3.45
Boston,13,15,327,Treatment,20,3.68
Boston,13,15,327,Treatment,25,3.38
Boston,13,15,327,Treatment,30,3.21
Boston,13,15,327,Treatment,35,3.68
Boston,13,15,327,Treatment,40,3.56
Boston,13,15,327,Treatment,45,3.56
Boston,13,15,327,Treatment,50,3.72
Boston,13,15,327,Treatment,55,3.75
Boston,13,16,328,Treatment,0,3.31
Boston,13,16,328,Treatment,5,3.43
Boston,13,16,328,Treatment,10,3.74
Boston,13,16,328,Treatment,15,3.62
Boston,13,16,328,Treatment,20,3.45
Boston,13,16,328,Treatment,25,3.39
Boston,13,16,328,Treatment,30,3.74
Boston,13,16,328,Treatment,35,3.53
Boston,13,16,328,Treatment,40,3.78
Boston,13,16,328,Treatment,45,3.81
Boston,13,16,328,Treatment,50,3.51
Boston,13,16,328,Treatment,55,3.83
Boston,13,17,329,Control,0,3.66
Boston,13,17,329,Control,5,3.08
Boston,13,17,329,Control,10,3.42
Boston,13,17,329,Control,15,3.47
Boston,13,17,329,Control,20,3.62
Boston,13,17,329,Control,25,3.73
Boston,13,17,329,Control,30,3.74
Boston,13,17,329,Control,35,3.77
Boston,13,17,329,Control,40,3.53
Boston,13,17,329,Control,45,3.87
Boston,13,17,329,Control,50,4.15
Boston,13,17,329,Control,55,3.61
Boston,13,18,330,Treatment,0,3.53
Boston,13,18,330,Treatment,5,3.68
Boston,13,18,330,Treatment,10,3.49
Boston,13,18,330,Treatment,15,3.16
Boston,13,18,330,Treatment,20,3.22
Boston,13,18,330,Treatment,25,3.84
Boston,13,18,330,Treatment,30,3.91
Boston,13,18,330,Treatment,35,3.99
Boston,13,18,330,Treatment,40,3.65
Boston,13,18,330,Treatment,45,3.34
Boston,13,18,330,Treatment,50,3.48
Boston,13,18,330,Treatment,55,3.22
Boston,13,19,331,Control,0,3.65
Boston,13,19,331,Control,5,3.76
Boston,13,19,331,Control,10,4.15
Boston,13,19,331,Control,15,3.68
Boston,13,19,331,Control,20,3.36
Boston,13,19,331,Control,25,3.67
Boston,13,19,331,Control,30,3.63
Boston,13,19,331,Control,35,3.58
Boston,13,19,331,Control,40,3.79
Boston,13,19,331,Control,45,3.4
Boston,13,19,331,Control,50,3.73
Boston,13,19,331,Control,55,3.86
Boston,13,20,332,Treatment,0,3.78
Boston,13,20,332,Treatment,5,3.92
Boston,13,20,332,Treatment,10,3.52
Boston,13,20,332,Treatment,15,3.51
Boston,13,20,332,Treatment,20,3.93
Boston,13,20,332,Treatment,25,3.25
Boston,13,20,332,Treatment,30,3.49
Boston,13,20,332,Treatment,35,3.87
Boston,13,20,332,Treatment,40,3.54
Boston,13,20,332,Treatment,45,3.52
Boston,13,20,332,Treatment,50,3.52
Boston,13,20,332,Treatment,55,3.62
Boston,13,21,333,Treatment,0,3.82
Boston,13,21,333,Treatment,5,3.59
Boston,13,21,333,Treatment,10,3.86
Boston,13,21,333,Treatment,15,3.67
Boston,13,21,333,Treatment,20,3.8
Boston,13,21,333,Treatment,25,3.33
Boston,13,21,333,Treatment,30,4.02
Boston,13,21,333,Treatment,35,3.64
Boston,13,21,333,Treatment,40,2.9
Boston,13,21,333,Treatment,45,4.0
Boston,13,21,333,Treatment,50,3.59
Boston,13,21,333,Treatment,55,3.49
Boston,13,22,334,Treatment,0,3.7
Boston,13,22,334,Treatment,5,3.37
Boston,13,22,334,Treatment,10,3.44
Boston,13,22,334,Treatment,15,3.45
Boston,13,22,334,Treatment,20,3.52
Boston,13,22,334,Treatment,25,3.46
Boston,13,22,334,Treatment,30,3.8
Boston,13,22,334,Treatment,35,3.66
Boston,13,22,334,Treatment,40,3.69
Boston,13,22,334,Treatment,45,3.74
Boston,13,22,334,Treatment,50,3.57
Boston,13,22,334,Treatment,55,3.33
Boston,13,23,335,Treatment,0,3.82
Boston,13,23,335,Treatment,5,3.99
Boston,13,23,335,Treatment,10,3.85
Boston,13,23,335,Treatment,15,3.47
Boston,13,23,335,Treatment,20,3.0
Boston,13,23,335,Treatment,25,3.28
Boston,13,23,335,Treatment,30,3.75
Boston,13,23,335,Treatment,35,3.56
Boston,13,23,335,Treatment,40,3.48
Boston,13,23,335,Treatment,45,2.97
Boston,13,23,335,Treatment,50,3.59
Boston,13,23,335,Treatment,55,3.32
Phoenix,0,0,0,Treatment,0,5.0
Phoenix,0,0,0,Treatment,5,4.53
Phoenix,0,0,0,Treatment,10,4.55
Phoenix,0,0,0,Treatment,15,4.83
Phoenix,0,0,0,Treatment,20,5.0
Phoenix,0,0,0,Treatment,25,4.68
Phoenix,0,0,0,Treatment,30,5.15
Phoenix,0,0,0,Treatment,35,4.47
Phoenix,0,0,0,Treatment,40,4.42
Phoenix,0,0,0,Treatment,45,4.4
Phoenix,0,0,0,Treatment,50,4.37
Phoenix,0,0,0,Treatment,55,4.87
Phoenix,0,1,1,Treatment,0,4.43
Phoenix,0,1,1,Treatment,5,4.88
Phoenix,0,1,1,Treatment,10,4.99
Phoenix,0,1,1,Treatment,15,5.05
Phoenix,0,1,1,Treatment,20,5.0
Phoenix,0,1,1,Treatment,25,4.56
Phoenix,0,1,1,Treatment,30,4.85
Phoenix,0,1,1,Treatment,35,4.91
Phoenix,0,1,1,Treatment,40,4.67
Phoenix,0,1,1,Treatment,45,4.83
Phoenix,0,1,1,Treatment,50,4.47
Phoenix,0,1,1,Treatment,55,4.63
Phoenix,0,2,2,Control,0,5.16
Phoenix,0,2,2,Control,5,5.31
Phoenix,0,2,2,Control,10,5.43
Phoenix,0,2,2,Control,15,5.52
Phoenix,0,2,2,Control,20,5.48
Phoenix,0,2,2,Control,25,5.14
Phoenix,0,2,2,Control,30,5.29
Phoenix,0,2,2,Control,35,5.3
Phoenix,0,2,2,Control,40,5.64
Phoenix,0,2,2,Control,45,5.74
Phoenix,0,2,2,Control,50,5.68
Phoenix,0,2,2,Control,55,5.8
Phoenix,0,3,3,Control,0,5.25
Phoenix,0,3,3,Control,5,5.49
Phoenix,0,3,3,Control,10,5.32
Phoenix,0,3,3,Control,15,5.66
Phoenix,0,3,3,Control,20,5.41
Phoenix,0,3,3,Control,25,5.48
Phoenix,0,3,3,Control,30,5.67
Phoenix,0,3,3,Control,35,5.31
Phoenix,0,3,3,Control,40,5.74
Phoenix,0,3,3,Control,45,5.16
Phoenix,0,3,3,Control,50,5.58
Phoenix,0,3,3,Control,55,5.48
Phoenix,0,4,4,Treatment,0,5.16
Phoenix,0,4,4,Treatment,5,4.88
Phoenix,0,4,4,Treatment,10,5.21
Phoenix,0,4,4,Treatment,15,4.69
Phoenix,0,4,4,Treatment,20,4.76
Phoenix,0,4,4,Treatment,25,4.62
Phoenix,0,4,4,Treatment,30,5.01
Phoenix,0,4,4,Treatment,35,4.86
Phoenix,0,4,4,Treatment,40,4.85
Phoenix,0,4,4,Treatment,45,4.49
Phoenix,0,4,4,Treatment,50,4.91
Phoenix,0,4,4,Treatment,55,4.54
Phoenix,0,5,5,Control,0,4.44
Phoenix,0,5,5,Control,5,4.98
Phoenix,0,5,5,Control,10,5.53
Phoenix,0,5,5,Control,15,5.56
Phoenix,0,5,5,Control,20,5.39
Phoenix,0,5,5,Control,25,5.53
Phoenix,0,5,5,Control,30,5.53
Phoenix,0,5,5,Control,35,5.52
Phoenix,0,5,5,Control,40,5.54
Phoenix,0,5,5,Control,45,5.24
Phoenix,0,5,5,Control,50,5.53
Phoenix,0,5,5,Control,55,5.06
Phoenix,0,6,6,Treatment,0,5.22
Phoenix,0,6,6,Treatment,5,5.56
Phoenix,0,6,6,Treatment,10,4.41
Phoenix,0,6,6,Treatment,15,5.2
Phoenix,0,6,6,Treatment,20,4.38
Phoenix,0,6,6,Treatment,25,4.49
Phoenix,0,6,6,Treatment,30,4.86
Phoenix,0,6,6,Treatment,35,4.94
Phoenix,0,6,6,Treatment,40,4.71
Phoenix,0,6,6,Treatment,45,5.01
Phoenix,0,6,6,Treatment,50,4.59
Phoenix,0,6,6,Treatment,55,4.69
Phoenix,0,7,7,Control,0,4.65
Phoenix,0,7,7,Control,5,4.54
Phoenix,0,7,7,Control,10,5.26
Phoenix,0,7,7,Control,15,5.47
Phoenix,0,7,7,Control,20,5.77
Phoenix,0,7,7,Control,25,5.18
Phoenix,0,7,7,Control,30,5.34
Phoenix,0,7,7,Control,35,5.8
Phoenix,0,7,7,Control,40,5.57
Phoenix,0,7,7,Control,45,5.64
Phoenix,0,7,7,Control,50,5.61
Phoenix,0,7,7,Control,55,5.61
Phoenix,0,8,8,Treatment,0,5.52
Phoenix,0,8,8,Treatment,5,5.01
Phoenix,0,8,8,Treatment,10,5.18
Phoenix,0,8,8,Treatment,15,4.64
Phoenix,0,8,8,Treatment,20,4.76
Phoenix,0,8,8,Treatment,25,4.88
Phoenix,0,8,8,Treatment,30,4.58
Phoenix,0,8,8,Treatment,35,4.66
Phoenix,0,8,8,Treatment,40,4.9
Phoenix,0,8,8,Treatment,45,4.65
Phoenix,0,8,8,Treatment,50,5.03
Phoenix,0,8,8,Treatment,55,4.54
Phoenix,0,9,9,Control,0,5.26
Phoenix,0,9,9,Control,5,4.64
Phoenix,0,9,9,Control,10,5.25
Phoenix,0,9,9,Control,15,5.96
Phoenix,0,9,9,Control,20,5.49
Phoenix,0,9,9,Control,25,5.84
Phoenix,0,9,9,Control,30,5.66
Phoenix,0,9,9,Control,35,5.5
Phoenix,0,9,9,Control,40,5.47
Phoenix,0,9,9,Control,45,4.97
Phoenix,0,9,9,Control,50,5.42
Phoenix,0,9,9,Control,55,5.56
Phoenix,0,10,10,Control,0,6.12
Phoenix,0,10,10,Control,5,5.57
Phoenix,0,10,10,Control,10,5.66
Phoenix,0,10,10,Control,15,5.79
Phoenix,0,10,10,Control,20,5.64
Phoenix,0,10,10,Control,25,5.48
Phoenix,0,10,10,Control,30,5.48
Phoenix,0,10,10,Control,35,5.41
Phoenix,0,10,10,Control,40,5.61
Phoenix,0,10,10,Control,45,5.46
Phoenix,0,10,10,Control,50,5.66
Phoenix,0,10,10,Control,55,5.25
Phoenix,0,11,11,Control,0,5.89
Phoenix,0,11,11,Control,5,5.44
Phoenix,0,11,11,Control,10,5.96
Phoenix,0,11,11,Control,15,5.54
Phoenix,0,11,11,Control,20,5.49
Phoenix,0,11,11,Control,25,5.53
Phoenix,0,11,11,Control,30,5.42
Phoenix,0,11,11,Control,35,5.0
Phoenix,0,11,11,Control,40,5.72
Phoenix,0,11,11,Control,45,6.05
Phoenix,0,11,11,Control,50,5.62
Phoenix,0,11,11,Control,55,5.64
Phoenix,0,12,12,Control,0,5.79
Phoenix,0,12,12,Control,5,5.49
Phoenix,0,12,12,Control,10,5.57
Phoenix,0,12,12,Control,15,5.11
Phoenix,0,12,12,Control,20,5.37
Phoenix,0,12,12,Control,25,5.59
Phoenix,0,12,12,Control,30,5.73
Phoenix,0,12,12,Control,35,5.73
Phoenix,0,12,12,Control,40,5.11
Phoenix,0,12,12,Control,45,5.13
Phoenix,0,12,12,Control,50,5.65
Phoenix,0,12,12,Control,55,5.31
Phoenix,0,13,13,Treatment,0,5.09
Phoenix,0,13,13,Treatment,5,5.24
Phoenix,0,13,13,Treatment,10,5.01
Phoenix,0,13,13,Treatment,15,4.91
Phoenix,0,13,13,Treatment,20,4.53
Phoenix,0,13,13,Treatment,25,4.29
Phoenix,0,13,13,Treatment,30,4.83
Phoenix,0,13,13,Treatment,35,4.92
Phoenix,0,13,13,Treatment,40,5.04
Phoenix,0,13,13,Treatment,45,4.7
Phoenix,0,13,13,Treatment,50,4.98
Phoenix,0,13,13,Treatment,55,4.91
Phoenix,0,14,14,Treatment,0,4.77
Phoenix,0,14,14,Treatment,5,4.35
Phoenix,0,14,14,Treatment,10,4.77
Phoenix,0,14,14,Treatment,15,4.81
Phoenix,0,14,14,Treatment,20,4.91
Phoenix,0,14,14,Treatment,25,4.4
Phoenix,0,14,14,Treatment,30,4.71
Phoenix,0,14,14,Treatment,35,5.0
Phoenix,0,14,14,Treatment,40,4.76
Phoenix,0,14,14,Treatment,45,4.71
Phoenix,0,14,14,Treatment,50,5.26
Phoenix,0,14,14,Treatment,55,4.52
Phoenix,0,15,15,Treatment,0,5.04
Phoenix,0,15,15,Treatment,5,4.73
Phoenix,0,15,15,Treatment,10,4.78
Phoenix,0,15,15,Treatment,15,4.78
Phoenix,0,15,15,Treatment,20,4.83
Phoenix,0,15,15,Treatment,25,4.64
Phoenix,0,15,15,Treatment,30,4.68
Phoenix,0,15,15,Treatment,35,4.7
Phoenix,0,15,15,Treatment,40,4.7
Phoenix,0,15,15,Treatment,45,4.71
Phoenix,0,15,15,Treatment,50,4.22
Phoenix,0,15,15,Treatment,55,4.81
Phoenix,0,16,16,Control,0,4.32
Phoenix,0,16,16,Control,5,4.94
Phoenix,0,16,16,Control,10,5.17
Phoenix,0,16,16,Control,15,5.82
Phoenix,0,16,16,Control,20,5.37
Phoenix,0,16,16,Control,25,5.67
Phoenix,0,16,16,Control,30,5.85
Phoenix,0,16,16,Control,35,5.34
Phoenix,0,16,16,Control,40,5.49
Phoenix,0,16,16,Control,45,5.93
Phoenix,0,16,16,Control,50,5.56
Phoenix,0,16,16,Control,55,5.59
Phoenix,0,17,17,Treatment,0,5.67
Phoenix,0,17,17,Treatment,5,5.25
Phoenix,0,17,17,Treatment,10,4.57
Phoenix,0,17,17,Treatment,15,4.7
Phoenix,0,17,17,Treatment,20,4.49
Phoenix,0,17,17,Treatment,25,4.81
Phoenix,0,17,17,Treatment,30,4.56
Phoenix,0,17,17,Treatment,35,4.9
Phoenix,0,17,17,Treatment,40,4.8
Phoenix,0,17,17,Treatment,45,4.47
Phoenix,0,17,17,Treatment,50,4.66
Phoenix,0,17,17,Treatment,55,4.94
Phoenix,0,18,18,Treatment,0,4.56
Phoenix,0,18,18,Treatment,5,4.51
Phoenix,0,18,18,Treatment,10,5.27
Phoenix,0,18,18,Treatment,15,4.78
Phoenix,0,18,18,Treatment,20,4.81
Phoenix,0,18,18,Treatment,25,4.6
Phoenix,0,18,18,Treatment,30,4.84
Phoenix,0,18,18,Treatment,35,5.21
Phoenix,0,18,18,Treatment,40,4.85
Phoenix,0,18,18,Treatment,45,5.05
Phoenix,0,18,18,Treatment,50,4.79
Phoenix,0,18,18,Treatment,55,4.53
Phoenix,0,19,19,Treatment,0,4.51
Phoenix,0,19,19,Treatment,5,4.84
Phoenix,0,19,19,Treatment,10,5.09
Phoenix,0,19,19,Treatment,15,4.83
Phoenix,0,19,19,Treatment,20,4.71
Phoenix,0,19,19,Treatment,25,4.59
Phoenix,0,19,19,Treatment,30,4.87
Phoenix,0,19,19,Treatment,35,4.48
Phoenix,0,19,19,Treatment,40,4.5
Phoenix,0,19,19,Treatment,45,5.01
Phoenix,0,19,19,Treatment,50,4.72
Phoenix,0,19,19,Treatment,55,4.71
Phoenix,0,20,20,Treatment,0,4.97
Phoenix,0,20,20,Treatment,5,4.83
Phoenix,0,20,20,Treatment,10,4.6
Phoenix,0,20,20,Treatment,15,4.61
Phoenix,0,20,20,Treatment,20,4.74
Phoenix,0,20,20,Treatment,25,4.86
Phoenix,0,20,20,Treatment,30,4.78
Phoenix,0,20,20,Treatment,35,4.75
Phoenix,0,20,20,Treatment,40,4.8
Phoenix,0,20,20,Treatment,45,4.78
Phoenix,0,20,20,Treatment,50,4.59
Phoenix,0,20,20,Treatment,55,5.06
Phoenix,0,21,21,Control,0,4.82
Phoenix,0,21,21,Control,5,4.51
Phoenix,0,21,21,Control,10,5.21
Phoenix,0,21,21,Control,15,5.23
Phoenix,0,21,21,Control,20,5.26
Phoenix,0,21,21,Control,25,6.11
Phoenix,0,21,21,Control,30,5.56
Phoenix,0,21,21,Control,35,5.81
Phoenix,0,21,21,Control,40,5.71
Phoenix,0,21,21,Control,45,5.75
Phoenix,0,21,21,Control,50,5.45
Phoenix,0,21,21,Control,55,5.9
Phoenix,0,22,22,Control,0,5.51
Phoenix,0,22,22,Control,5,5.57
Phoenix,0,22,22,Control,10,5.47
Phoenix,0,22,22,Control,15,5.51
Phoenix,0,22,22,Control,20,5.49
Phoenix,0,22,22,Control,25,5.6
Phoenix,0,22,22,Control,30,5.93
Phoenix,0,22,22,Control,35,5.2
Phoenix,0,22,22,Control,40,5.79
Phoenix,0,22,22,Control,45,5.41
Phoenix,0,22,22,Control,50,5.82
Phoenix,0,22,22,Control,55,5.42
Phoenix,0,23,23,Treatment,0,5.46
Phoenix,0,23,23,Treatment,5,4.83
Phoenix,0,23,23,Treatment,10,5.46
Phoenix,0,23,23,Treatment,15,4.55
Phoenix,0,23,23,Treatment,20,4.81
Phoenix,0,23,23,Treatment,25,4.52
Phoenix,0,23,23,Treatment,30,4.45
Phoenix,0,23,23,Treatment,35,4.73
Phoenix,0,23,23,Treatment,40,4.64
Phoenix,0,23,23,Treatment,45,4.49
Phoenix,0,23,23,Treatment,50,4.78
Phoenix,0,23,23,Treatment,55,4.41
Phoenix,1,0,24,Control,0,4.75
Phoenix,1,0,24,Control,5,4.4
Phoenix,1,0,24,Control,10,5.13
Phoenix,1,0,24,Control,15,5.62
Phoenix,1,0,24,Control,20,5.23
Phoenix,1,0,24,Control,25,5.63
Phoenix,1,0,24,Control,30,5.61
Phoenix,1,0,24,Control,35,5.25
Phoenix,1,0,24,Control,40,5.5
Phoenix,1,0,24,Control,45,5.71
Phoenix,1,0,24,Control,50,5.28
Phoenix,1,0,24,Control,55,5.45
Phoenix,1,1,25,Control,0,5.29
Phoenix,1,1,25,Control,5,5.61
Phoenix,1,1,25,Control,10,5.23
Phoenix,1,1,25,Control,15,5.46
Phoenix,1,1,25,Control,20,5.61
Phoenix,1,1,25,Control,25,4.9
Phoenix,1,1,25,Control,30,5.37
Phoenix,1,1,25,Control,35,5.61
Phoenix,1,1,25,Control,40,5.56
Phoenix,1,1,25,Control,45,5.37
Phoenix,1,1,25,Control,50,5.22
Phoenix,1,1,25,Control,55,5.66
Phoenix,1,2,26,Treatment,0,5.64
Phoenix,1,2,26,Treatment,5,5.36
Phoenix,1,2,26,Treatment,10,4.91
Phoenix,1,2,26,Treatment,15,5.05
Phoenix,1,2,26,Treatment,20,4.64
Phoenix,1,2,26,Treatment,25,5.08
Phoenix,1,2,26,Treatment,30,5.12
Phoenix,1,2,26,Treatment,35,5.05
Phoenix,1,2,26,Treatment,40,4.74
Phoenix,1,2,26,Treatment,45,5.42
Phoenix,1,2,26,Treatment,50,4.82
Phoenix,1,2,26,Treatment,55,4.85
Phoenix,1,3,27,Control,0,4.5
Phoenix,1,3,27,Control,5,5.35
Phoenix,1,3,27,Control,10,5.12
Phoenix,1,3,27,Control,15,5.73
Phoenix,1,3,27,Control,20,5.79
Phoenix,1,3,27,Control,25,5.65
Phoenix,1,3,27,Control,30,5.33
Phoenix,1,3,27,Control,35,5.41
Phoenix,1,3,27,Control,40,4.83
Phoenix,1,3,27,Control,45,5.47
Phoenix,1,3,27,Control,50,5.7
Phoenix,1,3,27,Control,55,5.44
Phoenix,1,4,28,Treatment,0,5.43
Phoenix,1,4,28,Treatment,5,5.57
Phoenix,1,4,28,Treatment,10,5.01
Phoenix,1,4,28,Treatment,15,5.25
Phoenix,1,4,28,Treatment,20,4.64
Phoenix,1,4,28,Treatment,25,4.84
Phoenix,1,4,28,Treatment,30,4.68
Phoenix,1,4,28,Treatment,35,5.3
Phoenix,1,4,28,Treatment,40,4.83
Phoenix,1,4,28,Treatment,45,5.32
Phoenix,1,4,28,Treatment,50,4.68
Phoenix,1,4,28,Treatment,55,5.17
Phoenix,1,5,29,Treatment,0,4.99
Phoenix,1,5,29,Treatment,5,4.48
Phoenix,1,5,29,Treatment,10,4.87
Phoenix,1,5,29,Treatment,15,4.52
Phoenix,1,5,29,Treatment,20,4.85
Phoenix,1,5,29,Treatment,25,4.41
Phoenix,1,5,29,Treatment,30,4.76
Phoenix,1,5,29,Treatment,35,5.06
Phoenix,1,5,29,Treatment,40,4.92
Phoenix,1,5,29,Treatment,45,4.48
Phoenix,1,5,29,Treatment,50,4.31
Phoenix,1,5,29,Treatment,55,4.91
Phoenix,1,6,30,Treatment,0,4.54
Phoenix,1,6,30,Treatment,5,5.31
Phoenix,1,6,30,Treatment,10,4.78
Phoenix,1,6,30,Treatment,15,4.3
Phoenix,1,6,30,Treatment,20,4.39
Phoenix,1,6,30,Treatment,25,4.98
Phoenix,1,6,30,Treatment,30,4.82
Phoenix,1,6,30,Treatment,35,5.16
Phoenix,1,6,30,Treatment,40,4.49
Phoenix,1,6,30,Treatment,45,4.81
Phoenix,1,6,30,Treatment,50,4.79
Phoenix,1,6,30,Treatment,55,4.75
Phoenix,1,7,31,Treatment,0,4.69
Phoenix,1,7,31,Treatment,5,4.83
Phoenix,1,7,31,Treatment,10,4.86
Phoenix,1,7,31,Treatment,15,4.85
Phoenix,1,7,31,Treatment,20,5.09
Phoenix,1,7,31,Treatment,25,4.48
Phoenix,1,7,31,Treatment,30,4.33
Phoenix,1,7,31,Treatment,35,5.04
Phoenix,1,7,31,Treatment,40,4.55
Phoenix,1,7,31,Treatment,45,4.69
Phoenix,1,7,31,Treatment,50,4.63
Phoenix,1,7,31,Treatment,55,4.63
Phoenix,1,8,32,Treatment,0,4.64
Phoenix,1,8,32,Treatment,5,4.95
Phoenix,1,8,32,Treatment,10,4.78
Phoenix,1,8,32,Treatment,15,4.91
Phoenix,1,8,32,Treatment,20,4.66
Phoenix,1,8,32,Treatment,25,5.01
Phoenix,1,8,32,Treatment,30,4.66
Phoenix,1,8,32,Treatment,35,4.26
Phoenix,1,8,32,Treatment,40,4.86
Phoenix,1,8,32,Treatment,45,4.98
Phoenix,1,8,32,Treatment,50,4.65
Phoenix,1,8,32,Treatment,55,5.08
Phoenix,1,9,33,Control,0,4.95
Phoenix,1,9,33,Control,5,5.46
Phoenix,1,9,33,Control,10,5.27
Phoenix,1,9,33,Control,15,5.44
Phoenix,1,9,33,Control,20,5.47
Phoenix,1,9,33,Control,25,5.91
Phoenix,1,9,33,Control,30,5.6
Phoenix,1,9,33,Control,35,6.04
Phoenix,1,9,33,Control,40,5.57
Phoenix,1,9,33,Control,45,5.34
Phoenix,1,9,33,Control,50,5.35
Phoenix,1,9,33,Control,55,5.52
Phoenix,1,10,34,Control,0,5.38
Phoenix,1,10,34,Control,5,5.39
Phoenix,1,10,34,Control,10,5.56
Phoenix,1,10,34,Control,15,5.99
Phoenix,1,10,34,Control,20,5.51
Phoenix,1,10,34,Control,25,5.02
Phoenix,1,10,34,Control,30,5.27
Phoenix,1,10,34,Control,35,5.57
Phoenix,1,10,34,Control,40,5.52
Phoenix,1,10,34,Control,45,5.91
Phoenix,1,10,34,Control,50,5.74
Phoenix,1,10,34,Control,55,5.73
Phoenix,1,11,35,Treatment,0,5.77
Phoenix,1,11,35,Treatment,5,5.04
Phoenix,1,11,35,Treatment,10,5.27
Phoenix,1,11,35,Treatment,15,4.71
Phoenix,1,11,35,Treatment,20,4.42
Phoenix,1,11,35,Treatment,25,4.93
Phoenix,1,11,35,Treatment,30,5.13
Phoenix,1,11,35,Treatment,35,4.68
Phoenix,1,11,35,Treatment,40,5.18
Phoenix,1,11,35,Treatment,45,4.37
Phoenix,1,11,35,Treatment,50,4.49
Phoenix,1,11,35,Treatment,55,4.75
Phoenix,1,12,36,Treatment,0,4.62
Phoenix,1,12,36,Treatment,5,4.82
Phoenix,1,12,36,Treatment,10,4.65
Phoenix,1,12,36,Treatment,15,4.7
Phoenix,1,12,36,Treatment,20,4.85
Phoenix,1,12,36,Treatment,25,4.62
Phoenix,1,12,36,Treatment,30,4.76
Phoenix,1,12,36,Treatment,35,4.62
Phoenix,1,12,36,Treatment,40,4.48
Phoenix,1,12,36,Treatment,45,4.98
Phoenix,1,12,36,Treatment,50,5.21
Phoenix,1,12,36,Treatment,55,5.05
Phoenix,1,13,37,Control,0,4.62
Phoenix,1,13,37,Control,5,4.95
Phoenix,1,13,37,Control,10,5.53
Phoenix,1,13,37,Control,15,4.93
Phoenix,1,13,37,Control,20,5.41
Phoenix,1,13,37,Control,25,5.68
Phoenix,1,13,37,Control,30,5.22
Phoenix,1,13,37,Control,35,5.61
Phoenix,1,13,37,Control,40,5.59
Phoenix,1,13,37,Control,45,5.14
Phoenix,1,13,37,Control,50,5.52
Phoenix,1,13,37,Control,55,5.35
Phoenix,1,14,38,Treatment,0,5.67
Phoenix,1,14,38,Treatment,5,5.36
Phoenix,1,14,38,Treatment,10,5.04
Phoenix,1,14,38,Treatment,15,4.86
Phoenix,1,14,38,Treatment,20,4.49
Phoenix,1,14,38,Treatment,25,4.78
Phoenix,1,14,38,Treatment,30,4.59
Phoenix,1,14,38,Treatment,35,5.04
Phoenix,1,14,38,Treatment,40,4.96
Phoenix,1,14,38,Treatment,45,4.96
Phoenix,1,14,38,Treatment,50,5.21
Phoenix,1,14,38,Treatment,55,4.7
Phoenix,1,15,39,Control,0,4.7
Phoenix,1,15,39,Control,5,4.62
Phoenix,1,15,39,Control,10,4.88
Phoenix,1,15,39,Control,15,5.66
Phoenix,1,15,39,Control,20,5.15
Phoenix,1,15,39,Control,25,5.23
Phoenix,1,15,39,Control,30,5.47
Phoenix,1,15,39,Control,35,5.4
Phoenix,1,15,39,Control,40,5.72
Phoenix,1,15,39,Control,45,5.52
Phoenix,1,15,39,Control,50,5.3
Phoenix,1,15,39,Control,55,5.74
Phoenix,1,16,40,Control,0,5.15
Phoenix,1,16,40,Control,5,5.56
Phoenix,1,16,40,Control,10,5.32
Phoenix,1,16,40,Control,15,5.31
Phoenix,1,16,40,Control,20,5.97
Phoenix,1,16,40,Control,25,5.53
Phoenix,1,16,40,Control,30,5.45
Phoenix,1,16,40,Control,35,5.52
Phoenix,1,16,40,Control,40,5.72
Phoenix,1,16,40,Control,45,5.32
Phoenix,1,16,40,Control,50,5.37
Phoenix,1,16,40,Control,55,5.66
Phoenix,1,17,41,Treatment,0,5.75
Phoenix,1,17,41,Treatment,5,4.86
Phoenix,1,17,41,Treatment,10,4.96
Phoenix,1,17,41,Treatment,15,4.39
Phoenix,1,17,41,Treatment,20,4.52
Phoenix,1,17,41,Treatment,25,5.11
Phoenix,1,17,41,Treatment,30,5.05
Phoenix,1,17,41,Treatment,35,5.07
Phoenix,1,17,41,Treatment,40,4.42
Phoenix,1,17,41,Treatment,45,4.52
Phoenix,1,17,41,Treatment,50,4.87
Phoenix,1,17,41,Treatment,55,4.96
Phoenix,1,18,42,Treatment,0,4.64
Phoenix,1,18,42,Treatment,5,4.5
Phoenix,1,18,42,Treatment,10,5.2
Phoenix,1,18,42,Treatment,15,4.67
Phoenix,1,18,42,Treatment,20,4.79
Phoenix,1,18,42,Treatment,25,4.81
Phoenix,1,18,42,Treatment,30,5.06
Phoenix,1,18,42,Treatment,35,4.55
Phoenix,1,18,42,Treatment,40,5.08
Phoenix,1,18,42,Treatment,45,4.47
Phoenix,1,18,42,Treatment,50,5.08
Phoenix,1,18,42,Treatment,55,4.36
Phoenix,1,19,43,Treatment,0,5.19
Phoenix,1,19,43,Treatment,5,4.96
Phoenix,1,19,43,Treatment,10,4.89
Phoenix,1,19,43,Treatment,15,4.52
Phoenix,1,19,43,Treatment,20,4.6
Phoenix,1,19,43,Treatment,25,5.12
Phoenix,1,19,43,Treatment,30,4.9
Phoenix,1,19,43,Treatment,35,5.01
Phoenix,1,19,43,Treatment,40,4.8
Phoenix,1,19,43,Treatment,45,4.71
Phoenix,1,19,43,Treatment,50,4.98
Phoenix,1,19,43,Treatment,55,4.85
Phoenix,1,20,44,Control,0,4.43
Phoenix,1,20,44,Control,5,5.26
Phoenix,1,20,44,Control,10,5.37
Phoenix,1,20,44,Control,15,5.35
Phoenix,1,20,44,Control,20,5.79
Phoenix,1,20,44,Control,25,5.56
Phoenix,1,20,44,Control,30,5.57
Phoenix,1,20,44,Control,35,5.72
Phoenix,1,20,44,Control,40,5.67
Phoenix,1,20,44,Control,45,5.57
Phoenix,1,20,44,Control,50,5.45
Phoenix,1,20,44,Control,55,6.0
Phoenix,1,21,45,Treatment,0,5.69
Phoenix,1,21,45,Treatment,5,5.24
Phoenix,1,21,45,Treatment,10,5.14
Phoenix,1,21,45,Treatment,15,5.09
Phoenix,1,21,45,Treatment,20,4.71
Phoenix,1,21,45,Treatment,25,4.94
Phoenix,1,21,45,Treatment,30,4.85
Phoenix,1,21,45,Treatment,35,4.62
Phoenix,1,21,45,Treatment,40,5.1
Phoenix,1,21,45,Treatment,45,4.96
Phoenix,1,21,45,Treatment,50,4.68
Phoenix,1,21,45,Treatment,55,5.06
Phoenix,1,22,46,Treatment,0,4.78
Phoenix,1,22,46,Treatment,5,4.68
Phoenix,1,22,46,Treatment,10,4.97
Phoenix,1,22,46,Treatment,15,4.67
Phoenix,1,22,46,Treatment,20,4.97
Phoenix,1,22,46,Treatment,25,4.93
Phoenix,1,22,46,Treatment,30,4.69
Phoenix,1,22,46,Treatment,35,5.24
Phoenix,1,22,46,Treatment,40,4.6
Phoenix,1,22,46,Treatment,45,4.43
Phoenix,1,22,46,Treatment,50,5.0
Phoenix,1,22,46,Treatment,55,4.25
Phoenix,1,23,47,Control,0,4.81
Phoenix,1,23,47,Control,5,4.67
Phoenix,1,23,47,Control,10,5.02
Phoenix,1,23,47,Control,15,5.09
Phoenix,1,23,47,Control,20,5.6
Phoenix,1,23,47,Control,25,5.17
Phoenix,1,23,47,Control,30,5.63
Phoenix,1,23,47,Control,35,5.42
Phoenix,1,23,47,Control,40,5.38
Phoenix,1,23,47,Control,45,5.63
Phoenix,1,23,47,Control,50,5.66
Phoenix,1,23,47,Control,55,5.79
Phoenix,2,0,48,Control,0,5.49
Phoenix,2,0,48,Control,5,5.34
Phoenix,2,0,48,Control,10,5.54
Phoenix,2,0,48,Control,15,5.31
Phoenix,2,0,48,Control,20,5.39
Phoenix,2,0,48,Control,25,5.4
Phoenix,2,0,48,Control,30,5.57
Phoenix,2,0,48,Control,35,5.5
Phoenix,2,0,48,Control,40,5.63
Phoenix,2,0,48,Control,45,5.47
Phoenix,2,0,48,Control,50,5.36
Phoenix,2,0,48,Control,55,5.55
Phoenix,2,1,49,Treatment,0,5.64
Phoenix,2,1,49,Treatment,5,5.19
Phoenix,2,1,49,Treatment,10,5.07
Phoenix,2,1,49,Treatment,15,4.84
Phoenix,2,1,49,Treatment,20,5.19
Phoenix,2,1,49,Treatment,25,4.88
Phoenix,2,1,49,Treatment,30,4.8
Phoenix,2,1,49,Treatment,35,4.61
Phoenix,2,1,49,Treatment,40,4.99
Phoenix,2,1,49,Treatment,45,4.72
Phoenix,2,1,49,Treatment,50,4.4
Phoenix,2,1,49,Treatment,55,4.74
Phoenix,2,2,50,Treatment,0,4.58
Phoenix,2,2,50,Treatment,5,4.76
Phoenix,2,2,50,Treatment,10,4.77
Phoenix,2,2,50,Treatment,15,4.77
Phoenix,2,2,50,Treatment,20,5.09
Phoenix,2,2,50,Treatment,25,4.46
Phoenix,2,2,50,Treatment,30,5.29
Phoenix,2,2,50,Treatment,35,4.78
Phoenix,2,2,50,Treatment,40,4.93
Phoenix,2,2,50,Treatment,45,4.82
Phoenix,2,2,50,Treatment,50,4.35
Phoenix,2,2,50,Treatment,55,4.52
Phoenix,2,3,51,Control,0,5.03
Phoenix,2,3,51,Control,5,4.68
Phoenix,2,3,51,Control,10,5.05
Phoenix,2,3,51,Control,15,5.54
Phoenix,2,3,51,Control,20,5.62
Phoenix,2,3,51,Control,25,5.61
Phoenix,2,3,51,Control,30,5.25
Phoenix,2,3,51,Control,35,5.1
Phoenix,2,3,51,Control,40,5.63
Phoenix,2,3,51,Control,45,5.86
Phoenix,2,3,51,Control,50,5.41
Phoenix,2,3,51,Control,55,5.21
Phoenix,2,4,52,Control,0,5.6
Phoenix,2,4,52,Control,5,5.44
Phoenix,2,4,52,Control,10,5.85
Phoenix,2,4,52,Control,15,5.73
Phoenix,2,4,52,Control,20,5.55
Phoenix,2,4,52,Control,25,5.01
Phoenix,2,4,52,Control,30,5.33
Phoenix,2,4,52,Control,35,5.36
Phoenix,2,4,52,Control,40,5.31
Phoenix,2,4,52,Control,45,5.55
Phoenix,2,4,52,Control,50,5.55
Phoenix,2,4,52,Control,55,5.08
Phoenix,2,5,53,Control,0,5.5
Phoenix,2,5,53,Control,5,5.59
Phoenix,2,5,53,Control,10,5.69
Phoenix,2,5,53,Control,15,5.31
Phoenix,2,5,53,Control,20,5.81
Phoenix,2,5,53,Control,25,5.46
Phoenix,2,5,53,Control,30,5.88
Phoenix,2,5,53,Control,35,5.28
Phoenix,2,5,53,Control,40,5.86
Phoenix,2,5,53,Control,45,5.27
Phoenix,2,5,53,Control,50,6.14
Phoenix,2,5,53,Control,55,5.26
Phoenix,2,6,54,Control,0,5.41
Phoenix,2,6,54,Control,5,5.68
Phoenix,2,6,54,Control,10,5.49
Phoenix,2,6,54,Control,15,5.23
Phoenix,2,6,54,Control,20,4.8
Phoenix,2,6,54,Control,25,6.13
Phoenix,2,6,54,Control,30,5.52
Phoenix,2,6,54,Control,35,4.76
Phoenix,2,6,54,Control,40,5.58
Phoenix,2,6,54,Control,45,5.67
Phoenix,2,6,54,Control,50,5.32
Phoenix,2,6,54,Control,55,5.32
Phoenix,2,7,55,Treatment,0,5.8
Phoenix,2,7,55,Treatment,5,5.29
Phoenix,2,7,55,Treatment,10,5.39
Phoenix,2,7,55,Treatment,15,5.07
Phoenix,2,7,55,Treatment,20,4.73
Phoenix,2,7,55,Treatment,25,4.39
Phoenix,2,7,55,Treatment,30,4.73
Phoenix,2,7,55,Treatment,35,4.92
Phoenix,2,7,55,Treatment,40,4.8
Phoenix,2,7,55,Treatment,45,4.94
Phoenix,2,7,55,Treatment,50,5.0
Phoenix,2,7,55,Treatment,55,4.92
Phoenix,2,8,56,Treatment,0,4.91
Phoenix,2,8,56,Treatment,5,5.34
Phoenix,2,8,56,Treatment,10,4.41
Phoenix,2,8,56,Treatment,15,4.91
Phoenix,2,8,56,Treatment,20,5.24
Phoenix,2,8,56,Treatment,25,4.49
Phoenix,2,8,56,Treatment,30,5.04
Phoenix,2,8,56,Treatment,35,5.07
Phoenix,2,8,56,Treatment,40,4.42
Phoenix,2,8,56,Treatment,45,4.96
Phoenix,2,8,56,Treatment,50,4.72
Phoenix,2,8,56,Treatment,55,4.77
Phoenix,2,9,57,Control,0,5.11
Phoenix,2,9,57,Control,5,5.0
Phoenix,2,9,57,Control,10,5.15
Phoenix,2,9,57,Control,15,5.39
Phoenix,2,9,57,Control,20,5.41
Phoenix,2,9,57,Control,25,5.23
Phoenix,2,9,57,Control,30,5.38
Phoenix,2,9,57,Control,35,5.53
Phoenix,2,9,57,Control,40,5.6
Phoenix,2,9,57,Control,45,5.8
Phoenix,2,9,57,Control,50,5.56
Phoenix,2,9,57,Control,55,5.38
Phoenix,2,10,58,Treatment,0,5.57
Phoenix,2,10,58,Treatment,5,5.23
Phoenix,2,10,58,Treatment,10,5.0
Phoenix,2,10,58,Treatment,15,4.85
Phoenix,2,10,58,Treatment,20,4.91
Phoenix,2,10,58,Treatment,25,4.85
Phoenix,2,10,58,Treatment,30,4.74
Phoenix,2,10,58,Treatment,35,4.58
Phoenix,2,10,58,Treatment,40,4.63
Phoenix,2,10,58,Treatment,45,5.0
Phoenix,2,10,58,Treatment,50,4.68
Phoenix,2,10,58,Treatment,55,4.45
Phoenix,2,11,59,Control,0,4.55
Phoenix,2,11,59,Control,5,5.03
Phoenix,2,11,59,Control,10,5.38
Phoenix,2,11,59,Control,15,5.5
Phoenix,2,11,59,Control,20,4.88
Phoenix,2,11,59,Control,25,5.6
Phoenix,2,11,59,Control,30,5.83
Phoenix,2,11,59,Control,35,5.7
Phoenix,2,11,59,Control,40,4.97
Phoenix,2,11,59,Control,45,6.03
Phoenix,2,11,59,Control,50,5.17
Phoenix,2,11,59,Control,55,5.23
Phoenix,2,12,60,Treatment,0,5.61
Phoenix,2,12,60,Treatment,5,5.28
Phoenix,2,12,60,Treatment,10,4.88
Phoenix,2,12,60,Treatment,15,5.12
Phoenix,2,12,60,Treatment,20,4.78
Phoenix,2,12,60,Treatment,25,4.39
Phoenix,2,12,60,Treatment,30,5.09
Phoenix,2,12,60,Treatment,35,4.84
Phoenix,2,12,60,Treatment,40,5.06
Phoenix,2,12,60,Treatment,45,4.93
Phoenix,2,12,60,Treatment,50,5.38
Phoenix,2,12,60,Treatment,55,4.71
Phoenix,2,13,61,Treatment,0,4.96
Phoenix,2,13,61,Treatment,5,4.71
Phoenix,2,13,61,Treatment,10,4.99
Phoenix,2,13,61,Treatment,15,4.05
Phoenix,2,13,61,Treatment,20,4.77
Phoenix,2,13,61,Treatment,25,4.76
Phoenix,2,13,61,Treatment,30,4.75
Phoenix,2,13,61,Treatment,35,4.57
Phoenix,2,13,61,Treatment,40,5.01
Phoenix,2,13,61,Treatment,45,4.66
Phoenix,2,13,61,Treatment,50,4.84
Phoenix,2,13,61,Treatment,55,4.78
Phoenix,2,14,62,Control,0,5.14
Phoenix,2,14,62,Control,5,5.07
Phoenix,2,14,62,Control,10,5.47
Phoenix,2,14,62,Control,15,5.54
Phoenix,2,14,62,Control,20,5.37
Phoenix,2,14,62,Control,25,5.46
Phoenix,2,14,62,Control,30,5.43
Phoenix,2,14,62,Control,35,5.64
Phoenix,2,14,62,Control,40,5.53
Phoenix,2,14,62,Control,45,5.3
Phoenix,2,14,62,Control,50,5.44
Phoenix,2,14,62,Control,55,5.12
Phoenix,2,15,63,Control,0,5.5
Phoenix,2,15,63,Control,5,5.95
Phoenix,2,15,63,Control,10,5.84
Phoenix,2,15,63,Control,15,5.24
Phoenix,2,15,63,Control,20,5.55
Phoenix,2,15,63,Control,25,5.55
Phoenix,2,15,63,Control,30,5.44
Phoenix,2,15,63,Control,35,5.46
Phoenix,2,15,63,Control,40,5.41
Phoenix,2,15,63,Control,45,5.97
Phoenix,2,15,63,Control,50,5.4
Phoenix,2,15,63,Control,55,5.59
Phoenix,2,16,64,Control,0,5.71
Phoenix,2,16,64,Control,5,5.8
Phoenix,2,16,64,Control,10,5.24
Phoenix,2,16,64,Control,15,5.37
Phoenix,2,16,64,Control,20,5.61
Phoenix,2,16,64,Control,25,5.5
Phoenix,2,16,64,Control,30,5.62
Phoenix,2,16,64,Control,35,5.43
Phoenix,2,16,64,Control,40,5.97
Phoenix,2,16,64,Control,45,5.33
Phoenix,2,16,64,Control,50,6.17
Phoenix,2,16,64,Control,55,5.81
Phoenix,2,17,65,Treatment,0,5.24
Phoenix,2,17,65,Treatment,5,5.49
Phoenix,2,17,65,Treatment,10,5.17
Phoenix,2,17,65,Treatment,15,4.26
Phoenix,2,17,65,Treatment,20,4.43
Phoenix,2,17,65,Treatment,25,4.87
Phoenix,2,17,65,Treatment,30,4.75
Phoenix,2,17,65,Treatment,35,4.66
Phoenix,2,17,65,Treatment,40,5.05
Phoenix,2,17,65,Treatment,45,4.56
Phoenix,2,17,65,Treatment,50,4.67
Phoenix,2,17,65,Treatment,55,4.62
Phoenix,2,18,66,Control,0,4.36
Phoenix,2,18,66,Control,5,4.9
Phoenix,2,18,66,Control,10,4.83
Phoenix,2,18,66,Control,15,5.42
Phoenix,2,18,66,Control,20,5.68
Phoenix,2,18,66,Control,25,5.69
Phoenix,2,18,66,Control,30,5.32
Phoenix,2,18,66,Control,35,5.63
Phoenix,2,18,66,Control,40,5.45
Phoenix,2,18,66,Control,45,5.84
Phoenix,2,18,66,Control,50,5.47
Phoenix,2,18,66,Control,55,4.76
Phoenix,2,19,67,Control,0,5.39
Phoenix,2,19,67,Control,5,5.43
Phoenix,2,19,67,Control,10,5.58
Phoenix,2,19,67,Control,15,5.14
Phoenix,2,19,67,Control,20,5.52
Phoenix,2,19,67,Control,25,5.63
Phoenix,2,19,67,Control,30,5.59
Phoenix,2,19,67,Control,35,5.35
Phoenix,2,19,67,Control,40,5.75
Phoenix,2,19,67,Control,45,5.25
Phoenix,2,19,67,Control,50,5.34
Phoenix,2,19,67,Control,55,5.47
Phoenix,2,20,68,Control,0,5.42
Phoenix,2,20,68,Control,5,5.81
Phoenix,2,20,68,Control,10,5.57
Phoenix,2,20,68,Control,15,5.52
Phoenix,2,20,68,Control,20,5.57
Phoenix,2,20,68,Control,25,5.68
Phoenix,2,20,68,Control,30,5.56
Phoenix,2,20,68,Control,35,5.05
Phoenix,2,20,68,Control,40,5.77
Phoenix,2,20,68,Control,45,5.53
Phoenix,2,20,68,Control,50,5.67
Phoenix,2,20,68,Control,55,5.4
Phoenix,2,21,69,Control,0,4.93
Phoenix,2,21,69,Control,5,5.26
Phoenix,2,21,69,Control,10,5.63
Phoenix,2,21,69,Control,15,5.82
Phoenix,2,21,69,Control,20,5.58
Phoenix,2,21,69,Control,25,5.24
Phoenix,2,21,69,Control,30,5.3
Phoenix,2,21,69,Control,35,5.84
Phoenix,2,21,69,Control,40,5.17
Phoenix,2,21,69,Control,45,6.03
Phoenix,2,21,69,Control,50,5.97
Phoenix,2,21,69,Control,55,6.03
Phoenix,2,22,70,Control,0,5.41
Phoenix,2,22,70,Control,5,5.59
Phoenix,2,22,70,Control,10,5.73
Phoenix,2,22,70,Control,15,5.34
Phoenix,2,22,70,Control,20,5.22
Phoenix,2,22,70,Control,25,5.43
Phoenix,2,22,70,Control,30,5.31
Phoenix,2,22,70,Control,35,5.81
Phoenix,2,22,70,Control,40,5.35
Phoenix,2,22,70,Control,45,5.52
Phoenix,2,22,70,Control,50,5.75
Phoenix,2,22,70,Control,55,5.82
Phoenix,2,23,71,Control,0,5.6
Phoenix,2,23,71,Control,5,5.25
Phoenix,2,23,71,Control,10,5.76
Phoenix,2,23,71,Control,15,5.82
Phoenix,2,23,71,Control,20,5.03
Phoenix,2,23,71,Control,25,5.94
Phoenix,2,23,71,Control,30,5.32
Phoenix,2,23,71,Control,35,5.65
Phoenix,2,23,71,Control,40,5.52
Phoenix,2,23,71,Control,45,5.48
Phoenix,2,23,71,Control,50,5.45
Phoenix,2,23,71,Control,55,5.25
Phoenix,3,0,72,Treatment,0,5.43
Phoenix,3,0,72,Treatment,5,4.93
Phoenix,3,0,72,Treatment,10,4.76
Phoenix,3,0,72,Treatment,15,4.46
Phoenix,3,0,72,Treatment,20,4.65
Phoenix,3,0,72,Treatment,25,4.91
Phoenix,3,0,72,Treatment,30,4.61
Phoenix,3,0,72,Treatment,35,5.03
Phoenix,3,0,72,Treatment,40,4.76
Phoenix,3,0,72,Treatment,45,4.71
Phoenix,3,0,72,Treatment,50,4.79
Phoenix,3,0,72,Treatment,55,5.13
Phoenix,3,1,73,Control,0,5.2
Phoenix,3,1,73,Control,5,5.26
Phoenix,3,1,73,Control,10,5.26
Phoenix,3,1,73,Control,15,5.8
Phoenix,3,1,73,Control,20,5.42
Phoenix,3,1,73,Control,25,5.57
Phoenix,3,1,73,Control,30,5.36
Phoenix,3,1,73,Control,35,5.74
Phoenix,3,1,73,Control,40,5.32
Phoenix,3,1,73,Control,45,5.49
Phoenix,3,1,73,Control,50,5.67
Phoenix,3,1,73,Control,55,5.76
Phoenix,3,2,74,Treatment,0,5.69
Phoenix,3,2,74,Treatment,5,5.02
Phoenix,3,2,74,Treatment,10,4.49
Phoenix,3,2,74,Treatment,15,4.6
Phoenix,3,2,74,Treatment,20,4.99
Phoenix,3,2,74,Treatment,25,4.78
Phoenix,3,2,74,Treatment,30,4.65
Phoenix,3,2,74,Treatment,35,4.8
Phoenix,3,2,74,Treatment,40,4.79
Phoenix,3,2,74,Treatment,45,4.94
Phoenix,3,2,74,Treatment,50,4.38
Phoenix,3,2,74,Treatment,55,4.76
Phoenix,3,3,75,Treatment,0,4.44
Phoenix,3,3,75,Treatment,5,4.44
Phoenix,3,3,75,Treatment,10,4.69
Phoenix,3,3,75,Treatment,15,4.79
Phoenix,3,3,75,Treatment,20,4.79
Phoenix,3,3,75,Treatment,25,4.65
Phoenix,3,3,75,Treatment,30,4.64
Phoenix,3,3,75,Treatment,35,4.69
Phoenix,3,3,75,Treatment,40,4.86
Phoenix,3,3,75,Treatment,45,5.1
Phoenix,3,3,75,Treatment,50,4.23
Phoenix,3,3,75,Treatment,55,4.94
Phoenix,3,4,76,Control,0,4.92
Phoenix,3,4,76,Control,5,5.32
Phoenix,3,4,76,Control,10,5.07
Phoenix,3,4,76,Control,15,5.74
Phoenix,3,4,76,Control,20,5.19
Phoenix,3,4,76,Control,25,5.53
Phoenix,3,4,76,Control,30,5.44
Phoenix,3,4,76,Control,35,5.51
Phoenix,3,4,76,Control,40,5.25
Phoenix,3,4,76,Control,45,5.61
Phoenix,3,4,76,Control,50,5.9
Phoenix,3,4,76,Control,55,5.26
Phoenix,3,5,77,Treatment,0,5.71
Phoenix,3,5,77,Treatment,5,5.19
Phoenix,3,5,77,Treatment,10,5.36
Phoenix,3,5,77,Treatment,15,4.68
Phoenix,3,5,77,Treatment,20,4.76
Phoenix,3,5,77,Treatment,25,4.54
Phoenix,3,5,77,Treatment,30,4.82
Phoenix,3,5,77,Treatment,35,4.79
Phoenix,3,5,77,Treatment,40,4.94
Phoenix,3,5,77,Treatment,45,4.63
Phoenix,3,5,77,Treatment,50,4.61
Phoenix,3,5,77,Treatment,55,4.9
Phoenix,3,6,78,Control,0,4.94
Phoenix,3,6,78,Control,5,5.49
Phoenix,3,6,78,Control,10,5.4
Phoenix,3,6,78,Control,15,5.63
Phoenix,3,6,78,Control,20,5.67
Phoenix,3,6,78,Control,25,5.87
Phoenix,3,6,78,Control,30,5.81
Phoenix,3,6,78,Control,35,5.23
Phoenix,3,6,78,Control,40,5.7
Phoenix,3,6,78,Control,45,5.57
Phoenix,3,6,78,Control,50,5.45
Phoenix,3,6,78,Control,55,5.06
Phoenix,3,7,79,Treatment,0,5.41
Phoenix,3,7,79,Treatment,5,4.9
Phoenix,3,7,79,Treatment,10,4.94
Phoenix,3,7,79,Treatment,15,4.96
Phoenix,3,7,79,Treatment,20,4.64
Phoenix,3,7,79,Treatment,25,4.81
Phoenix,3,7,79,Treatment,30,4.52
Phoenix,3,7,79,Treatment,35,4.86
Phoenix,3,7,79,Treatment,40,4.91
Phoenix,3,7,79,Treatment,45,4.43
Phoenix,3,7,79,Treatment,50,4.6
Phoenix,3,7,79,Treatment,55,4.47
Phoenix,3,8,80,Treatment,0,4.83
Phoenix,3,8,80,Treatment,5,4.77
Phoenix,3,8,80,Treatment,10,4.75
Phoenix,3,8,80,Treatment,15,4.87
Phoenix,3,8,80,Treatment,20,4.87
Phoenix,3,8,80,Treatment,25,4.66
Phoenix,3,8,80,Treatment,30,4.63
Phoenix,3,8,80,Treatment,35,4.77
Phoenix,3,8,80,Treatment,40,4.74
Phoenix,3,8,80,Treatment,45,5.3
Phoenix,3,8,80,Treatment,50,4.69
Phoenix,3,8,80,Treatment,55,4.86
Phoenix,3,9,81,Control,0,5.14
Phoenix,3,9,81,Control,5,4.82
Phoenix,3,9,81,Control,10,5.6
Phoenix,3,9,81,Control,15,5.46
Phoenix,3,9,81,Control,20,6.13
Phoenix,3,9,81,Control,25,5.59
Phoenix,3,9,81,Control,30,5.19
Phoenix,3,9,81,Control,35,5.45
Phoenix,3,9,81,Control,40,5.83
Phoenix,3,9,81,Control,45,5.52
Phoenix,3,9,81,Control,50,5.49
Phoenix,3,9,81,Control,55,5.68
Phoenix,3,10,82,Treatment,0,5.45
Phoenix,3,10,82,Treatment,5,5.03
Phoenix,3,10,82,Treatment,10,5.46
Phoenix,3,10,82,Treatment,15,4.48
Phoenix,3,10,82,Treatment,20,4.83
Phoenix,3,10,82,Treatment,25,4.9
Phoenix,3,10,82,Treatment,30,4.78
Phoenix,3,10,82,Treatment,35,4.47
Phoenix,3,10,82,Treatment,40,4.54
Phoenix,3,10,82,Treatment,45,4.92
Phoenix,3,10,82,Treatment,50,4.59
Phoenix,3,10,82,Treatment,55,4.27
Phoenix,3,11,83,Control,0,4.57
Phoenix,3,11,83,Control,5,5.18
Phoenix,3,11,83,Control,10,5.21
Phoenix,3,11,83,Control,15,5.44
Phoenix,3,11,83,Control,20,5.51
Phoenix,3,11,83,Control,25,5.22
Phoenix,3,11,83,Control,30,5.29
Phoenix,3,11,83,Control,35,5.44
Phoenix,3,11,83,Control,40,5.21
Phoenix,3,11,83,Control,45,5.68
Phoenix,3,11,83,Control,50,5.42
Phoenix,3,11,83,Control,55,5.14
Phoenix,3,12,84,Treatment,0,5.53
Phoenix,3,12,84,Treatment,5,5.15
Phoenix,3,12,84,Treatment,10,5.12
Phoenix,3,12,84,Treatment,15,4.93
Phoenix,3,12,84,Treatment,20,5.39
Phoenix,3,12,84,Treatment,25,5.07
Phoenix,3,12,84,Treatment,30,4.38
Phoenix,3,12,84,Treatment,35,4.69
Phoenix,3,12,84,Treatment,40,4.72
Phoenix,3,12,84,Treatment,45,4.93
Phoenix,3,12,84,Treatment,50,4.55
Phoenix,3,12,84,Treatment,55,4.65
Phoenix,3,13,85,Treatment,0,4.63
Phoenix,3,13,85,Treatment,5,4.64
Phoenix,3,13,85,Treatment,10,4.71
Phoenix,3,13,85,Treatment,15,4.49
Phoenix,3,13,85,Treatment,20,5.03
Phoenix,3,13,85,Treatment,25,4.9
Phoenix,3,13,85,Treatment,30,4.42
Phoenix,3,13,85,Treatment,35,4.79
Phoenix,3,13,85,Treatment,40,4.39
Phoenix,3,13,85,Treatment,45,5.12
Phoenix,3,13,85,Treatment,50,5.19
Phoenix,3,13,85,Treatment,55,4.77
Phoenix,3,14,86,Control,0,4.62
Phoenix,3,14,86,Control,5,4.91
Phoenix,3,14,86,Control,10,5.23
Phoenix,3,14,86,Control,15,5.84
Phoenix,3,14,86,Control,20,5.74
Phoenix,3,14,86,Control,25,5.74
Phoenix,3,14,86,Control,30,5.54
Phoenix,3,14,86,Control,35,5.21
Phoenix,3,14,86,Control,40,5.31
Phoenix,3,14,86,Control,45,5.52
Phoenix,3,14,86,Control,50,5.2
Phoenix,3,14,86,Control,55,5.58
Phoenix,3,15,87,Treatment,0,5.64
Phoenix,3,15,87,Treatment,5,5.39
Phoenix,3,15,87,Treatment,10,4.56
Phoenix,3,15,87,Treatment,15,5.12
Phoenix,3,15,87,Treatment,20,4.39
Phoenix,3,15,87,Treatment,25,4.75
Phoenix,3,15,87,Treatment,30,4.94
Phoenix,3,15,87,Treatment,35,4.87
Phoenix,3,15,87,Treatment,40,4.47
Phoenix,3,15,87,Treatment,45,4.51
Phoenix,3,15,87,Treatment,50,4.86
Phoenix,3,15,87,Treatment,55,4.91
Phoenix,3,16,88,Treatment,0,4.88
Phoenix,3,16,88,Treatment,5,4.41
Phoenix,3,16,88,Treatment,10,4.94
Phoenix,3,16,88,Treatment,15,4.56
Phoenix,3,16,88,Treatment,20,4.81
Phoenix,3,16,88,Treatment,25,4.76
Phoenix,3,16,88,Treatment,30,5.08
Phoenix,3,16,88,Treatment,35,4.85
Phoenix,3,16,88,Treatment,40,4.64
Phoenix,3,16,88,Treatment,45,4.87
Phoenix,3,16,88,Treatment,50,5.32
Phoenix,3,16,88,Treatment,55,4.97
Phoenix,3,17,89,Control,0,4.58
Phoenix,3,17,89,Control,5,4.87
Phoenix,3,17,89,Control,10,5.43
Phoenix,3,17,89,Control,15,5.28
Phoenix,3,17,89,Control,20,5.5
Phoenix,3,17,89,Control,25,5.86
Phoenix,3,17,89,Control,30,5.54
Phoenix,3,17,89,Control,35,5.23
Phoenix,3,17,89,Control,40,6.04
Phoenix,3,17,89,Control,45,5.94
Phoenix,3,17,89,Control,50,5.63
Phoenix,3,17,89,Control,55,5.82
Phoenix,3,18,90,Control,0,5.68
Phoenix,3,18,90,Control,5,5.39
Phoenix,3,18,90,Control,10,5.16
Phoenix,3,18,90,Control,15,6.15
Phoenix,3,18,90,Control,20,5.15
Phoenix,3,18,90,Control,25,5.57
Phoenix,3,18,90,Control,30,5.57
Phoenix,3,18,90,Control,35,5.63
Phoenix,3,18,90,Control,40,5.48
Phoenix,3,18,90,Control,45,5.48
Phoenix,3,18,90,Control,50,5.53
Phoenix,3,18,90,Control,55,5.62
Phoenix,3,19,91,Treatment,0,5.48
Phoenix,3,19,91,Treatment,5,4.93
Phoenix,3,19,91,Treatment,10,5.53
Phoenix,3,19,91,Treatment,15,4.92
Phoenix,3,19,91,Treatment,20,4.84
Phoenix,3,19,91,Treatment,25,4.63
Phoenix,3,19,91,Treatment,30,4.53
Phoenix,3,19,91,Treatment,35,5.0
Phoenix,3,19,91,Treatment,40,4.75
Phoenix,3,19,91,Treatment,45,4.94
Phoenix,3,19,91,Treatment,50,4.45
Phoenix,3,19,91,Treatment,55,5.17
Phoenix,3,20,92,Treatment,0,4.76
Phoenix,3,20,92,Treatment,5,4.9
Phoenix,3,20,92,Treatment,10,4.97
Phoenix,3,20,92,Treatment,15,4.45
Phoenix,3,20,92,Treatment,20,5.2
Phoenix,3,20,92,Treatment,25,4.91
Phoenix,3,20,92,Treatment,30,4.61
Phoenix,3,20,92,Treatment,35,4.51
Phoenix,3,20,92,Treatment,40,5.03
Phoenix,3,20,92,Treatment,45,4.84
Phoenix,3,20,92,Treatment,50,4.91
Phoenix,3,20,92,Treatment,55,4.79
Phoenix,3,21,93,Treatment,0,4.91
Phoenix,3,21,93,Treatment,5,4.74
Phoenix,3,21,93,Treatment,10,4.78
Phoenix,3,21,93,Treatment,15,5.38
Phoenix,3,21,93,Treatment,20,5.0
Phoenix,3,21,93,Treatment,25,5.02
Phoenix,3,21,93,Treatment,30,5.47
Phoenix,3,21,93,Treatment,35,4.88
Phoenix,3,21,93,Treatment,40,4.81
Phoenix,3,21,93,Treatment,45,4.62
Phoenix,3,21,93,Treatment,50,4.67
Phoenix,3,21,93,Treatment,55,4.27
Phoenix,3,22,94,Treatment,0,4.47
Phoenix,3,22,94,Treatment,5,5.01
Phoenix,3,22,94,Treatment,10,4.77
Phoenix,3,22,94,Treatment,15,4.82
Phoenix,3,22,94,Treatment,20,4.77
Phoenix,3,22,94,Treatment,25,5.13
Phoenix,3,22,94,Treatment,30,5.09
Phoenix,3,22,94,Treatment,35,4.78
Phoenix,3,22,94,Treatment,40,4.56
Phoenix,3,22,94,Treatment,45,5.02
Phoenix,3,22,94,Treatment,50,4.54
Phoenix,3,22,94,Treatment,55,4.4
Phoenix,3,23,95,Treatment,0,5.09
Phoenix,3,23,95,Treatment,5,4.68
Phoenix,3,23,95,Treatment,10,4.89
Phoenix,3,23,95,Treatment,15,4.68
Phoenix,3,23,95,Treatment,20,4.97
Phoenix,3,23,95,Treatment,25,5.06
Phoenix,3,23,95,Treatment,30,4.72
Phoenix,3,23,95,Treatment,35,4.53
Phoenix,3,23,95,Treatment,40,4.42
Phoenix,3,23,95,Treatment,45,5.02
Phoenix,3,23,95,Treatment,50,4.5
Phoenix,3,23,95,Treatment,55,4.88
Phoenix,4,0,96,Control,0,4.66
Phoenix,4,0,96,Control,5,4.98
Phoenix,4,0,96,Control,10,5.51
Phoenix,4,0,96,Control,15,5.3
Phoenix,4,0,96,Control,20,5.27
Phoenix,4,0,96,Control,25,5.44
Phoenix,4,0,96,Control,30,5.82
Phoenix,4,0,96,Control,35,5.9
Phoenix,4,0,96,Control,40,5.48
Phoenix,4,0,96,Control,45,5.32
Phoenix,4,0,96,Control,50,5.77
Phoenix,4,0,96,Control,55,5.08
Phoenix,4,1,97,Treatment,0,5.49
Phoenix,4,1,97,Treatment,5,5.59
Phoenix,4,1,97,Treatment,10,5.37
Phoenix,4,1,97,Treatment,15,4.55
Phoenix,4,1,97,Treatment,20,4.83
Phoenix,4,1,97,Treatment,25,4.64
Phoenix,4,1,97,Treatment,30,4.71
Phoenix,4,1,97,Treatment,35,4.94
Phoenix,4,1,97,Treatment,40,4.7
Phoenix,4,1,97,Treatment,45,4.83
Phoenix,4,1,97,Treatment,50,5.02
Phoenix,4,1,97,Treatment,55,5.16
Phoenix,4,2,98,Treatment,0,4.81
Phoenix,4,2,98,Treatment,5,4.51
Phoenix,4,2,98,Treatment,10,5.18
Phoenix,4,2,98,Treatment,15,4.91
Phoenix,4,2,98,Treatment,20,4.82
Phoenix,4,2,98,Treatment,25,4.81
Phoenix,4,2,98,Treatment,30,4.88
Phoenix,4,2,98,Treatment,35,4.98
Phoenix,4,2,98,Treatment,40,5.01
Phoenix,4,2,98,Treatment,45,5.19
Phoenix,4,2,98,Treatment,50,4.85
Phoenix,4,2,98,Treatment,55,5.22
Phoenix,4,3,99,Control,0,4.77
Phoenix,4,3,99,Control,5,4.61
Phoenix,4,3,99,Control,10,5.28
Phoenix,4,3,99,Control,15,5.89
Phoenix,4,3,99,Control,20,5.31
Phoenix,4,3,99,Control,25,5.52
Phoenix,4,3,99,Control,30,5.54
Phoenix,4,3,99,Control,35,5.74
Phoenix,4,3,99,Control,40,5.4
Phoenix,4,3,99,Control,45,5.28
Phoenix,4,3,99,Control,50,5.64
Phoenix,4,3,99,Control,55,5.31
Phoenix,4,4,100,Treatment,0,5.96
Phoenix,4,4,100,Treatment,5,5.49
Phoenix,4,4,100,Treatment,10,5.49
Phoenix,4,4,100,Treatment,15,5.0
Phoenix,4,4,100,Treatment,20,4.96
Phoenix,4,4,100,Treatment,25,4.88
Phoenix,4,4,100,Treatment,30,4.74
Phoenix,4,4,100,Treatment,35,4.91
Phoenix,4,4,100,Treatment,40,4.65
Phoenix,4,4,100,Treatment,45,4.52
Phoenix,4,4,100,Treatment,50,4.7
Phoenix,4,4,100,Treatment,55,5.11
Phoenix,4,5,101,Treatment,0,4.48
Phoenix,4,5,101,Treatment,5,4.93
Phoenix,4,5,101,Treatment,10,4.68
Phoenix,4,5,101,Treatment,15,4.91
Phoenix,4,5,101,Treatment,20,5.03
Phoenix,4,5,101,Treatment,25,4.9
Phoenix,4,5,101,Treatment,30,4.63
Phoenix,4,5,101,Treatment,35,5.11
Phoenix,4,5,101,Treatment,40,4.97
Phoenix,4,5,101,Treatment,45,4.79
Phoenix,4,5,101,Treatment,50,4.78
Phoenix,4,5,101,Treatment,55,4.88
Phoenix,4,6,102,Treatment,0,4.38
Phoenix,4,6,102,Treatment,5,4.97
Phoenix,4,6,102,Treatment,10,4.96
Phoenix,4,6,102,Treatment,15,4.21
Phoenix,4,6,102,Treatment,20,4.91
Phoenix,4,6,102,Treatment,25,5.22
Phoenix,4,6,102,Treatment,30,4.5
Phoenix,4,6,102,Treatment,35,4.77
Phoenix,4,6,102,Treatment,40,4.74
Phoenix,4,6,102,Treatment,45,5.2
Phoenix,4,6,102,Treatment,50,5.07
Phoenix,4,6,102,Treatment,55,4.57
Phoenix,4,7,103,Control,0,5.36
Phoenix,4,7,103,Control,5,4.87
Phoenix,4,7,103,Control,10,5.26
Phoenix,4,7,103,Control,15,5.63
Phoenix,4,7,103,Control,20,5.35
Phoenix,4,7,103,Control,25,5.94
Phoenix,4,7,103,Control,30,5.38
Phoenix,4,7,103,Control,35,5.15
Phoenix,4,7,103,Control,40,5.37
Phoenix,4,7,103,Control,45,5.66
Phoenix,4,7,103,Control,50,5.3
Phoenix,4,7,103,Control,55,5.58
Phoenix,4,8,104,Treatment,0,5.2
Phoenix,4,8,104,Treatment,5,5.12
Phoenix,4,8,104,Treatment,10,5.11
Phoenix,4,8,104,Treatment,15,4.96
Phoenix,4,8,104,Treatment,20,4.65
Phoenix,4,8,104,Treatment,25,4.82
Phoenix,4,8,104,Treatment,30,4.71
Phoenix,4,8,104,Treatment,35,4.97
Phoenix,4,8,104,Treatment,40,4.91
Phoenix,4,8,104,Treatment,45,4.69
Phoenix,4,8,104,Treatment,50,4.9
Phoenix,4,8,104,Treatment,55,4.68
Phoenix,4,9,105,Control,0,4.9
Phoenix,4,9,105,Control,5,5.62
Phoenix,4,9,105,Control,10,5.18
Phoenix,4,9,105,Control,15,5.46
Phoenix,4,9,105,Control,20,5.34
Phoenix,4,9,105,Control,25,5.24
Phoenix,4,9,105,Control,30,5.39
Phoenix,4,9,105,Control,35,5.67
Phoenix,4,9,105,Control,40,5.68
Phoenix,4,9,105,Control,45,5.57
Phoenix,4,9,105,Control,50,5.43
Phoenix,4,9,105,Control,55,5.38
Phoenix,4,10,106,Treatment,0,5.36
Phoenix,4,10,106,Treatment,5,4.94
Phoenix,4,10,106,Treatment,10,5.36
Phoenix,4,10,106,Treatment,15,5.24
Phoenix,4,10,106,Treatment,20,4.3
Phoenix,4,10,106,Treatment,25,4.86
Phoenix,4,10,106,Treatment,30,4.85
Phoenix,4,10,106,Treatment,35,4.84
Phoenix,4,10,106,Treatment,40,4.64
Phoenix,4,10,106,Treatment,45,5.04
Phoenix,4,10,106,Treatment,50,4.89
Phoenix,4,10,106,Treatment,55,5.04
Phoenix,4,11,107,Control,0,4.44
Phoenix,4,11,107,Control,5,5.13
Phoenix,4,11,107,Control,10,5.02
Phoenix,4,11,107,Control,15,5.76
Phoenix,4,11,107,Control,20,4.97
Phoenix,4,11,107,Control,25,5.38
Phoenix,4,11,107,Control,30,5.35
Phoenix,4,11,107,Control,35,5.42
Phoenix,4,11,107,Control,40,5.57
Phoenix,4,11,107,Control,45,5.6
Phoenix,4,11,107,Control,50,5.66
Phoenix,4,11,107,Control,55,5.69
Phoenix,4,12,108,Treatment,0,6.03
Phoenix,4,12,108,Treatment,5,5.61
Phoenix,4,12,108,Treatment,10,4.95
Phoenix,4,12,108,Treatment,15,4.75
Phoenix,4,12,108,Treatment,20,4.7
Phoenix,4,12,108,Treatment,25,4.88
Phoenix,4,12,108,Treatment,30,4.54
Phoenix,4,12,108,Treatment,35,4.59
Phoenix,4,12,108,Treatment,40,4.24
Phoenix,4,12,108,Treatment,45,4.69
Phoenix,4,12,108,Treatment,50,5.05
Phoenix,4,12,108,Treatment,55,4.75
Phoenix,4,13,109,Treatment,0,4.85
Phoenix,4,13,109,Treatment,5,4.53
Phoenix,4,13,109,Treatment,10,4.79
Phoenix,4,13,109,Treatment,15,5.01
Phoenix,4,13,109,Treatment,20,4.86
Phoenix,4,13,109,Treatment,25,5.03
Phoenix,4,13,109,Treatment,30,5.1
Phoenix,4,13,109,Treatment,35,4.95
Phoenix,4,13,109,Treatment,40,4.61
Phoenix,4,13,109,Treatment,45,4.7
Phoenix,4,13,109,Treatment,50,5.27
Phoenix,4,13,109,Treatment,55,4.86
Phoenix,4,14,110,Treatment,0,4.57
Phoenix,4,14,110,Treatment,5,4.76
Phoenix,4,14,110,Treatment,10,4.96
Phoenix,4,14,110,Treatment,15,4.79
Phoenix,4,14,110,Treatment,20,4.66
Phoenix,4,14,110,Treatment,25,4.71
Phoenix,4,14,110,Treatment,30,5.08
Phoenix,4,14,110,Treatment,35,4.95
Phoenix,4,14,110,Treatment,40,4.92
Phoenix,4,14,110,Treatment,45,4.9
Phoenix,4,14,110,Treatment,50,4.49
Phoenix,4,14,110,Treatment,55,4.85
Phoenix,4,15,111,Control,0,4.72
Phoenix,4,15,111,Control,5,5.27
Phoenix,4,15,111,Control,10,5.4
Phoenix,4,15,111,Control,15,5.71
Phoenix,4,15,111,Control,20,5.51
Phoenix,4,15,111,Control,25,5.72
Phoenix,4,15,111,Control,30,5.13
Phoenix,4,15,111,Control,35,5.51
Phoenix,4,15,111,Control,40,5.68
Phoenix,4,15,111,Control,45,5.57
Phoenix,4,15,111,Control,50,5.77
Phoenix,4,15,111,Control,55,5.46
Phoenix,4,16,112,Treatment,0,5.09
Phoenix,4,16,112,Treatment,5,5.19
Phoenix,4,16,112,Treatment,10,5.15
Phoenix,4,16,112,Treatment,15,4.98
Phoenix,4,16,112,Treatment,20,4.44
Phoenix,4,16,112,Treatment,25,5.08
Phoenix,4,16,112,Treatment,30,4.54
Phoenix,4,16,112,Treatment,35,4.75
Phoenix,4,16,112,Treatment,40,4.64
Phoenix,4,16,112,Treatment,45,4.89
Phoenix,4,16,112,Treatment,50,4.81
Phoenix,4,16,112,Treatment,55,4.95
Phoenix,4,17,113,Treatment,0,4.88
Phoenix,4,17,113,Treatment,5,4.64
Phoenix,4,17,113,Treatment,10,4.9
Phoenix,4,17,113,Treatment,15,5.27
Phoenix,4,17,113,Treatment,20,4.95
Phoenix,4,17,113,Treatment,25,5.02
Phoenix,4,17,113,Treatment,30,4.39
Phoenix,4,17,113,Treatment,35,4.88
Phoenix,4,17,113,Treatment,40,4.72
Phoenix,4,17,113,Treatment,45,4.61
Phoenix,4,17,113,Treatment,50,4.78
Phoenix,4,17,113,Treatment,55,4.81
Phoenix,4,18,114,Treatment,0,4.83
Phoenix,4,18,114,Treatment,5,4.74
Phoenix,4,18,114,Treatment,10,4.96
Phoenix,4,18,114,Treatment,15,4.84
Phoenix,4,18,114,Treatment,20,4.88
Phoenix,4,18,114,Treatment,25,5.03
Phoenix,4,18,114,Treatment,30,4.92
Phoenix,4,18,114,Treatment,35,4.78
Phoenix,4,18,114,Treatment,40,4.26
Phoenix,4,18,114,Treatment,45,4.91
Phoenix,4,18,114,Treatment,50,4.56
Phoenix,4,18,114,Treatment,55,4.76
Phoenix,4,19,115,Treatment,0,5.12
Phoenix,4,19,115,Treatment,5,5.25
Phoenix,4,19,115,Treatment,10,4.55
Phoenix,4,19,115,Treatment,15,4.46
Phoenix,4,19,115,Treatment,20,4.87
Phoenix,4,19,115,Treatment,25,4.85
Phoenix,4,19,115,Treatment,30,4.48
Phoenix,4,19,115,Treatment,35,4.78
Phoenix,4,19,115,Treatment,40,4.93
Phoenix,4,19,115,Treatment,45,4.48
Phoenix,4,19,115,Treatment,50,4.54
Phoenix,4,19,115,Treatment,55,4.62
Phoenix,4,20,116,Treatment,0,4.96
Phoenix,4,20,116,Treatment,5,4.7
Phoenix,4,20,116,Treatment,10,4.8
Phoenix,4,20,116,Treatment,15,5.35
Phoenix,4,20,116,Treatment,20,4.55
Phoenix,4,20,116,Treatment,25,4.62
Phoenix,4,20,116,Treatment,30,4.95
Phoenix,4,20,116,Treatment,35,5.03
Phoenix,4,20,116,Treatment,40,4.89
Phoenix,4,20,116,Treatment,45,5.24
Phoenix,4,20,116,Treatment,50,4.86
Phoenix,4,20,116,Treatment,55,4.29
Phoenix,4,21,117,Treatment,0,4.64
Phoenix,4,21,117,Treatment,5,5.13
Phoenix,4,21,117,Treatment,10,5.03
Phoenix,4,21,117,Treatment,15,4.39
Phoenix,4,21,117,Treatment,20,5.12
Phoenix,4,21,117,Treatment,25,5.02
Phoenix,4,21,117,Treatment,30,4.7
Phoenix,4,21,117,Treatment,35,4.77
Phoenix,4,21,117,Treatment,40,5.13
Phoenix,4,21,117,Treatment,45,4.29
Phoenix,4,21,117,Treatment,50,4.9
Phoenix,4,21,117,Treatment,55,5.06
Phoenix,4,22,118,Control,0,4.95
Phoenix,4,22,118,Control,5,5.05
Phoenix,4,22,118,Control,10,5.07
Phoenix,4,22,118,Control,15,5.3
Phoenix,4,22,118,Control,20,5.68
Phoenix,4,22,118,Control,25,5.34
Phoenix,4,22,118,Control,30,5.12
Phoenix,4,22,118,Control,35,5.53
Phoenix,4,22,118,Control,40,5.37
Phoenix,4,22,118,Control,45,5.2
Phoenix,4,22,118,Control,50,5.52
Phoenix,4,22,118,Control,55,5.69
Phoenix,4,23,119,Treatment,0,5.23
Phoenix,4,23,119,Treatment,5,5.38
Phoenix,4,23,119,Treatment,10,5.28
Phoenix,4,23,119,Treatment,15,5.34
Phoenix,4,23,119,Treatment,20,5.15
Phoenix,4,23,119,Treatment,25,4.53
Phoenix,4,23,119,Treatment,30,5.0
Phoenix,4,23,119,Treatment,35,4.85
Phoenix,4,23,119,Treatment,40,4.5
Phoenix,4,23,119,Treatment,45,4.86
Phoenix,4,23,119,Treatment,50,5.26
Phoenix,4,23,119,Treatment,55,5.08
Phoenix,5,0,120,Control,0,4.79
Phoenix,5,0,120,Control,5,5.15
Phoenix,5,0,120,Control,10,4.83
Phoenix,5,0,120,Control,15,5.08
Phoenix,5,0,120,Control,20,5.54
Phoenix,5,0,120,Control,25,5.54
Phoenix,5,0,120,Control,30,5.04
Phoenix,5,0,120,Control,35,5.6
Phoenix,5,0,120,Control,40,5.77
Phoenix,5,0,120,Control,45,5.45
Phoenix,5,0,120,Control,50,5.51
Phoenix,5,0,120,Control,55,5.64
Phoenix,5,1,121,Treatment,0,5.08
Phoenix,5,1,121,Treatment,5,5.04
Phoenix,5,1,121,Treatment,10,4.92
Phoenix,5,1,121,Treatment,15,4.57
Phoenix,5,1,121,Treatment,20,5.15
Phoenix,5,1,121,Treatment,25,4.94
Phoenix,5,1,121,Treatment,30,4.51
Phoenix,5,1,121,Treatment,35,4.73
Phoenix,5,1,121,Treatment,40,5.07
Phoenix,5,1,121,Treatment,45,4.62
Phoenix,5,1,121,Treatment,50,5.0
Phoenix,5,1,121,Treatment,55,5.13
Phoenix,5,2,122,Control,0,4.83
Phoenix,5,2,122,Control,5,5.34
Phoenix,5,2,122,Control,10,5.13
Phoenix,5,2,122,Control,15,6.12
Phoenix,5,2,122,Control,20,5.56
Phoenix,5,2,122,Control,25,5.79
Phoenix,5,2,122,Control,30,5.41
Phoenix,5,2,122,Control,35,5.62
Phoenix,5,2,122,Control,40,5.64
Phoenix,5,2,122,Control,45,5.27
Phoenix,5,2,122,Control,50,5.26
Phoenix,5,2,122,Control,55,5.45
Phoenix,5,3,123,Treatment,0,5.04
Phoenix,5,3,123,Treatment,5,5.17
Phoenix,5,3,123,Treatment,10,5.35
Phoenix,5,3,123,Treatment,15,4.48
Phoenix,5,3,123,Treatment,20,5.1
Phoenix,5,3,123,Treatment,25,4.5
Phoenix,5,3,123,Treatment,30,4.56
Phoenix,5,3,123,Treatment,35,4.75
Phoenix,5,3,123,Treatment,40,5.25
Phoenix,5,3,123,Treatment,45,4.62
Phoenix,5,3,123,Treatment,50,4.35
Phoenix,5,3,123,Treatment,55,4.43
Phoenix,5,4,124,Control,0,4.45
Phoenix,5,4,124,Control,5,5.32
Phoenix,5,4,124,Control,10,5.28
Phoenix,5,4,124,Control,15,5.49
Phoenix,5,4,124,Control,20,5.57
Phoenix,5,4,124,Control,25,5.3
Phoenix,5,4,124,Control,30,5.53
Phoenix,5,4,124,Control,35,5.2
Phoenix,5,4,124,Control,40,5.84
Phoenix,5,4,124,Control,45,5.24
Phoenix,5,4,124,Control,50,5.61
Phoenix,5,4,124,Control,55,5.24
Phoenix,5,5,125,Control,0,5.41
Phoenix,5,5,125,Control,5,6.25
Phoenix,5,5,125,Control,10,5.5
Phoenix,5,5,125,Control,15,5.29
Phoenix,5,5,125,Control,20,5.39
Phoenix,5,5,125,Control,25,5.12
Phoenix,5,5,125,Control,30,5.46
Phoenix,5,5,125,Control,35,5.96
Phoenix,5,5,125,Control,40,5.58
Phoenix,5,5,125,Control,45,5.73
Phoenix,5,5,125,Control,50,5.27
Phoenix,5,5,125,Control,55,5.45
Phoenix,5,6,126,Control,0,5.32
Phoenix,5,6,126,Control,5,5.6
Phoenix,5,6,126,Control,10,5.65
Phoenix,5,6,126,Control,15,5.64
Phoenix,5,6,126,Control,20,5.46
Phoenix,5,6,126,Control,25,5.77
Phoenix,5,6,126,Control,30,5.44
Phoenix,5,6,126,Control,35,5.41
Phoenix,5,6,126,Control,40,5.86
Phoenix,5,6,126,Control,45,5.22
Phoenix,5,6,126,Control,50,5.07
Phoenix,5,6,126,Control,55,5.28
Phoenix,5,7,127,Control,0,5.82
Phoenix,5,7,127,Control,5,5.33
Phoenix,5,7,127,Control,10,5.95
Phoenix,5,7,127,Control,15,5.51
Phoenix,5,7,127,Control,20,5.47
Phoenix,5,7,127,Control,25,5.29
Phoenix,5,7,127,Control,30,5.99
Phoenix,5,7,127,Control,35,5.46
Phoenix,5,7,127,Control,40,5.17
Phoenix,5,7,127,Control,45,6.11
Phoenix,5,7,127,Control,50,5.6
Phoenix,5,7,127,Control,55,5.7
Phoenix,5,8,128,Control,0,5.65
Phoenix,5,8,128,Control,5,5.74
Phoenix,5,8,128,Control,10,5.51
Phoenix,5,8,128,Control,15,5.68
Phoenix,5,8,128,Control,20,5.49
Phoenix,5,8,128,Control,25,5.49
Phoenix,5,8,128,Control,30,5.53
Phoenix,5,8,128,Control,35,5.4
Phoenix,5,8,128,Control,40,5.63
Phoenix,5,8,128,Control,45,5.63
Phoenix,5,8,128,Control,50,5.7
Phoenix,5,8,128,Control,55,5.66
Phoenix,5,9,129,Treatment,0,5.76
Phoenix,5,9,129,Treatment,5,5.21
Phoenix,5,9,129,Treatment,10,5.14
Phoenix,5,9,129,Treatment,15,5.14
Phoenix,5,9,129,Treatment,20,4.55
Phoenix,5,9,129,Treatment,25,5.29
Phoenix,5,9,129,Treatment,30,4.59
Phoenix,5,9,129,Treatment,35,5.01
Phoenix,5,9,129,Treatment,40,4.79
Phoenix,5,9,129,Treatment,45,4.77
Phoenix,5,9,129,Treatment,50,4.46
Phoenix,5,9,129,Treatment,55,5.01
Phoenix,5,10,130,Treatment,0,4.42
Phoenix,5,10,130,Treatment,5,5.07
Phoenix,5,10,130,Treatment,10,5.23
Phoenix,5,10,130,Treatment,15,4.62
Phoenix,5,10,130,Treatment,20,5.04
Phoenix,5,10,130,Treatment,25,4.98
Phoenix,5,10,130,Treatment,30,4.76
Phoenix,5,10,130,Treatment,35,5.12
Phoenix,5,10,130,Treatment,40,4.74
Phoenix,5,10,130,Treatment,45,4.91
Phoenix,5,10,130,Treatment,50,4.47
Phoenix,5,10,130,Treatment,55,4.48
Phoenix,5,11,131,Control,0,4.92
Phoenix,5,11,131,Control,5,4.99
Phoenix,5,11,131,Control,10,5.74
Phoenix,5,11,131,Control,15,5.97
Phoenix,5,11,131,Control,20,5.61
Phoenix,5,11,131,Control,25,5.14
Phoenix,5,11,131,Control,30,5.47
Phoenix,5,11,131,Control,35,5.29
Phoenix,5,11,131,Control,40,5.52
Phoenix,5,11,131,Control,45,5.27
Phoenix,5,11,131,Control,50,5.2
Phoenix,5,11,131,Control,55,4.93
Phoenix,5,12,132,Control,0,4.93
Phoenix,5,12,132,Control,5,5.42
Phoenix,5,12,132,Control,10,5.67
Phoenix,5,12,132,Control,15,5.32
Phoenix,5,12,132,Control,20,5.23
Phoenix,5,12,132,Control,25,5.48
Phoenix,5,12,132,Control,30,5.29
Phoenix,5,12,132,Control,35,5.55
Phoenix,5,12,132,Control,40,5.24
Phoenix,5,12,132,Control,45,5.47
Phoenix,5,12,132,Control,50,5.41
Phoenix,5,12,132,Control,55,5.5
Phoenix,5,13,133,Control,0,5.55
Phoenix,5,13,133,Control,5,5.63
Phoenix,5,13,133,Control,10,5.34
Phoenix,5,13,133,Control,15,5.56
Phoenix,5,13,133,Control,20,5.43
Phoenix,5,13,133,Control,25,5.51
Phoenix,5,13,133,Control,30,5.66
Phoenix,5,13,133,Control,35,5.37
Phoenix,5,13,133,Control,40,5.4
Phoenix,5,13,133,Control,45,5.38
Phoenix,5,13,133,Control,50,5.37
Phoenix,5,13,133,Control,55,5.54
Phoenix,5,14,134,Control,0,5.87
Phoenix,5,14,134,Control,5,6.17
Phoenix,5,14,134,Control,10,5.36
Phoenix,5,14,134,Control,15,5.57
Phoenix,5,14,134,Control,20,5.76
Phoenix,5,14,134,Control,25,5.43
Phoenix,5,14,134,Control,30,5.25
Phoenix,5,14,134,Control,35,5.93
Phoenix,5,14,134,Control,40,5.67
Phoenix,5,14,134,Control,45,5.58
Phoenix,5,14,134,Control,50,5.86
Phoenix,5,14,134,Control,55,5.69
Phoenix,5,15,135,Treatment,0,5.26
Phoenix,5,15,135,Treatment,5,5.14
Phoenix,5,15,135,Treatment,10,5.32
Phoenix,5,15,135,Treatment,15,4.96
Phoenix,5,15,135,Treatment,20,4.74
Phoenix,5,15,135,Treatment,25,5.23
Phoenix,5,15,135,Treatment,30,4.75
Phoenix,5,15,135,Treatment,35,5.03
Phoenix,5,15,135,Treatment,40,4.84
Phoenix,5,15,135,Treatment,45,5.27
Phoenix,5,15,135,Treatment,50,4.97
Phoenix,5,15,135,Treatment,55,4.8
Phoenix,5,16,136,Treatment,0,4.78
Phoenix,5,16,136,Treatment,5,4.6
Phoenix,5,16,136,Treatment,10,4.44
Phoenix,5,16,136,Treatment,15,4.86
Phoenix,5,16,136,Treatment,20,4.65
Phoenix,5,16,136,Treatment,25,4.65
Phoenix,5,16,136,Treatment,30,4.76
Phoenix,5,16,136,Treatment,35,4.8
Phoenix,5,16,136,Treatment,40,4.79
Phoenix,5,16,136,Treatment,45,5.22
Phoenix,5,16,136,Treatment,50,4.95
Phoenix,5,16,136,Treatment,55,5.31
Phoenix,5,17,137,Treatment,0,4.98
Phoenix,5,17,137,Treatment,5,4.69
Phoenix,5,17,137,Treatment,10,4.64
Phoenix,5,17,137,Treatment,15,5.32
Phoenix,5,17,137,Treatment,20,4.59
Phoenix,5,17,137,Treatment,25,4.23
Phoenix,5,17,137,Treatment,30,4.61
Phoenix,5,17,137,Treatment,35,4.28
Phoenix,5,17,137,Treatment,40,4.55
Phoenix,5,17,137,Treatment,45,4.57
Phoenix,5,17,137,Treatment,50,4.79
Phoenix,5,17,137,Treatment,55,4.27
Phoenix,5,18,138,Treatment,0,4.32
Phoenix,5,18,138,Treatment,5,4.75
Phoenix,5,18,138,Treatment,10,4.7
Phoenix,5,18,138,Treatment,15,4.99
Phoenix,5,18,138,Treatment,20,4.87
Phoenix,5,18,138,Treatment,25,5.08
Phoenix,5,18,138,Treatment,30,4.69
Phoenix,5,18,138,Treatment,35,4.67
Phoenix,5,18,138,Treatment,40,4.89
Phoenix,5,18,138,Treatment,45,5.04
Phoenix,5,18,138,Treatment,50,4.99
Phoenix,5,18,138,Treatment,55,4.87
Phoenix,5,19,139,Treatment,0,4.78
Phoenix,5,19,139,Treatment,5,4.89
Phoenix,5,19,139,Treatment,10,5.29
Phoenix,5,19,139,Treatment,15,4.72
Phoenix,5,19,139,Treatment,20,4.69
Phoenix,5,19,139,Treatment,25,4.67
Phoenix,5,19,139,Treatment,30,4.88
Phoenix,5,19,139,Treatment,35,4.25
Phoenix,5,19,139,Treatment,40,4.75
Phoenix,5,19,139,Treatment,45,5.01
Phoenix,5,19,139,Treatment,50,4.65
Phoenix,5,19,139,Treatment,55,4.83
Phoenix,5,20,140,Control,0,4.87
Phoenix,5,20,140,Control,5,4.46
Phoenix,5,20,140,Control,10,4.91
Phoenix,5,20,140,Control,15,5.44
Phoenix,5,20,140,Control,20,5.3
Phoenix,5,20,140,Control,25,5.53
Phoenix,5,20,140,Control,30,5.43
Phoenix,5,20,140,Control,35,5.79
Phoenix,5,20,140,Control,40,5.23
Phoenix,5,20,140,Control,45,5.45
Phoenix,5,20,140,Control,50,5.55
Phoenix,5,20,140,Control,55,5.59
Phoenix,5,21,141,Control,0,4.9
Phoenix,5,21,141,Control,5,5.52
Phoenix,5,21,141,Control,10,5.46
Phoenix,5,21,141,Control,15,5.72
Phoenix,5,21,141,Control,20,5.68
Phoenix,5,21,141,Control,25,5.56
Phoenix,5,21,141,Control,30,5.58
Phoenix,5,21,141,Control,35,5.84
Phoenix,5,21,141,Control,40,5.79
Phoenix,5,21,141,Control,45,5.57
Phoenix,5,21,141,Control,50,6.04
Phoenix,5,21,141,Control,55,5.34
Phoenix,5,22,142,Control,0,5.5
Phoenix,5,22,142,Control,5,5.41
Phoenix,5,22,142,Control,10,4.88
Phoenix,5,22,142,Control,15,5.34
Phoenix,5,22,142,Control,20,5.59
Phoenix,5,22,142,Control,25,5.49
Phoenix,5,22,142,Control,30,5.31
Phoenix,5,22,142,Control,35,5.51
Phoenix,5,22,142,Control,40,5.53
Phoenix,5,22,142,Control,45,5.68
Phoenix,5,22,142,Control,50,5.34
Phoenix,5,22,142,Control,55,5.72
Phoenix,5,23,143,Control,0,5.37
Phoenix,5,23,143,Control,5,5.92
Phoenix,5,23,143,Control,10,5.24
Phoenix,5,23,143,Control,15,5.34
Phoenix,5,23,143,Control,20,5.19
Phoenix,5,23,143,Control,25,5.29
Phoenix,5,23,143,Control,30,5.53
Phoenix,5,23,143,Control,35,5.68
Phoenix,5,23,143,Control,40,5.5
Phoenix,5,23,143,Control,45,5.42
Phoenix,5,23,143,Control,50,5.19
Phoenix,5,23,143,Control,55,5.32
Phoenix,6,0,144,Control,0,5.68
Phoenix,6,0,144,Control,5,5.7
Phoenix,6,0,144,Control,10,5.49
Phoenix,6,0,144,Control,15,5.61
Phoenix,6,0,144,Control,20,5.72
Phoenix,6,0,144,Control,25,5.53
Phoenix,6,0,144,Control,30,5.85
Phoenix,6,0,144,Control,35,5.24
Phoenix,6,0,144,Control,40,5.41
Phoenix,6,0,144,Control,45,5.38
Phoenix,6,0,144,Control,50,5.66
Phoenix,6,0,144,Control,55,5.14
Phoenix,6,1,145,Treatment,0,5.64
Phoenix,6,1,145,Treatment,5,5.7
Phoenix,6,1,145,Treatment,10,5.01
Phoenix,6,1,145,Treatment,15,4.65
Phoenix,6,1,145,Treatment,20,4.95
Phoenix,6,1,145,Treatment,25,5.04
Phoenix,6,1,145,Treatment,30,4.61
Phoenix,6,1,145,Treatment,35,4.29
Phoenix,6,1,145,Treatment,40,4.33
Phoenix,6,1,145,Treatment,45,4.85
Phoenix,6,1,145,Treatment,50,5.17
Phoenix,6,1,145,Treatment,55,4.46
Phoenix,6,2,146,Control,0,4.7
Phoenix,6,2,146,Control,5,5.5
Phoenix,6,2,146,Control,10,5.83
Phoenix,6,2,146,Control,15,5.61
Phoenix,6,2,146,Control,20,5.72
Phoenix,6,2,146,Control,25,5.72
Phoenix,6,2,146,Control,30,5.18
Phoenix,6,2,146,Control,35,5.67
Phoenix,6,2,146,Control,40,5.25
Phoenix,6,2,146,Control,45,5.46
Phoenix,6,2,146,Control,50,5.78
Phoenix,6,2,146,Control,55,5.52
Phoenix,6,3,147,Control,0,5.82
Phoenix,6,3,147,Control,5,5.06
Phoenix,6,3,147,Control,10,4.96
Phoenix,6,3,147,Control,15,5.79
Phoenix,6,3,147,Control,20,5.8
Phoenix,6,3,147,Control,25,5.56
Phoenix,6,3,147,Control,30,5.6
Phoenix,6,3,147,Control,35,5.72
Phoenix,6,3,147,Control,40,5.72
Phoenix,6,3,147,Control,45,5.42
Phoenix,6,3,147,Control,50,5.74
Phoenix,6,3,147,Control,55,5.41
Phoenix,6,4,148,Control,0,5.55
Phoenix,6,4,148,Control,5,5.29
Phoenix,6,4,148,Control,10,5.31
Phoenix,6,4,148,Control,15,6.06
Phoenix,6,4,148,Control,20,5.28
Phoenix,6,4,148,Control,25,5.59
Phoenix,6,4,148,Control,30,5.64
Phoenix,6,4,148,Control,35,5.49
Phoenix,6,4,148,Control,40,5.67
Phoenix,6,4,148,Control,45,5.58
Phoenix,6,4,148,Control,50,5.28
Phoenix,6,4,148,Control,55,5.63
Phoenix,6,5,149,Treatment,0,5.94
Phoenix,6,5,149,Treatment,5,5.37
Phoenix,6,5,149,Treatment,10,4.85
Phoenix,6,5,149,Treatment,15,4.87
Phoenix,6,5,149,Treatment,20,4.55
Phoenix,6,5,149,Treatment,25,4.85
Phoenix,6,5,149,Treatment,30,4.73
Phoenix,6,5,149,Treatment,35,4.58
Phoenix,6,5,149,Treatment,40,4.58
Phoenix,6,5,149,Treatment,45,5.39
Phoenix,6,5,149,Treatment,50,4.81
Phoenix,6,5,149,Treatment,55,4.68
Phoenix,6,6,150,Control,0,4.9
Phoenix,6,6,150,Control,5,4.86
Phoenix,6,6,150,Control,10,4.99
Phoenix,6,6,150,Control,15,5.49
Phoenix,6,6,150,Control,20,5.49
Phoenix,6,6,150,Control,25,5.4
Phoenix,6,6,150,Control,30,5.28
Phoenix,6,6,150,Control,35,5.4
Phoenix,6,6,150,Control,40,5.38
Phoenix,6,6,150,Control,45,5.35
Phoenix,6,6,150,Control,50,5.57
Phoenix,6,6,150,Control,55,6.06
Phoenix,6,7,151,Treatment,0,5.99
Phoenix,6,7,151,Treatment,5,5.12
Phoenix,6,7,151,Treatment,10,5.44
Phoenix,6,7,151,Treatment,15,4.84
Phoenix,6,7,151,Treatment,20,5.03
Phoenix,6,7,151,Treatment,25,4.9
Phoenix,6,7,151,Treatment,30,4.7
Phoenix,6,7,151,Treatment,35,4.96
Phoenix,6,7,151,Treatment,40,4.91
Phoenix,6,7,151,Treatment,45,4.34
Phoenix,6,7,151,Treatment,50,4.75
Phoenix,6,7,151,Treatment,55,5.0
Phoenix,6,8,152,Treatment,0,4.9
Phoenix,6,8,152,Treatment,5,4.6
Phoenix,6,8,152,Treatment,10,4.85
Phoenix,6,8,152,Treatment,15,4.76
Phoenix,6,8,152,Treatment,20,4.73
Phoenix,6,8,152,Treatment,25,4.62
Phoenix,6,8,152,Treatment,30,5.01
Phoenix,6,8,152,Treatment,35,4.87
Phoenix,6,8,152,Treatment,40,4.85
Phoenix,6,8,152,Treatment,45,5.3
Phoenix,6,8,152,Treatment,50,4.9
Phoenix,6,8,152,Treatment,55,5.09
Phoenix,6,9,153,Treatment,0,4.7
Phoenix,6,9,153,Treatment,5,4.52
Phoenix,6,9,153,Treatment,10,4.85
Phoenix,6,9,153,Treatment,15,4.12
Phoenix,6,9,153,Treatment,20,4.85
Phoenix,6,9,153,Treatment,25,4.86
Phoenix,6,9,153,Treatment,30,4.73
Phoenix,6,9,153,Treatment,35,4.76
Phoenix,6,9,153,Treatment,40,4.47
Phoenix,6,9,153,Treatment,45,5.13
Phoenix,6,9,153,Treatment,50,4.7
Phoenix,6,9,153,Treatment,55,4.54
Phoenix,6,10,154,Control,0,4.81
Phoenix,6,10,154,Control,5,4.93
Phoenix,6,10,154,Control,10,5.15
Phoenix,6,10,154,Control,15,5.5
Phoenix,6,10,154,Control,20,5.84
Phoenix,6,10,154,Control,25,5.62
Phoenix,6,10,154,Control,30,5.49
Phoenix,6,10,154,Control,35,5.71
Phoenix,6,10,154,Control,40,5.51
Phoenix,6,10,154,Control,45,5.6
Phoenix,6,10,154,Control,50,5.54
Phoenix,6,10,154,Control,55,5.65
Phoenix,6,11,155,Control,0,5.22
Phoenix,6,11,155,Control,5,5.73
Phoenix,6,11,155,Control,10,5.88
Phoenix,6,11,155,Control,15,5.23
Phoenix,6,11,155,Control,20,5.54
Phoenix,6,11,155,Control,25,5.39
Phoenix,6,11,155,Control,30,5.72
Phoenix,6,11,155,Control,35,5.56
Phoenix,6,11,155,Control,40,6.33
Phoenix,6,11,155,Control,45,5.42
Phoenix,6,11,155,Control,50,5.88
Phoenix,6,11,155,Control,55,5.91
Phoenix,6,12,156,Control,0,5.51
Phoenix,6,12,156,Control,5,5.52
Phoenix,6,12,156,Control,10,5.5
Phoenix,6,12,156,Control,15,5.78
Phoenix,6,12,156,Control,20,5.28
Phoenix,6,12,156,Control,25,5.46
Phoenix,6,12,156,Control,30,5.43
Phoenix,6,12,156,Control,35,5.07
Phoenix,6,12,156,Control,40,5.71
Phoenix,6,12,156,Control,45,5.77
Phoenix,6,12,156,Control,50,5.34
Phoenix,6,12,156,Control,55,5.76
Phoenix,6,13,157,Control,0,5.51
Phoenix,6,13,157,Control,5,5.47
Phoenix,6,13,157,Control,10,5.52
Phoenix,6,13,157,Control,15,5.52
Phoenix,6,13,157,Control,20,5.48
Phoenix,6,13,157,Control,25,5.4
Phoenix,6,13,157,Control,30,5.47
Phoenix,6,13,157,Control,35,5.84
Phoenix,6,13,157,Control,40,5.36
Phoenix,6,13,157,Control,45,6.06
Phoenix,6,13,157,Control,50,5.34
Phoenix,6,13,157,Control,55,5.56
Phoenix,6,14,158,Control,0,5.43
Phoenix,6,14,158,Control,5,5.85
Phoenix,6,14,158,Control,10,5.64
Phoenix,6,14,158,Control,15,5.45
Phoenix,6,14,158,Control,20,5.84
Phoenix,6,14,158,Control,25,5.25
Phoenix,6,14,158,Control,30,5.36
Phoenix,6,14,158,Control,35,5.64
Phoenix,6,14,158,Control,40,5.7
Phoenix,6,14,158,Control,45,5.58
Phoenix,6,14,158,Control,50,5.47
Phoenix,6,14,158,Control,55,5.44
Phoenix,6,15,159,Treatment,0,5.56
Phoenix,6,15,159,Treatment,5,5.04
Phoenix,6,15,159,Treatment,10,4.79
Phoenix,6,15,159,Treatment,15,5.16
Phoenix,6,15,159,Treatment,20,4.61
Phoenix,6,15,159,Treatment,25,4.85
Phoenix,6,15,159,Treatment,30,5.12
Phoenix,6,15,159,Treatment,35,4.92
Phoenix,6,15,159,Treatment,40,4.6
Phoenix,6,15,159,Treatment,45,4.53
Phoenix,6,15,159,Treatment,50,5.25
Phoenix,6,15,159,Treatment,55,4.52
Phoenix,6,16,160,Control,0,4.88
Phoenix,6,16,160,Control,5,4.97
Phoenix,6,16,160,Control,10,5.41
Phoenix,6,16,160,Control,15,5.13
Phoenix,6,16,160,Control,20,5.45
Phoenix,6,16,160,Control,25,5.67
Phoenix,6,16,160,Control,30,5.67
Phoenix,6,16,160,Control,35,5.36
Phoenix,6,16,160,Control,40,5.24
Phoenix,6,16,160,Control,45,5.55
Phoenix,6,16,160,Control,50,5.17
Phoenix,6,16,160,Control,55,5.82
Phoenix,6,17,161,Control,0,5.33
Phoenix,6,17,161,Control,5,5.24
Phoenix,6,17,161,Control,10,5.34
Phoenix,6,17,161,Control,15,5.11
Phoenix,6,17,161,Control,20,5.62
Phoenix,6,17,161,Control,25,5.3
Phoenix,6,17,161,Control,30,5.6
Phoenix,6,17,161,Control,35,5.63
Phoenix,6,17,161,Control,40,5.74
Phoenix,6,17,161,Control,45,5.56
Phoenix,6,17,161,Control,50,5.78
Phoenix,6,17,161,Control,55,5.85
Phoenix,6,18,162,Control,0,5.58
Phoenix,6,18,162,Control,5,5.36
Phoenix,6,18,162,Control,10,5.25
Phoenix,6,18,162,Control,15,5.82
Phoenix,6,18,162,Control,20,5.65
Phoenix,6,18,162,Control,25,5.67
Phoenix,6,18,162,Control,30,5.35
Phoenix,6,18,162,Control,35,5.91
Phoenix,6,18,162,Control,40,5.44
Phoenix,6,18,162,Control,45,5.3
Phoenix,6,18,162,Control,50,5.36
Phoenix,6,18,162,Control,55,5.89
Phoenix,6,19,163,Control,0,5.31
Phoenix,6,19,163,Control,5,6.22
Phoenix,6,19,163,Control,10,5.74
Phoenix,6,19,163,Control,15,5.32
Phoenix,6,19,163,Control,20,5.23
Phoenix,6,19,163,Control,25,5.08
Phoenix,6,19,163,Control,30,5.52
Phoenix,6,19,163,Control,35,5.68
Phoenix,6,19,163,Control,40,5.88
Phoenix,6,19,163,Control,45,5.03
Phoenix,6,19,163,Control,50,5.17
Phoenix,6,19,163,Control,55,5.47
Phoenix,6,20,164,Treatment,0,5.72
Phoenix,6,20,164,Treatment,5,5.35
Phoenix,6,20,164,Treatment,10,4.72
Phoenix,6,20,164,Treatment,15,4.26
Phoenix,6,20,164,Treatment,20,4.79
Phoenix,6,20,164,Treatment,25,4.76
Phoenix,6,20,164,Treatment,30,4.72
Phoenix,6,20,164,Treatment,35,4.69
Phoenix,6,20,164,Treatment,40,4.6
Phoenix,6,20,164,Treatment,45,4.54
Phoenix,6,20,164,Treatment,50,5.13
Phoenix,6,20,164,Treatment,55,4.56
Phoenix,6,21,165,Control,0,4.78
Phoenix,6,21,165,Control,5,5.2
Phoenix,6,21,165,Control,10,5.05
Phoenix,6,21,165,Control,15,5.74
Phoenix,6,21,165,Control,20,5.36
Phoenix,6,21,165,Control,25,5.46
Phoenix,6,21,165,Control,30,5.91
Phoenix,6,21,165,Control,35,5.26
Phoenix,6,21,165,Control,40,5.68
Phoenix,6,21,165,Control,45,5.75
Phoenix,6,21,165,Control,50,5.58
Phoenix,6,21,165,Control,55,5.47
Phoenix,6,22,166,Treatment,0,5.5
Phoenix,6,22,166,Treatment,5,5.31
Phoenix,6,22,166,Treatment,10,4.94
Phoenix,6,22,166,Treatment,15,4.82
Phoenix,6,22,166,Treatment,20,5.03
Phoenix,6,22,166,Treatment,25,4.72
Phoenix,6,22,166,Treatment,30,4.26
Phoenix,6,22,166,Treatment,35,4.91
Phoenix,6,22,166,Treatment,40,4.52
Phoenix,6,22,166,Treatment,45,4.97
Phoenix,6,22,166,Treatment,50,4.78
Phoenix,6,22,166,Treatment,55,5.02
Phoenix,6,23,167,Treatment,0,4.65
Phoenix,6,23,167,Treatment,5,4.7
Phoenix,6,23,167,Treatment,10,4.41
Phoenix,6,23,167,Treatment,15,5.06
Phoenix,6,23,167,Treatment,20,4.38
Phoenix,6,23,167,Treatment,25,5.06
Phoenix,6,23,167,Treatment,30,4.89
Phoenix,6,23,167,Treatment,35,4.74
Phoenix,6,23,167,Treatment,40,4.87
Phoenix,6,23,167,Treatment,45,4.86
Phoenix,6,23,167,Treatment,50,4.68
Phoenix,6,23,167,Treatment,55,4.86
Phoenix,7,0,168,Treatment,0,4.55
Phoenix,7,0,168,Treatment,5,4.87
Phoenix,7,0,168,Treatment,10,4.13
Phoenix,7,0,168,Treatment,15,4.3
Phoenix,7,0,168,Treatment,20,4.93
Phoenix,7,0,168,Treatment,25,4.68
Phoenix,7,0,168,Treatment,30,4.57
Phoenix,7,0,168,Treatment,35,4.77
Phoenix,7,0,168,Treatment,40,4.69
Phoenix,7,0,168,Treatment,45,4.54
Phoenix,7,0,168,Treatment,50,4.38
Phoenix,7,0,168,Treatment,55,4.29
Phoenix,7,1,169,Control,0,4.68
Phoenix,7,1,169,Control,5,5.27
Phoenix,7,1,169,Control,10,5.15
Phoenix,7,1,169,Control,15,5.59
Phoenix,7,1,169,Control,20,5.47
Phoenix,7,1,169,Control,25,5.51
Phoenix,7,1,169,Control,30,5.52
Phoenix,7,1,169,Control,35,5.39
Phoenix,7,1,169,Control,40,5.19
Phoenix,7,1,169,Control,45,5.69
Phoenix,7,1,169,Control,50,5.9
Phoenix,7,1,169,Control,55,5.91
Phoenix,7,2,170,Treatment,0,5.32
Phoenix,7,2,170,Treatment,5,5.12
Phoenix,7,2,170,Treatment,10,4.98
Phoenix,7,2,170,Treatment,15,4.77
Phoenix,7,2,170,Treatment,20,4.54
Phoenix,7,2,170,Treatment,25,4.42
Phoenix,7,2,170,Treatment,30,4.8
Phoenix,7,2,170,Treatment,35,3.9
Phoenix,7,2,170,Treatment,40,4.76
Phoenix,7,2,170,Treatment,45,4.55
Phoenix,7,2,170,Treatment,50,4.98
Phoenix,7,2,170,Treatment,55,5.05
Phoenix,7,3,171,Control,0,4.7
Phoenix,7,3,171,Control,5,4.74
Phoenix,7,3,171,Control,10,5.06
Phoenix,7,3,171,Control,15,5.57
Phoenix,7,3,171,Control,20,5.09
Phoenix,7,3,171,Control,25,5.85
Phoenix,7,3,171,Control,30,5.42
Phoenix,7,3,171,Control,35,5.63
Phoenix,7,3,171,Control,40,5.05
Phoenix,7,3,171,Control,45,5.27
Phoenix,7,3,171,Control,50,5.02
Phoenix,7,3,171,Control,55,5.76
Phoenix,7,4,172,Treatment,0,5.64
Phoenix,7,4,172,Treatment,5,5.28
Phoenix,7,4,172,Treatment,10,5.14
Phoenix,7,4,172,Treatment,15,4.7
Phoenix,7,4,172,Treatment,20,4.73
Phoenix,7,4,172,Treatment,25,4.76
Phoenix,7,4,172,Treatment,30,4.89
Phoenix,7,4,172,Treatment,35,4.89
Phoenix,7,4,172,Treatment,40,5.49
Phoenix,7,4,172,Treatment,45,5.21
Phoenix,7,4,172,Treatment,50,4.34
Phoenix,7,4,172,Treatment,55,4.75
Phoenix,7,5,173,Treatment,0,5.11
Phoenix,7,5,173,Treatment,5,4.71
Phoenix,7,5,173,Treatment,10,4.9
Phoenix,7,5,173,Treatment,15,4.2
Phoenix,7,5,173,Treatment,20,4.41
Phoenix,7,5,173,Treatment,25,5.31
Phoenix,7,5,173,Treatment,30,4.8
Phoenix,7,5,173,Treatment,35,4.54
Phoenix,7,5,173,Treatment,40,4.85
Phoenix,7,5,173,Treatment,45,4.52
Phoenix,7,5,173,Treatment,50,4.71
Phoenix,7,5,173,Treatment,55,4.42
Phoenix,7,6,174,Control,0,4.68
Phoenix,7,6,174,Control,5,5.3
Phoenix,7,6,174,Control,10,5.38
Phoenix,7,6,174,Control,15,5.66
Phoenix,7,6,174,Control,20,5.49
Phoenix,7,6,174,Control,25,5.71
Phoenix,7,6,174,Control,30,5.28
Phoenix,7,6,174,Control,35,5.32
Phoenix,7,6,174,Control,40,5.6
Phoenix,7,6,174,Control,45,5.43
Phoenix,7,6,174,Control,50,5.5
Phoenix,7,6,174,Control,55,5.46
Phoenix,7,7,175,Treatment,0,5.83
Phoenix,7,7,175,Treatment,5,5.11
Phoenix,7,7,175,Treatment,10,4.58
Phoenix,7,7,175,Treatment,15,4.61
Phoenix,7,7,175,Treatment,20,4.56
Phoenix,7,7,175,Treatment,25,4.99
Phoenix,7,7,175,Treatment,30,5.02
Phoenix,7,7,175,Treatment,35,4.53
Phoenix,7,7,175,Treatment,40,4.6
Phoenix,7,7,175,Treatment,45,4.42
Phoenix,7,7,175,Treatment,50,4.82
Phoenix,7,7,175,Treatment,55,4.77
Phoenix,7,8,176,Control,0,4.91
Phoenix,7,8,176,Control,5,5.18
Phoenix,7,8,176,Control,10,4.88
Phoenix,7,8,176,Control,15,5.34
Phoenix,7,8,176,Control,20,5.74
Phoenix,7,8,176,Control,25,5.37
Phoenix,7,8,176,Control,30,5.09
Phoenix,7,8,176,Control,35,5.7
Phoenix,7,8,176,Control,40,5.36
Phoenix,7,8,176,Control,45,5.77
Phoenix,7,8,176,Control,50,5.5
Phoenix,7,8,176,Control,55,5.43
Phoenix,7,9,177,Control,0,5.17
Phoenix,7,9,177,Control,5,5.86
Phoenix,7,9,177,Control,10,5.34
Phoenix,7,9,177,Control,15,5.54
Phoenix,7,9,177,Control,20,5.54
Phoenix,7,9,177,Control,25,5.39
Phoenix,7,9,177,Control,30,5.31
Phoenix,7,9,177,Control,35,5.41
Phoenix,7,9,177,Control,40,5.25
Phoenix,7,9,177,Control,45,5.99
Phoenix,7,9,177,Control,50,5.38
Phoenix,7,9,177,Control,55,5.79
Phoenix,7,10,178,Control,0,5.59
Phoenix,7,10,178,Control,5,5.47
Phoenix,7,10,178,Control,10,5.55
Phoenix,7,10,178,Control,15,5.64
Phoenix,7,10,178,Control,20,5.53
Phoenix,7,10,178,Control,25,5.11
Phoenix,7,10,178,Control,30,5.05
Phoenix,7,10,178,Control,35,5.88
Phoenix,7,10,178,Control,40,4.84
Phoenix,7,10,178,Control,45,5.55
Phoenix,7,10,178,Control,50,5.44
Phoenix,7,10,178,Control,55,5.54
Phoenix,7,11,179,Control,0,5.59
Phoenix,7,11,179,Control,5,5.55
Phoenix,7,11,179,Control,10,6.19
Phoenix,7,11,179,Control,15,5.53
Phoenix,7,11,179,Control,20,5.84
Phoenix,7,11,179,Control,25,5.13
Phoenix,7,11,179,Control,30,5.76
Phoenix,7,11,179,Control,35,5.56
Phoenix,7,11,179,Control,40,5.57
Phoenix,7,11,179,Control,45,5.57
Phoenix,7,11,179,Control,50,5.93
Phoenix,7,11,179,Control,55,5.56
Phoenix,7,12,180,Treatment,0,5.35
Phoenix,7,12,180,Treatment,5,5.47
Phoenix,7,12,180,Treatment,10,5.14
Phoenix,7,12,180,Treatment,15,4.4
Phoenix,7,12,180,Treatment,20,4.91
Phoenix,7,12,180,Treatment,25,4.51
Phoenix,7,12,180,Treatment,30,4.89
Phoenix,7,12,180,Treatment,35,4.58
Phoenix,7,12,180,Treatment,40,4.71
Phoenix,7,12,180,Treatment,45,4.65
Phoenix,7,12,180,Treatment,50,5.16
Phoenix,7,12,180,Treatment,55,4.89
Phoenix,7,13,181,Treatment,0,5.51
Phoenix,7,13,181,Treatment,5,4.8
Phoenix,7,13,181,Treatment,10,5.16
Phoenix,7,13,181,Treatment,15,4.61
Phoenix,7,13,181,Treatment,20,5.1
Phoenix,7,13,181,Treatment,25,4.58
Phoenix,7,13,181,Treatment,30,4.78
Phoenix,7,13,181,Treatment,35,4.92
Phoenix,7,13,181,Treatment,40,4.96
Phoenix,7,13,181,Treatment,45,4.47
Phoenix,7,13,181,Treatment,50,4.57
Phoenix,7,13,181,Treatment,55,4.94
Phoenix,7,14,182,Control,0,4.44
Phoenix,7,14,182,Control,5,5.01
Phoenix,7,14,182,Control,10,5.23
Phoenix,7,14,182,Control,15,5.54
Phoenix,7,14,182,Control,20,5.63
Phoenix,7,14,182,Control,25,5.62
Phoenix,7,14,182,Control,30,5.31
Phoenix,7,14,182,Control,35,5.4
Phoenix,7,14,182,Control,40,5.73
Phoenix,7,14,182,Control,45,5.36
Phoenix,7,14,182,Control,50,5.4
Phoenix,7,14,182,Control,55,5.12
Phoenix,7,15,183,Control,0,5.59
Phoenix,7,15,183,Control,5,5.01
Phoenix,7,15,183,Control,10,5.23
Phoenix,7,15,183,Control,15,5.14
Phoenix,7,15,183,Control,20,5.7
Phoenix,7,15,183,Control,25,5.02
Phoenix,7,15,183,Control,30,5.48
Phoenix,7,15,183,Control,35,5.68
Phoenix,7,15,183,Control,40,5.55
Phoenix,7,15,183,Control,45,5.39
Phoenix,7,15,183,Control,50,5.59
Phoenix,7,15,183,Control,55,5.76
Phoenix,7,16,184,Treatment,0,4.94
Phoenix,7,16,184,Treatment,5,5.55
Phoenix,7,16,184,Treatment,10,5.12
Phoenix,7,16,184,Treatment,15,4.78
Phoenix,7,16,184,Treatment,20,4.29
Phoenix,7,16,184,Treatment,25,4.71
Phoenix,7,16,184,Treatment,30,4.57
Phoenix,7,16,184,Treatment,35,4.48
Phoenix,7,16,184,Treatment,40,4.75
Phoenix,7,16,184,Treatment,45,4.65
Phoenix,7,16,184,Treatment,50,4.67
Phoenix,7,16,184,Treatment,55,4.97
Phoenix,7,17,185,Treatment,0,4.66
Phoenix,7,17,185,Treatment,5,4.63
Phoenix,7,17,185,Treatment,10,4.67
Phoenix,7,17,185,Treatment,15,4.72
Phoenix,7,17,185,Treatment,20,4.93
Phoenix,7,17,185,Treatment,25,4.52
Phoenix,7,17,185,Treatment,30,5.15
Phoenix,7,17,185,Treatment,35,4.93
Phoenix,7,17,185,Treatment,40,4.1
Phoenix,7,17,185,Treatment,45,4.81
Phoenix,7,17,185,Treatment,50,5.05
Phoenix,7,17,185,Treatment,55,4.88
Phoenix,7,18,186,Treatment,0,4.77
Phoenix,7,18,186,Treatment,5,4.83
Phoenix,7,18,186,Treatment,10,4.98
Phoenix,7,18,186,Treatment,15,4.43
Phoenix,7,18,186,Treatment,20,4.63
Phoenix,7,18,186,Treatment,25,5.19
Phoenix,7,18,186,Treatment,30,4.79
Phoenix,7,18,186,Treatment,35,5.17
Phoenix,7,18,186,Treatment,40,5.53
Phoenix,7,18,186,Treatment,45,4.66
Phoenix,7,18,186,Treatment,50,4.49
Phoenix,7,18,186,Treatment,55,4.72
Phoenix,7,19,187,Treatment,0,5.09
Phoenix,7,19,187,Treatment,5,5.35
Phoenix,7,19,187,Treatment,10,4.78
Phoenix,7,19,187,Treatment,15,4.91
Phoenix,7,19,187,Treatment,20,4.61
Phoenix,7,19,187,Treatment,25,4.16
Phoenix,7,19,187,Treatment,30,4.78
Phoenix,7,19,187,Treatment,35,4.5
Phoenix,7,19,187,Treatment,40,4.95
Phoenix,7,19,187,Treatment,45,4.31
Phoenix,7,19,187,Treatment,50,4.6
Phoenix,7,19,187,Treatment,55,4.85
Phoenix,7,20,188,Control,0,4.77
Phoenix,7,20,188,Control,5,5.49
Phoenix,7,20,188,Control,10,5.65
Phoenix,7,20,188,Control,15,5.33
Phoenix,7,20,188,Control,20,5.9
Phoenix,7,20,188,Control,25,5.94
Phoenix,7,20,188,Control,30,5.47
Phoenix,7,20,188,Control,35,5.51
Phoenix,7,20,188,Control,40,5.49
Phoenix,7,20,188,Control,45,5.34
Phoenix,7,20,188,Control,50,5.36
Phoenix,7,20,188,Control,55,5.83
Phoenix,7,21,189,Treatment,0,5.36
Phoenix,7,21,189,Treatment,5,5.03
Phoenix,7,21,189,Treatment,10,4.83
Phoenix,7,21,189,Treatment,15,4.74
Phoenix,7,21,189,Treatment,20,5.01
Phoenix,7,21,189,Treatment,25,4.57
Phoenix,7,21,189,Treatment,30,5.01
Phoenix,7,21,189,Treatment,35,4.83
Phoenix,7,21,189,Treatment,40,4.82
Phoenix,7,21,189,Treatment,45,5.04
Phoenix,7,21,189,Treatment,50,5.0
Phoenix,7,21,189,Treatment,55,4.43
Phoenix,7,22,190,Treatment,0,4.73
Phoenix,7,22,190,Treatment,5,4.87
Phoenix,7,22,190,Treatment,10,5.13
Phoenix,7,22,190,Treatment,15,4.8
Phoenix,7,22,190,Treatment,20,5.21
Phoenix,7,22,190,Treatment,25,4.61
Phoenix,7,22,190,Treatment,30,4.65
Phoenix,7,22,190,Treatment,35,4.71
Phoenix,7,22,190,Treatment,40,4.58
Phoenix,7,22,190,Treatment,45,5.07
Phoenix,7,22,190,Treatment,50,4.09
Phoenix,7,22,190,Treatment,55,4.66
Phoenix,7,23,191,Treatment,0,4.71
Phoenix,7,23,191,Treatment,5,5.05
Phoenix,7,23,191,Treatment,10,5.33
Phoenix,7,23,191,Treatment,15,4.81
Phoenix,7,23,191,Treatment,20,5.08
Phoenix,7,23,191,Treatment,25,5.39
Phoenix,7,23,191,Treatment,30,4.89
Phoenix,7,23,191,Treatment,35,4.77
Phoenix,7,23,191,Treatment,40,5.01
Phoenix,7,23,191,Treatment,45,5.08
Phoenix,7,23,191,Treatment,50,4.78
Phoenix,7,23,191,Treatment,55,4.66
Phoenix,8,0,192,Treatment,0,4.72
Phoenix,8,0,192,Treatment,5,5.08
Phoenix,8,0,192,Treatment,10,4.85
Phoenix,8,0,192,Treatment,15,5.24
Phoenix,8,0,192,Treatment,20,4.57
Phoenix,8,0,192,Treatment,25,4.57
Phoenix,8,0,192,Treatment,30,5.0
Phoenix,8,0,192,Treatment,35,4.5
Phoenix,8,0,192,Treatment,40,4.81
Phoenix,8,0,192,Treatment,45,5.17
Phoenix,8,0,192,Treatment,50,4.34
Phoenix,8,0,192,Treatment,55,4.89
Phoenix,8,1,193,Treatment,0,4.78
Phoenix,8,1,193,Treatment,5,4.55
Phoenix,8,1,193,Treatment,10,4.72
Phoenix,8,1,193,Treatment,15,4.58
Phoenix,8,1,193,Treatment,20,4.8
Phoenix,8,1,193,Treatment,25,4.72
Phoenix,8,1,193,Treatment,30,4.66
Phoenix,8,1,193,Treatment,35,4.9
Phoenix,8,1,193,Treatment,40,5.18
Phoenix,8,1,193,Treatment,45,4.87
Phoenix,8,1,193,Treatment,50,5.12
Phoenix,8,1,193,Treatment,55,5.18
Phoenix,8,2,194,Control,0,4.85
Phoenix,8,2,194,Control,5,4.92
Phoenix,8,2,194,Control,10,4.89
Phoenix,8,2,194,Control,15,5.59
Phoenix,8,2,194,Control,20,5.24
Phoenix,8,2,194,Control,25,5.62
Phoenix,8,2,194,Control,30,5.11
Phoenix,8,2,194,Control,35,5.54
Phoenix,8,2,194,Control,40,5.11
Phoenix,8,2,194,Control,45,5.67
Phoenix,8,2,194,Control,50,5.4
Phoenix,8,2,194,Control,55,5.38
Phoenix,8,3,195,Control,0,5.42
Phoenix,8,3,195,Control,5,5.53
Phoenix,8,3,195,Control,10,5.45
Phoenix,8,3,195,Control,15,5.63
Phoenix,8,3,195,Control,20,5.76
Phoenix,8,3,195,Control,25,5.71
Phoenix,8,3,195,Control,30,5.38
Phoenix,8,3,195,Control,35,5.8
Phoenix,8,3,195,Control,40,5.27
Phoenix,8,3,195,Control,45,5.31
Phoenix,8,3,195,Control,50,5.47
Phoenix,8,3,195,Control,55,5.76
Phoenix,8,4,196,Treatment,0,5.72
Phoenix,8,4,196,Treatment,5,5.25
Phoenix,8,4,196,Treatment,10,4.91
Phoenix,8,4,196,Treatment,15,5.06
Phoenix,8,4,196,Treatment,20,4.58
Phoenix,8,4,196,Treatment,25,5.36
Phoenix,8,4,196,Treatment,30,4.74
Phoenix,8,4,196,Treatment,35,4.82
Phoenix,8,4,196,Treatment,40,5.17
Phoenix,8,4,196,Treatment,45,4.83
Phoenix,8,4,196,Treatment,50,5.08
Phoenix,8,4,196,Treatment,55,4.3
Phoenix,8,5,197,Treatment,0,4.88
Phoenix,8,5,197,Treatment,5,5.06
Phoenix,8,5,197,Treatment,10,4.98
Phoenix,8,5,197,Treatment,15,4.95
Phoenix,8,5,197,Treatment,20,5.05
Phoenix,8,5,197,Treatment,25,4.9
Phoenix,8,5,197,Treatment,30,4.25
Phoenix,8,5,197,Treatment,35,5.15
Phoenix,8,5,197,Treatment,40,4.58
Phoenix,8,5,197,Treatment,45,4.86
Phoenix,8,5,197,Treatment,50,4.83
Phoenix,8,5,197,Treatment,55,4.8
Phoenix,8,6,198,Treatment,0,4.3
Phoenix,8,6,198,Treatment,5,4.53
Phoenix,8,6,198,Treatment,10,4.99
Phoenix,8,6,198,Treatment,15,4.42
Phoenix,8,6,198,Treatment,20,4.56
Phoenix,8,6,198,Treatment,25,4.89
Phoenix,8,6,198,Treatment,30,4.53
Phoenix,8,6,198,Treatment,35,4.65
Phoenix,8,6,198,Treatment,40,4.81
Phoenix,8,6,198,Treatment,45,4.86
Phoenix,8,6,198,Treatment,50,4.52
Phoenix,8,6,198,Treatment,55,4.82
Phoenix,8,7,199,Treatment,0,4.47
Phoenix,8,7,199,Treatment,5,4.84
Phoenix,8,7,199,Treatment,10,4.61
Phoenix,8,7,199,Treatment,15,4.82
Phoenix,8,7,199,Treatment,20,4.97
Phoenix,8,7,199,Treatment,25,4.74
Phoenix,8,7,199,Treatment,30,5.01
Phoenix,8,7,199,Treatment,35,4.98
Phoenix,8,7,199,Treatment,40,5.01
Phoenix,8,7,199,Treatment,45,4.89
Phoenix,8,7,199,Treatment,50,5.06
Phoenix,8,7,199,Treatment,55,4.88
Phoenix,8,8,200,Treatment,0,4.59
Phoenix,8,8,200,Treatment,5,4.73
Phoenix,8,8,200,Treatment,10,4.76
Phoenix,8,8,200,Treatment,15,4.87
Phoenix,8,8,200,Treatment,20,4.58
Phoenix,8,8,200,Treatment,25,5.29
Phoenix,8,8,200,Treatment,30,4.76
Phoenix,8,8,200,Treatment,35,4.78
Phoenix,8,8,200,Treatment,40,4.62
Phoenix,8,8,200,Treatment,45,4.53
Phoenix,8,8,200,Treatment,50,4.75
Phoenix,8,8,200,Treatment,55,4.79
Phoenix,8,9,201,Control,0,5.2
Phoenix,8,9,201,Control,5,4.99
Phoenix,8,9,201,Control,10,5.24
Phoenix,8,9,201,Control,15,5.7
Phoenix,8,9,201,Control,20,5.46
Phoenix,8,9,201,Control,25,5.63
Phoenix,8,9,201,Control,30,5.18
Phoenix,8,9,201,Control,35,5.18
Phoenix,8,9,201,Control,40,5.53
Phoenix,8,9,201,Control,45,5.44
Phoenix,8,9,201,Control,50,5.3
Phoenix,8,9,201,Control,55,5.53
Phoenix,8,10,202,Treatment,0,5.32
Phoenix,8,10,202,Treatment,5,5.13
Phoenix,8,10,202,Treatment,10,5.08
Phoenix,8,10,202,Treatment,15,4.53
Phoenix,8,10,202,Treatment,20,4.63
Phoenix,8,10,202,Treatment,25,4.92
Phoenix,8,10,202,Treatment,30,4.78
Phoenix,8,10,202,Treatment,35,4.67
Phoenix,8,10,202,Treatment,40,4.56
Phoenix,8,10,202,Treatment,45,4.53
Phoenix,8,10,202,Treatment,50,4.75
Phoenix,8,10,202,Treatment,55,5.29
Phoenix,8,11,203,Treatment,0,4.45
Phoenix,8,11,203,Treatment,5,4.96
Phoenix,8,11,203,Treatment,10,4.6
Phoenix,8,11,203,Treatment,15,4.78
Phoenix,8,11,203,Treatment,20,4.64
Phoenix,8,11,203,Treatment,25,5.29
Phoenix,8,11,203,Treatment,30,4.5
Phoenix,8,11,203,Treatment,35,4.86
Phoenix,8,11,203,Treatment,40,4.61
Phoenix,8,11,203,Treatment,45,4.97
Phoenix,8,11,203,Treatment,50,4.86
Phoenix,8,11,203,Treatment,55,5.1
Phoenix,8,12,204,Control,0,4.61
Phoenix,8,12,204,Control,5,5.75
Phoenix,8,12,204,Control,10,5.4
Phoenix,8,12,204,Control,15,5.36
Phoenix,8,12,204,Control,20,5.55
Phoenix,8,12,204,Control,25,5.66
Phoenix,8,12,204,Control,30,5.65
Phoenix,8,12,204,Control,35,5.62
Phoenix,8,12,204,Control,40,5.74
Phoenix,8,12,204,Control,45,5.72
Phoenix,8,12,204,Control,50,5.29
Phoenix,8,12,204,Control,55,6.03
Phoenix,8,13,205,Control,0,5.7
Phoenix,8,13,205,Control,5,5.51
Phoenix,8,13,205,Control,10,5.51
Phoenix,8,13,205,Control,15,5.42
Phoenix,8,13,205,Control,20,5.45
Phoenix,8,13,205,Control,25,4.95
Phoenix,8,13,205,Control,30,5.88
Phoenix,8,13,205,Control,35,5.79
Phoenix,8,13,205,Control,40,5.08
Phoenix,8,13,205,Control,45,5.72
Phoenix,8,13,205,Control,50,5.5
Phoenix,8,13,205,Control,55,5.45
Phoenix,8,14,206,Treatment,0,5.06
Phoenix,8,14,206,Treatment,5,5.26
Phoenix,8,14,206,Treatment,10,5.04
Phoenix,8,14,206,Treatment,15,4.81
Phoenix,8,14,206,Treatment,20,4.44
Phoenix,8,14,206,Treatment,25,4.9
Phoenix,8,14,206,Treatment,30,5.05
Phoenix,8,14,206,Treatment,35,4.89
Phoenix,8,14,206,Treatment,40,4.73
Phoenix,8,14,206,Treatment,45,5.46
Phoenix,8,14,206,Treatment,50,4.55
Phoenix,8,14,206,Treatment,55,4.98
Phoenix,8,15,207,Treatment,0,5.29
Phoenix,8,15,207,Treatment,5,4.88
Phoenix,8,15,207,Treatment,10,4.94
Phoenix,8,15,207,Treatment,15,4.91
Phoenix,8,15,207,Treatment,20,4.52
Phoenix,8,15,207,Treatment,25,4.57
Phoenix,8,15,207,Treatment,30,4.72
Phoenix,8,15,207,Treatment,35,5.02
Phoenix,8,15,207,Treatment,40,4.84
Phoenix,8,15,207,Treatment,45,4.73
Phoenix,8,15,207,Treatment,50,5.13
Phoenix,8,15,207,Treatment,55,4.29
Phoenix,8,16,208,Treatment,0,4.16
Phoenix,8,16,208,Treatment,5,5.09
Phoenix,8,16,208,Treatment,10,4.76
Phoenix,8,16,208,Treatment,15,5.03
Phoenix,8,16,208,Treatment,20,4.76
Phoenix,8,16,208,Treatment,25,5.04
Phoenix,8,16,208,Treatment,30,4.75
Phoenix,8,16,208,Treatment,35,4.89
Phoenix,8,16,208,Treatment,40,4.85
Phoenix,8,16,208,Treatment,45,4.87
Phoenix,8,16,208,Treatment,50,5.21
Phoenix,8,16,208,Treatment,55,4.38
Phoenix,8,17,209,Treatment,0,4.83
Phoenix,8,17,209,Treatment,5,4.8
Phoenix,8,17,209,Treatment,10,4.69
Phoenix,8,17,209,Treatment,15,4.65
Phoenix,8,17,209,Treatment,20,5.17
Phoenix,8,17,209,Treatment,25,4.77
Phoenix,8,17,209,Treatment,30,5.39
Phoenix,8,17,209,Treatment,35,4.92
Phoenix,8,17,209,Treatment,40,4.71
Phoenix,8,17,209,Treatment,45,4.92
Phoenix,8,17,209,Treatment,50,4.81
Phoenix,8,17,209,Treatment,55,5.12
Phoenix,8,18,210,Treatment,0,4.33
Phoenix,8,18,210,Treatment,5,4.88
Phoenix,8,18,210,Treatment,10,4.99
Phoenix,8,18,210,Treatment,15,4.86
Phoenix,8,18,210,Treatment,20,4.95
Phoenix,8,18,210,Treatment,25,4.92
Phoenix,8,18,210,Treatment,30,4.41
Phoenix,8,18,210,Treatment,35,4.86
Phoenix,8,18,210,Treatment,40,5.11
Phoenix,8,18,210,Treatment,45,4.83
Phoenix,8,18,210,Treatment,50,4.46
Phoenix,8,18,210,Treatment,55,4.7
Phoenix,8,19,211,Treatment,0,5.23
Phoenix,8,19,211,Treatment,5,4.3
Phoenix,8,19,211,Treatment,10,4.88
Phoenix,8,19,211,Treatment,15,4.55
Phoenix,8,19,211,Treatment,20,4.91
Phoenix,8,19,211,Treatment,25,4.93
Phoenix,8,19,211,Treatment,30,4.73
Phoenix,8,19,211,Treatment,35,4.94
Phoenix,8,19,211,Treatment,40,5.07
Phoenix,8,19,211,Treatment,45,4.74
Phoenix,8,19,211,Treatment,50,4.45
Phoenix,8,19,211,Treatment,55,5.14
Phoenix,8,20,212,Treatment,0,4.93
Phoenix,8,20,212,Treatment,5,4.61
Phoenix,8,20,212,Treatment,10,5.03
Phoenix,8,20,212,Treatment,15,5.3
Phoenix,8,20,212,Treatment,20,4.75
Phoenix,8,20,212,Treatment,25,4.81
Phoenix,8,20,212,Treatment,30,4.52
Phoenix,8,20,212,Treatment,35,4.61
Phoenix,8,20,212,Treatment,40,4.52
Phoenix,8,20,212,Treatment,45,4.82
Phoenix,8,20,212,Treatment,50,4.7
Phoenix,8,20,212,Treatment,55,4.88
Phoenix,8,21,213,Control,0,4.74
Phoenix,8,21,213,Control,5,4.78
Phoenix,8,21,213,Control,10,5.31
Phoenix,8,21,213,Control,15,5.09
Phoenix,8,21,213,Control,20,5.54
Phoenix,8,21,213,Control,25,5.43
Phoenix,8,21,213,Control,30,5.55
Phoenix,8,21,213,Control,35,5.09
Phoenix,8,21,213,Control,40,5.66
Phoenix,8,21,213,Control,45,5.43
Phoenix,8,21,213,Control,50,5.55
Phoenix,8,21,213,Control,55,5.03
Phoenix,8,22,214,Treatment,0,5.4
Phoenix,8,22,214,Treatment,5,5.61
Phoenix,8,22,214,Treatment,10,5.16
Phoenix,8,22,214,Treatment,15,4.82
Phoenix,8,22,214,Treatment,20,4.55
Phoenix,8,22,214,Treatment,25,4.51
Phoenix,8,22,214,Treatment,30,4.85
Phoenix,8,22,214,Treatment,35,4.96
Phoenix,8,22,214,Treatment,40,4.84
Phoenix,8,22,214,Treatment,45,5.21
Phoenix,8,22,214,Treatment,50,4.61
Phoenix,8,22,214,Treatment,55,4.83
Phoenix,8,23,215,Treatment,0,4.84
Phoenix,8,23,215,Treatment,5,5.15
Phoenix,8,23,215,Treatment,10,4.52
Phoenix,8,23,215,Treatment,15,5.0
Phoenix,8,23,215,Treatment,20,5.15
Phoenix,8,23,215,Treatment,25,4.61
Phoenix,8,23,215,Treatment,30,4.9
Phoenix,8,23,215,Treatment,35,5.18
Phoenix,8,23,215,Treatment,40,4.84
Phoenix,8,23,215,Treatment,45,4.98
Phoenix,8,23,215,Treatment,50,4.34
Phoenix,8,23,215,Treatment,55,4.93
Phoenix,9,0,216,Treatment,0,4.45
Phoenix,9,0,216,Treatment,5,4.54
Phoenix,9,0,216,Treatment,10,4.94
Phoenix,9,0,216,Treatment,15,4.71
Phoenix,9,0,216,Treatment,20,5.06
Phoenix,9,0,216,Treatment,25,4.86
Phoenix,9,0,216,Treatment,30,4.8
Phoenix,9,0,216,Treatment,35,4.74
Phoenix,9,0,216,Treatment,40,4.86
Phoenix,9,0,216,Treatment,45,4.99
Phoenix,9,0,216,Treatment,50,4.92
Phoenix,9,0,216,Treatment,55,4.68
Phoenix,9,1,217,Treatment,0,4.95
Phoenix,9,1,217,Treatment,5,4.88
Phoenix,9,1,217,Treatment,10,4.81
Phoenix,9,1,217,Treatment,15,4.91
Phoenix,9,1,217,Treatment,20,4.33
Phoenix,9,1,217,Treatment,25,4.85
Phoenix,9,1,217,Treatment,30,5.2
Phoenix,9,1,217,Treatment,35,4.84
Phoenix,9,1,217,Treatment,40,4.81
Phoenix,9,1,217,Treatment,45,4.64
Phoenix,9,1,217,Treatment,50,4.91
Phoenix,9,1,217,Treatment,55,4.74
Phoenix,9,2,218,Treatment,0,4.57
Phoenix,9,2,218,Treatment,5,4.67
Phoenix,9,2,218,Treatment,10,4.63
Phoenix,9,2,218,Treatment,15,5.24
Phoenix,9,2,218,Treatment,20,4.74
Phoenix,9,2,218,Treatment,25,4.65
Phoenix,9,2,218,Treatment,30,4.26
Phoenix,9,2,218,Treatment,35,4.56
Phoenix,9,2,218,Treatment,40,4.92
Phoenix,9,2,218,Treatment,45,4.92
Phoenix,9,2,218,Treatment,50,4.62
Phoenix,9,2,218,Treatment,55,4.64
Phoenix,9,3,219,Treatment,0,5.46
Phoenix,9,3,219,Treatment,5,5.07
Phoenix,9,3,219,Treatment,10,5.17
Phoenix,9,3,219,Treatment,15,5.23
Phoenix,9,3,219,Treatment,20,5.34
Phoenix,9,3,219,Treatment,25,4.71
Phoenix,9,3,219,Treatment,30,4.57
Phoenix,9,3,219,Treatment,35,5.24
Phoenix,9,3,219,Treatment,40,4.54
Phoenix,9,3,219,Treatment,45,4.53
Phoenix,9,3,219,Treatment,50,4.53
Phoenix,9,3,219,Treatment,55,4.75
Phoenix,9,4,220,Control,0,4.43
Phoenix,9,4,220,Control,5,4.87
Phoenix,9,4,220,Control,10,4.96
Phoenix,9,4,220,Control,15,5.77
Phoenix,9,4,220,Control,20,5.5
Phoenix,9,4,220,Control,25,5.64
Phoenix,9,4,220,Control,30,5.62
Phoenix,9,4,220,Control,35,5.45
Phoenix,9,4,220,Control,40,5.75
Phoenix,9,4,220,Control,45,5.61
Phoenix,9,4,220,Control,50,5.42
Phoenix,9,4,220,Control,55,5.08
Phoenix,9,5,221,Control,0,5.18
Phoenix,9,5,221,Control,5,5.6
Phoenix,9,5,221,Control,10,5.52
Phoenix,9,5,221,Control,15,5.16
Phoenix,9,5,221,Control,20,5.56
Phoenix,9,5,221,Control,25,5.55
Phoenix,9,5,221,Control,30,5.55
Phoenix,9,5,221,Control,35,5.54
Phoenix,9,5,221,Control,40,5.34
Phoenix,9,5,221,Control,45,5.65
Phoenix,9,5,221,Control,50,5.33
Phoenix,9,5,221,Control,55,5.23
Phoenix,9,6,222,Control,0,5.73
Phoenix,9,6,222,Control,5,5.65
Phoenix,9,6,222,Control,10,5.45
Phoenix,9,6,222,Control,15,5.02
Phoenix,9,6,222,Control,20,5.87
Phoenix,9,6,222,Control,25,5.01
Phoenix,9,6,222,Control,30,5.65
Phoenix,9,6,222,Control,35,6.03
Phoenix,9,6,222,Control,40,5.54
Phoenix,9,6,222,Control,45,5.57
Phoenix,9,6,222,Control,50,5.59
Phoenix,9,6,222,Control,55,5.55
Phoenix,9,7,223,Control,0,5.29
Phoenix,9,7,223,Control,5,5.26
Phoenix,9,7,223,Control,10,5.42
Phoenix,9,7,223,Control,15,5.94
Phoenix,9,7,223,Control,20,5.36
Phoenix,9,7,223,Control,25,5.61
Phoenix,9,7,223,Control,30,5.77
Phoenix,9,7,223,Control,35,5.69
Phoenix,9,7,223,Control,40,5.75
Phoenix,9,7,223,Control,45,5.85
Phoenix,9,7,223,Control,50,5.58
Phoenix,9,7,223,Control,55,5.39
Phoenix,9,8,224,Treatment,0,5.42
Phoenix,9,8,224,Treatment,5,5.89
Phoenix,9,8,224,Treatment,10,4.89
Phoenix,9,8,224,Treatment,15,4.91
Phoenix,9,8,224,Treatment,20,4.41
Phoenix,9,8,224,Treatment,25,4.82
Phoenix,9,8,224,Treatment,30,4.71
Phoenix,9,8,224,Treatment,35,4.95
Phoenix,9,8,224,Treatment,40,4.96
Phoenix,9,8,224,Treatment,45,5.14
Phoenix,9,8,224,Treatment,50,5.12
Phoenix,9,8,224,Treatment,55,4.77
Phoenix,9,9,225,Control,0,4.58
Phoenix,9,9,225,Control,5,5.1
Phoenix,9,9,225,Control,10,5.3
Phoenix,9,9,225,Control,15,5.56
Phoenix,9,9,225,Control,20,5.37
Phoenix,9,9,225,Control,25,5.86
Phoenix,9,9,225,Control,30,5.13
Phoenix,9,9,225,Control,35,5.35
Phoenix,9,9,225,Control,40,5.23
Phoenix,9,9,225,Control,45,5.45
Phoenix,9,9,225,Control,50,5.81
Phoenix,9,9,225,Control,55,5.43
Phoenix,9,10,226,Control,0,5.67
Phoenix,9,10,226,Control,5,5.42
Phoenix,9,10,226,Control,10,5.6
Phoenix,9,10,226,Control,15,5.56
Phoenix,9,10,226,Control,20,5.22
Phoenix,9,10,226,Control,25,5.38
Phoenix,9,10,226,Control,30,5.59
Phoenix,9,10,226,Control,35,5.82
Phoenix,9,10,226,Control,40,5.82
Phoenix,9,10,226,Control,45,6.02
Phoenix,9,10,226,Control,50,5.62
Phoenix,9,10,226,Control,55,5.4
Phoenix,9,11,227,Control,0,5.47
Phoenix,9,11,227,Control,5,5.4
Phoenix,9,11,227,Control,10,5.6
Phoenix,9,11,227,Control,15,5.61
Phoenix,9,11,227,Control,20,5.21
Phoenix,9,11,227,Control,25,5.77
Phoenix,9,11,227,Control,30,5.04
Phoenix,9,11,227,Control,35,5.44
Phoenix,9,11,227,Control,40,5.79
Phoenix,9,11,227,Control,45,5.65
Phoenix,9,11,227,Control,50,5.41
Phoenix,9,11,227,Control,55,5.99
Phoenix,9,12,228,Control,0,5.0
Phoenix,9,12,228,Control,5,5.61
Phoenix,9,12,228,Control,10,5.06
Phoenix,9,12,228,Control,15,5.29
Phoenix,9,12,228,Control,20,5.66
Phoenix,9,12,228,Control,25,5.38
Phoenix,9,12,228,Control,30,5.65
Phoenix,9,12,228,Control,35,5.21
Phoenix,9,12,228,Control,40,5.71
Phoenix,9,12,228,Control,45,5.08
Phoenix,9,12,228,Control,50,5.83
Phoenix,9,12,228,Control,55,5.38
Phoenix,9,13,229,Treatment,0,5.29
Phoenix,9,13,229,Treatment,5,5.74
Phoenix,9,13,229,Treatment,10,4.78
Phoenix,9,13,229,Treatment,15,4.34
Phoenix,9,13,229,Treatment,20,4.8
Phoenix,9,13,229,Treatment,25,5.09
Phoenix,9,13,229,Treatment,30,4.98
Phoenix,9,13,229,Treatment,35,5.08
Phoenix,9,13,229,Treatment,40,4.99
Phoenix,9,13,229,Treatment,45,4.58
Phoenix,9,13,229,Treatment,50,4.98
Phoenix,9,13,229,Treatment,55,4.81
Phoenix,9,14,230,Control,0,4.83
Phoenix,9,14,230,Control,5,5.01
Phoenix,9,14,230,Control,10,5.62
Phoenix,9,14,230,Control,15,5.37
Phoenix,9,14,230,Control,20,5.36
Phoenix,9,14,230,Control,25,5.33
Phoenix,9,14,230,Control,30,5.97
Phoenix,9,14,230,Control,35,5.34
Phoenix,9,14,230,Control,40,5.82
Phoenix,9,14,230,Control,45,5.24
Phoenix,9,14,230,Control,50,5.63
Phoenix,9,14,230,Control,55,5.57
Phoenix,9,15,231,Treatment,0,5.77
Phoenix,9,15,231,Treatment,5,5.28
Phoenix,9,15,231,Treatment,10,4.89
Phoenix,9,15,231,Treatment,15,5.19
Phoenix,9,15,231,Treatment,20,4.63
Phoenix,9,15,231,Treatment,25,4.22
Phoenix,9,15,231,Treatment,30,4.32
Phoenix,9,15,231,Treatment,35,4.38
Phoenix,9,15,231,Treatment,40,4.93
Phoenix,9,15,231,Treatment,45,5.34
Phoenix,9,15,231,Treatment,50,4.28
Phoenix,9,15,231,Treatment,55,4.59
Phoenix,9,16,232,Treatment,0,5.17
Phoenix,9,16,232,Treatment,5,4.59
Phoenix,9,16,232,Treatment,10,4.93
Phoenix,9,16,232,Treatment,15,4.72
Phoenix,9,16,232,Treatment,20,5.44
Phoenix,9,16,232,Treatment,25,4.82
Phoenix,9,16,232,Treatment,30,4.87
Phoenix,9,16,232,Treatment,35,4.81
Phoenix,9,16,232,Treatment,40,4.68
Phoenix,9,16,232,Treatment,45,5.02
Phoenix,9,16,232,Treatment,50,4.5
Phoenix,9,16,232,Treatment,55,4.28
Phoenix,9,17,233,Treatment,0,4.99
Phoenix,9,17,233,Treatment,5,4.64
Phoenix,9,17,233,Treatment,10,4.83
Phoenix,9,17,233,Treatment,15,4.48
Phoenix,9,17,233,Treatment,20,5.05
Phoenix,9,17,233,Treatment,25,4.95
Phoenix,9,17,233,Treatment,30,4.79
Phoenix,9,17,233,Treatment,35,4.83
Phoenix,9,17,233,Treatment,40,4.44
Phoenix,9,17,233,Treatment,45,4.45
Phoenix,9,17,233,Treatment,50,4.75
Phoenix,9,17,233,Treatment,55,4.91
Phoenix,9,18,234,Treatment,0,4.69
Phoenix,9,18,234,Treatment,5,4.97
Phoenix,9,18,234,Treatment,10,5.14
Phoenix,9,18,234,Treatment,15,4.76
Phoenix,9,18,234,Treatment,20,4.86
Phoenix,9,18,234,Treatment,25,4.73
Phoenix,9,18,234,Treatment,30,4.75
Phoenix,9,18,234,Treatment,35,4.83
Phoenix,9,18,234,Treatment,40,5.21
Phoenix,9,18,234,Treatment,45,5.01
Phoenix,9,18,234,Treatment,50,4.99
Phoenix,9,18,234,Treatment,55,4.67
Phoenix,9,19,235,Treatment,0,4.88
Phoenix,9,19,235,Treatment,5,5.1
Phoenix,9,19,235,Treatment,10,5.22
Phoenix,9,19,235,Treatment,15,4.17
Phoenix,9,19,235,Treatment,20,5.4
Phoenix,9,19,235,Treatment,25,4.89
Phoenix,9,19,235,Treatment,30,5.01
Phoenix,9,19,235,Treatment,35,4.35
Phoenix,9,19,235,Treatment,40,4.73
Phoenix,9,19,235,Treatment,45,4.99
Phoenix,9,19,235,Treatment,50,4.49
Phoenix,9,19,235,Treatment,55,4.06
Phoenix,9,20,236,Control,0,4.77
Phoenix,9,20,236,Control,5,5.38
Phoenix,9,20,236,Control,10,5.22
Phoenix,9,20,236,Control,15,5.48
Phoenix,9,20,236,Control,20,5.67
Phoenix,9,20,236,Control,25,5.76
Phoenix,9,20,236,Control,30,5.32
Phoenix,9,20,236,Control,35,5.74
Phoenix,9,20,236,Control,40,5.37
Phoenix,9,20,236,Control,45,5.5
Phoenix,9,20,236,Control,50,5.67
Phoenix,9,20,236,Control,55,5.71
Phoenix,9,21,237,Treatment,0,5.23
Phoenix,9,21,237,Treatment,5,4.79
Phoenix,9,21,237,Treatment,10,4.98
Phoenix,9,21,237,Treatment,15,5.03
Phoenix,9,21,237,Treatment,20,4.9
Phoenix,9,21,237,Treatment,25,4.85
Phoenix,9,21,237,Treatment,30,4.78
Phoenix,9,21,237,Treatment,35,4.86
Phoenix,9,21,237,Treatment,40,4.54
Phoenix,9,21,237,Treatment,45,4.98
Phoenix,9,21,237,Treatment,50,5.0
Phoenix,9,21,237,Treatment,55,4.7
Phoenix,9,22,238,Control,0,4.36
Phoenix,9,22,238,Control,5,5.07
Phoenix,9,22,238,Control,10,5.23
Phoenix,9,22,238,Control,15,5.81
Phoenix,9,22,238,Control,20,5.45
Phoenix,9,22,238,Control,25,5.72
Phoenix,9,22,238,Control,30,5.4
Phoenix,9,22,238,Control,35,4.93
Phoenix,9,22,238,Control,40,5.44
Phoenix,9,22,238,Control,45,5.55
Phoenix,9,22,238,Control,50,5.54
Phoenix,9,22,238,Control,55,5.54
Phoenix,9,23,239,Treatment,0,5.42
Phoenix,9,23,239,Treatment,5,4.98
Phoenix,9,23,239,Treatment,10,4.52
Phoenix,9,23,239,Treatment,15,4.76
Phoenix,9,23,239,Treatment,20,4.6
Phoenix,9,23,239,Treatment,25,5.05
Phoenix,9,23,239,Treatment,30,4.24
Phoenix,9,23,239,Treatment,35,4.86
Phoenix,9,23,239,Treatment,40,5.32
Phoenix,9,23,239,Treatment,45,4.74
Phoenix,9,23,239,Treatment,50,4.78
Phoenix,9,23,239,Treatment,55,4.89
Phoenix,10,0,240,Treatment,0,4.68
Phoenix,10,0,240,Treatment,5,4.53
Phoenix,10,0,240,Treatment,10,4.95
Phoenix,10,0,240,Treatment,15,4.31
Phoenix,10,0,240,Treatment,20,4.99
Phoenix,10,0,240,Treatment,25,4.69
Phoenix,10,0,240,Treatment,30,4.79
Phoenix,10,0,240,Treatment,35,4.65
Phoenix,10,0,240,Treatment,40,5.14
Phoenix,10,0,240,Treatment,45,4.85
Phoenix,10,0,240,Treatment,50,4.7
Phoenix,10,0,240,Treatment,55,4.7
Phoenix,10,1,241,Treatment,0,5.38
Phoenix,10,1,241,Treatment,5,4.46
Phoenix,10,1,241,Treatment,10,5.06
Phoenix,10,1,241,Treatment,15,4.93
Phoenix,10,1,241,Treatment,20,5.17
Phoenix,10,1,241,Treatment,25,4.94
Phoenix,10,1,241,Treatment,30,4.79
Phoenix,10,1,241,Treatment,35,5.04
Phoenix,10,1,241,Treatment,40,4.84
Phoenix,10,1,241,Treatment,45,4.97
Phoenix,10,1,241,Treatment,50,5.14
Phoenix,10,1,241,Treatment,55,4.81
Phoenix,10,2,242,Control,0,4.62
Phoenix,10,2,242,Control,5,5.14
Phoenix,10,2,242,Control,10,5.04
Phoenix,10,2,242,Control,15,5.41
Phoenix,10,2,242,Control,20,5.26
Phoenix,10,2,242,Control,25,5.63
Phoenix,10,2,242,Control,30,5.31
Phoenix,10,2,242,Control,35,5.18
Phoenix,10,2,242,Control,40,5.22
Phoenix,10,2,242,Control,45,5.36
Phoenix,10,2,242,Control,50,5.38
Phoenix,10,2,242,Control,55,5.56
Phoenix,10,3,243,Treatment,0,5.59
Phoenix,10,3,243,Treatment,5,5.37
Phoenix,10,3,243,Treatment,10,5.21
Phoenix,10,3,243,Treatment,15,4.31
Phoenix,10,3,243,Treatment,20,4.5
Phoenix,10,3,243,Treatment,25,4.92
Phoenix,10,3,243,Treatment,30,4.84
Phoenix,10,3,243,Treatment,35,5.03
Phoenix,10,3,243,Treatment,40,4.4
Phoenix,10,3,243,Treatment,45,4.67
Phoenix,10,3,243,Treatment,50,4.71
Phoenix,10,3,243,Treatment,55,4.83
Phoenix,10,4,244,Treatment,0,4.9
Phoenix,10,4,244,Treatment,5,4.76
Phoenix,10,4,244,Treatment,10,5.13
Phoenix,10,4,244,Treatment,15,5.21
Phoenix,10,4,244,Treatment,20,4.51
Phoenix,10,4,244,Treatment,25,4.8
Phoenix,10,4,244,Treatment,30,4.98
Phoenix,10,4,244,Treatment,35,4.93
Phoenix,10,4,244,Treatment,40,4.68
Phoenix,10,4,244,Treatment,45,4.85
Phoenix,10,4,244,Treatment,50,4.39
Phoenix,10,4,244,Treatment,55,4.78
Phoenix,10,5,245,Treatment,0,4.91
Phoenix,10,5,245,Treatment,5,4.51
Phoenix,10,5,245,Treatment,10,4.83
Phoenix,10,5,245,Treatment,15,4.86
Phoenix,10,5,245,Treatment,20,4.8
Phoenix,10,5,245,Treatment,25,4.63
Phoenix,10,5,245,Treatment,30,4.73
Phoenix,10,5,245,Treatment,35,5.08
Phoenix,10,5,245,Treatment,40,4.68
Phoenix,10,5,245,Treatment,45,4.79
Phoenix,10,5,245,Treatment,50,4.65
Phoenix,10,5,245,Treatment,55,5.04
Phoenix,10,6,246,Treatment,0,4.59
Phoenix,10,6,246,Treatment,5,4.79
Phoenix,10,6,246,Treatment,10,4.72
Phoenix,10,6,246,Treatment,15,5.13
Phoenix,10,6,246,Treatment,20,4.77
Phoenix,10,6,246,Treatment,25,4.44
Phoenix,10,6,246,Treatment,30,4.91
Phoenix,10,6,246,Treatment,35,5.23
Phoenix,10,6,246,Treatment,40,5.08
Phoenix,10,6,246,Treatment,45,4.51
Phoenix,10,6,246,Treatment,50,4.72
Phoenix,10,6,246,Treatment,55,4.78
Phoenix,10,7,247,Control,0,4.88
Phoenix,10,7,247,Control,5,4.94
Phoenix,10,7,247,Control,10,5.03
Phoenix,10,7,247,Control,15,5.74
Phoenix,10,7,247,Control,20,5.22
Phoenix,10,7,247,Control,25,5.3
Phoenix,10,7,247,Control,30,5.22
Phoenix,10,7,247,Control,35,5.65
Phoenix,10,7,247,Control,40,5.53
Phoenix,10,7,247,Control,45,5.72
Phoenix,10,7,247,Control,50,5.3
Phoenix,10,7,247,Control,55,5.19
Phoenix,10,8,248,Treatment,0,5.45
Phoenix,10,8,248,Treatment,5,5.31
Phoenix,10,8,248,Treatment,10,4.6
Phoenix,10,8,248,Treatment,15,4.9
Phoenix,10,8,248,Treatment,20,4.56
Phoenix,10,8,248,Treatment,25,4.62
Phoenix,10,8,248,Treatment,30,5.08
Phoenix,10,8,248,Treatment,35,4.24
Phoenix,10,8,248,Treatment,40,4.87
Phoenix,10,8,248,Treatment,45,4.86
Phoenix,10,8,248,Treatment,50,4.58
Phoenix,10,8,248,Treatment,55,4.67
Phoenix,10,9,249,Control,0,5.28
Phoenix,10,9,249,Control,5,5.29
Phoenix,10,9,249,Control,10,5.73
Phoenix,10,9,249,Control,15,5.33
Phoenix,10,9,249,Control,20,5.1
Phoenix,10,9,249,Control,25,5.49
Phoenix,10,9,249,Control,30,5.7
Phoenix,10,9,249,Control,35,5.04
Phoenix,10,9,249,Control,40,5.27
Phoenix,10,9,249,Control,45,5.3
Phoenix,10,9,249,Control,50,5.59
Phoenix,10,9,249,Control,55,5.56
Phoenix,10,10,250,Control,0,5.54
Phoenix,10,10,250,Control,5,5.21
Phoenix,10,10,250,Control,10,5.39
Phoenix,10,10,250,Control,15,5.18
Phoenix,10,10,250,Control,20,5.46
Phoenix,10,10,250,Control,25,5.3
Phoenix,10,10,250,Control,30,5.67
Phoenix,10,10,250,Control,35,5.49
Phoenix,10,10,250,Control,40,5.44
Phoenix,10,10,250,Control,45,5.94
Phoenix,10,10,250,Control,50,5.6
Phoenix,10,10,250,Control,55,5.41
Phoenix,10,11,251,Control,0,5.2
Phoenix,10,11,251,Control,5,5.48
Phoenix,10,11,251,Control,10,5.58
Phoenix,10,11,251,Control,15,5.02
Phoenix,10,11,251,Control,20,5.16
Phoenix,10,11,251,Control,25,5.37
Phoenix,10,11,251,Control,30,5.23
Phoenix,10,11,251,Control,35,5.51
Phoenix,10,11,251,Control,40,5.55
Phoenix,10,11,251,Control,45,5.47
Phoenix,10,11,251,Control,50,5.64
Phoenix,10,11,251,Control,55,5.35
Phoenix,10,12,252,Treatment,0,5.25
Phoenix,10,12,252,Treatment,5,5.33
Phoenix,10,12,252,Treatment,10,5.04
Phoenix,10,12,252,Treatment,15,4.49
Phoenix,10,12,252,Treatment,20,4.75
Phoenix,10,12,252,Treatment,25,4.78
Phoenix,10,12,252,Treatment,30,4.86
Phoenix,10,12,252,Treatment,35,4.86
Phoenix,10,12,252,Treatment,40,4.6
Phoenix,10,12,252,Treatment,45,4.98
Phoenix,10,12,252,Treatment,50,4.92
Phoenix,10,12,252,Treatment,55,4.6
Phoenix,10,13,253,Control,0,4.62
Phoenix,10,13,253,Control,5,4.66
Phoenix,10,13,253,Control,10,5.31
Phoenix,10,13,253,Control,15,5.8
Phoenix,10,13,253,Control,20,5.86
Phoenix,10,13,253,Control,25,5.23
Phoenix,10,13,253,Control,30,5.7
Phoenix,10,13,253,Control,35,5.52
Phoenix,10,13,253,Control,40,4.9
Phoenix,10,13,253,Control,45,5.42
Phoenix,10,13,253,Control,50,5.39
Phoenix,10,13,253,Control,55,5.8
Phoenix,10,14,254,Treatment,0,5.64
Phoenix,10,14,254,Treatment,5,5.23
Phoenix,10,14,254,Treatment,10,4.66
Phoenix,10,14,254,Treatment,15,4.65
Phoenix,10,14,254,Treatment,20,5.17
Phoenix,10,14,254,Treatment,25,4.74
Phoenix,10,14,254,Treatment,30,5.01
Phoenix,10,14,254,Treatment,35,5.0
Phoenix,10,14,254,Treatment,40,4.67
Phoenix,10,14,254,Treatment,45,4.46
Phoenix,10,14,254,Treatment,50,4.5
Phoenix,10,14,254,Treatment,55,5.15
Phoenix,10,15,255,Treatment,0,4.35
Phoenix,10,15,255,Treatment,5,4.99
Phoenix,10,15,255,Treatment,10,4.34
Phoenix,10,15,255,Treatment,15,4.58
Phoenix,10,15,255,Treatment,20,4.81
Phoenix,10,15,255,Treatment,25,5.42
Phoenix,10,15,255,Treatment,30,4.99
Phoenix,10,15,255,Treatment,35,4.66
Phoenix,10,15,255,Treatment,40,4.79
Phoenix,10,15,255,Treatment,45,5.01
Phoenix,10,15,255,Treatment,50,5.14
Phoenix,10,15,255,Treatment,55,4.72
Phoenix,10,16,256,Treatment,0,4.58
Phoenix,10,16,256,Treatment,5,4.95
Phoenix,10,16,256,Treatment,10,5.04
Phoenix,10,16,256,Treatment,15,4.3
Phoenix,10,16,256,Treatment,20,4.69
Phoenix,10,16,256,Treatment,25,4.48
Phoenix,10,16,256,Treatment,30,4.82
Phoenix,10,16,256,Treatment,35,4.48
Phoenix,10,16,256,Treatment,40,4.45
Phoenix,10,16,256,Treatment,45,5.07
Phoenix,10,16,256,Treatment,50,4.74
Phoenix,10,16,256,Treatment,55,4.77
Phoenix,10,17,257,Treatment,0,5.03
Phoenix,10,17,257,Treatment,5,4.68
Phoenix,10,17,257,Treatment,10,4.69
Phoenix,10,17,257,Treatment,15,4.69
Phoenix,10,17,257,Treatment,20,5.06
Phoenix,10,17,257,Treatment,25,4.77
Phoenix,10,17,257,Treatment,30,4.71
Phoenix,10,17,257,Treatment,35,4.88
Phoenix,10,17,257,Treatment,40,5.24
Phoenix,10,17,257,Treatment,45,4.8
Phoenix,10,17,257,Treatment,50,4.72
Phoenix,10,17,257,Treatment,55,5.27
Phoenix,10,18,258,Treatment,0,5.08
Phoenix,10,18,258,Treatment,5,4.66
Phoenix,10,18,258,Treatment,10,4.64
Phoenix,10,18,258,Treatment,15,4.33
Phoenix,10,18,258,Treatment,20,5.03
Phoenix,10,18,258,Treatment,25,4.8
Phoenix,10,18,258,Treatment,30,4.33
Phoenix,10,18,258,Treatment,35,5.09
Phoenix,10,18,258,Treatment,40,4.7
Phoenix,10,18,258,Treatment,45,4.73
Phoenix,10,18,258,Treatment,50,4.41
Phoenix,10,18,258,Treatment,55,4.91
Phoenix,10,19,259,Treatment,0,4.77
Phoenix,10,19,259,Treatment,5,4.68
Phoenix,10,19,259,Treatment,10,5.44
Phoenix,10,19,259,Treatment,15,4.48
Phoenix,10,19,259,Treatment,20,4.6
Phoenix,10,19,259,Treatment,25,4.96
Phoenix,10,19,259,Treatment,30,4.53
Phoenix,10,19,259,Treatment,35,4.51
Phoenix,10,19,259,Treatment,40,5.07
Phoenix,10,19,259,Treatment,45,4.94
Phoenix,10,19,259,Treatment,50,4.91
Phoenix,10,19,259,Treatment,55,4.83
Phoenix,10,20,260,Treatment,0,4.72
Phoenix,10,20,260,Treatment,5,4.77
Phoenix,10,20,260,Treatment,10,5.0
Phoenix,10,20,260,Treatment,15,4.89
Phoenix,10,20,260,Treatment,20,4.55
Phoenix,10,20,260,Treatment,25,4.98
Phoenix,10,20,260,Treatment,30,4.37
Phoenix,10,20,260,Treatment,35,4.7
Phoenix,10,20,260,Treatment,40,4.5
Phoenix,10,20,260,Treatment,45,4.57
Phoenix,10,20,260,Treatment,50,5.27
Phoenix,10,20,260,Treatment,55,4.42
Phoenix,10,21,261,Control,0,4.91
Phoenix,10,21,261,Control,5,4.91
Phoenix,10,21,261,Control,10,5.3
Phoenix,10,21,261,Control,15,5.86
Phoenix,10,21,261,Control,20,5.66
Phoenix,10,21,261,Control,25,5.38
Phoenix,10,21,261,Control,30,5.47
Phoenix,10,21,261,Control,35,5.63
Phoenix,10,21,261,Control,40,5.66
Phoenix,10,21,261,Control,45,5.51
Phoenix,10,21,261,Control,50,5.59
Phoenix,10,21,261,Control,55,5.59
Phoenix,10,22,262,Control,0,5.35
Phoenix,10,22,262,Control,5,5.69
Phoenix,10,22,262,Control,10,5.57
Phoenix,10,22,262,Control,15,4.98
Phoenix,10,22,262,Control,20,5.29
Phoenix,10,22,262,Control,25,5.38
Phoenix,10,22,262,Control,30,5.45
Phoenix,10,22,262,Control,35,5.8
Phoenix,10,22,262,Control,40,6.3
Phoenix,10,22,262,Control,45,4.89
Phoenix,10,22,262,Control,50,5.58
Phoenix,10,22,262,Control,55,5.52
Phoenix,10,23,263,Control,0,5.64
Phoenix,10,23,263,Control,5,5.54
Phoenix,10,23,263,Control,10,5.41
Phoenix,10,23,263,Control,15,5.51
Phoenix,10,23,263,Control,20,5.64
Phoenix,10,23,263,Control,25,5.62
Phoenix,10,23,263,Control,30,5.55
Phoenix,10,23,263,Control,35,5.35
Phoenix,10,23,263,Control,40,6.2
Phoenix,10,23,263,Control,45,5.59
Phoenix,10,23,263,Control,50,5.69
Phoenix,10,23,263,Control,55,5.37
Phoenix,11,0,264,Treatment,0,5.55
Phoenix,11,0,264,Treatment,5,4.78
Phoenix,11,0,264,Treatment,10,4.84
Phoenix,11,0,264,Treatment,15,4.6
Phoenix,11,0,264,Treatment,20,4.63
Phoenix,11,0,264,Treatment,25,4.52
Phoenix,11,0,264,Treatment,30,4.8
Phoenix,11,0,264,Treatment,35,5.13
Phoenix,11,0,264,Treatment,40,4.82
Phoenix,11,0,264,Treatment,45,4.49
Phoenix,11,0,264,Treatment,50,4.53
Phoenix,11,0,264,Treatment,55,4.69
Phoenix,11,1,265,Control,0,4.86
Phoenix,11,1,265,Control,5,5.36
Phoenix,11,1,265,Control,10,5.12
Phoenix,11,1,265,Control,15,5.52
Phoenix,11,1,265,Control,20,5.39
Phoenix,11,1,265,Control,25,5.34
Phoenix,11,1,265,Control,30,5.55
Phoenix,11,1,265,Control,35,5.33
Phoenix,11,1,265,Control,40,5.3
Phoenix,11,1,265,Control,45,5.1
Phoenix,11,1,265,Control,50,5.52
Phoenix,11,1,265,Control,55,5.77
Phoenix,11,2,266,Control,0,5.87
Phoenix,11,2,266,Control,5,5.33
Phoenix,11,2,266,Control,10,5.71
Phoenix,11,2,266,Control,15,5.22
Phoenix,11,2,266,Control,20,5.68
Phoenix,11,2,266,Control,25,5.91
Phoenix,11,2,266,Control,30,5.62
Phoenix,11,2,266,Control,35,5.92
Phoenix,11,2,266,Control,40,5.35
Phoenix,11,2,266,Control,45,5.47
Phoenix,11,2,266,Control,50,5.27
Phoenix,11,2,266,Control,55,5.51
Phoenix,11,3,267,Treatment,0,5.51
Phoenix,11,3,267,Treatment,5,5.14
Phoenix,11,3,267,Treatment,10,4.9
Phoenix,11,3,267,Treatment,15,4.87
Phoenix,11,3,267,Treatment,20,4.75
Phoenix,11,3,267,Treatment,25,4.5
Phoenix,11,3,267,Treatment,30,4.31
Phoenix,11,3,267,Treatment,35,4.64
Phoenix,11,3,267,Treatment,40,4.44
Phoenix,11,3,267,Treatment,45,4.58
Phoenix,11,3,267,Treatment,50,4.68
Phoenix,11,3,267,Treatment,55,4.75
Phoenix,11,4,268,Treatment,0,5.33
Phoenix,11,4,268,Treatment,5,4.47
Phoenix,11,4,268,Treatment,10,5.09
Phoenix,11,4,268,Treatment,15,4.74
Phoenix,11,4,268,Treatment,20,4.62
Phoenix,11,4,268,Treatment,25,4.93
Phoenix,11,4,268,Treatment,30,4.67
Phoenix,11,4,268,Treatment,35,4.58
Phoenix,11,4,268,Treatment,40,5.23
Phoenix,11,4,268,Treatment,45,4.24
Phoenix,11,4,268,Treatment,50,4.72
Phoenix,11,4,268,Treatment,55,4.83
Phoenix,11,5,269,Treatment,0,4.69
Phoenix,11,5,269,Treatment,5,5.45
Phoenix,11,5,269,Treatment,10,4.97
Phoenix,11,5,269,Treatment,15,4.19
Phoenix,11,5,269,Treatment,20,4.42
Phoenix,11,5,269,Treatment,25,4.84
Phoenix,11,5,269,Treatment,30,4.5
Phoenix,11,5,269,Treatment,35,4.92
Phoenix,11,5,269,Treatment,40,4.67
Phoenix,11,5,269,Treatment,45,4.49
Phoenix,11,5,269,Treatment,50,4.54
Phoenix,11,5,269,Treatment,55,5.0
Phoenix,11,6,270,Control,0,5.05
Phoenix,11,6,270,Control,5,5.29
Phoenix,11,6,270,Control,10,5.18
Phoenix,11,6,270,Control,15,5.15
Phoenix,11,6,270,Control,20,5.64
Phoenix,11,6,270,Control,25,5.38
Phoenix,11,6,270,Control,30,5.12
Phoenix,11,6,270,Control,35,5.98
Phoenix,11,6,270,Control,40,5.28
Phoenix,11,6,270,Control,45,5.13
Phoenix,11,6,270,Control,50,5.57
Phoenix,11,6,270,Control,55,5.48
Phoenix,11,7,271,Treatment,0,5.4
Phoenix,11,7,271,Treatment,5,5.17
Phoenix,11,7,271,Treatment,10,5.11
Phoenix,11,7,271,Treatment,15,4.83
Phoenix,11,7,271,Treatment,20,4.84
Phoenix,11,7,271,Treatment,25,4.85
Phoenix,11,7,271,Treatment,30,4.83
Phoenix,11,7,271,Treatment,35,4.68
Phoenix,11,7,271,Treatment,40,4.99
Phoenix,11,7,271,Treatment,45,4.7
Phoenix,11,7,271,Treatment,50,4.99
Phoenix,11,7,271,Treatment,55,5.13
Phoenix,11,8,272,Treatment,0,5.39
Phoenix,11,8,272,Treatment,5,4.61
Phoenix,11,8,272,Treatment,10,4.61
Phoenix,11,8,272,Treatment,15,4.92
Phoenix,11,8,272,Treatment,20,4.9
Phoenix,11,8,272,Treatment,25,4.8
Phoenix,11,8,272,Treatment,30,4.99
Phoenix,11,8,272,Treatment,35,4.85
Phoenix,11,8,272,Treatment,40,5.3
Phoenix,11,8,272,Treatment,45,4.77
Phoenix,11,8,272,Treatment,50,4.57
Phoenix,11,8,272,Treatment,55,4.65
Phoenix,11,9,273,Control,0,4.91
Phoenix,11,9,273,Control,5,5.07
Phoenix,11,9,273,Control,10,5.05
Phoenix,11,9,273,Control,15,5.78
Phoenix,11,9,273,Control,20,5.98
Phoenix,11,9,273,Control,25,5.51
Phoenix,11,9,273,Control,30,5.95
Phoenix,11,9,273,Control,35,5.72
Phoenix,11,9,273,Control,40,6.05
Phoenix,11,9,273,Control,45,5.62
Phoenix,11,9,273,Control,50,5.53
Phoenix,11,9,273,Control,55,5.71
Phoenix,11,10,274,Control,0,5.6
Phoenix,11,10,274,Control,5,5.83
Phoenix,11,10,274,Control,10,5.7
Phoenix,11,10,274,Control,15,5.49
Phoenix,11,10,274,Control,20,5.55
Phoenix,11,10,274,Control,25,5.69
Phoenix,11,10,274,Control,30,5.68
Phoenix,11,10,274,Control,35,5.69
Phoenix,11,10,274,Control,40,5.58
Phoenix,11,10,274,Control,45,5.29
Phoenix,11,10,274,Control,50,5.33
Phoenix,11,10,274,Control,55,5.62
Phoenix,11,11,275,Treatment,0,5.68
Phoenix,11,11,275,Treatment,5,5.09
Phoenix,11,11,275,Treatment,10,4.99
Phoenix,11,11,275,Treatment,15,4.49
Phoenix,11,11,275,Treatment,20,4.44
Phoenix,11,11,275,Treatment,25,4.81
Phoenix,11,11,275,Treatment,30,5.12
Phoenix,11,11,275,Treatment,35,4.81
Phoenix,11,11,275,Treatment,40,5.26
Phoenix,11,11,275,Treatment,45,4.74
Phoenix,11,11,275,Treatment,50,4.79
Phoenix,11,11,275,Treatment,55,4.54
Phoenix,11,12,276,Control,0,4.49
Phoenix,11,12,276,Control,5,4.64
Phoenix,11,12,276,Control,10,4.97
Phoenix,11,12,276,Control,15,5.52
Phoenix,11,12,276,Control,20,5.32
Phoenix,11,12,276,Control,25,5.38
Phoenix,11,12,276,Control,30,5.6
Phoenix,11,12,276,Control,35,5.11
Phoenix,11,12,276,Control,40,5.52
Phoenix,11,12,276,Control,45,5.71
Phoenix,11,12,276,Control,50,5.73
Phoenix,11,12,276,Control,55,5.63
Phoenix,11,13,277,Control,0,5.34
Phoenix,11,13,277,Control,5,5.48
Phoenix,11,13,277,Control,10,5.91
Phoenix,11,13,277,Control,15,5.57
Phoenix,11,13,277,Control,20,5.47
Phoenix,11,13,277,Control,25,5.64
Phoenix,11,13,277,Control,30,5.51
Phoenix,11,13,277,Control,35,5.56
Phoenix,11,13,277,Control,40,5.44
Phoenix,11,13,277,Control,45,5.4
Phoenix,11,13,277,Control,50,5.75
Phoenix,11,13,277,Control,55,5.01
Phoenix,11,14,278,Treatment,0,5.38
Phoenix,11,14,278,Treatment,5,4.79
Phoenix,11,14,278,Treatment,10,4.78
Phoenix,11,14,278,Treatment,15,4.78
Phoenix,11,14,278,Treatment,20,4.81
Phoenix,11,14,278,Treatment,25,4.97
Phoenix,11,14,278,Treatment,30,4.99
Phoenix,11,14,278,Treatment,35,4.4
Phoenix,11,14,278,Treatment,40,4.88
Phoenix,11,14,278,Treatment,45,4.97
Phoenix,11,14,278,Treatment,50,4.84
Phoenix,11,14,278,Treatment,55,4.91
Phoenix,11,15,279,Control,0,4.54
Phoenix,11,15,279,Control,5,5.36
Phoenix,11,15,279,Control,10,5.19
Phoenix,11,15,279,Control,15,6.06
Phoenix,11,15,279,Control,20,5.18
Phoenix,11,15,279,Control,25,5.89
Phoenix,11,15,279,Control,30,5.35
Phoenix,11,15,279,Control,35,5.72
Phoenix,11,15,279,Control,40,5.43
Phoenix,11,15,279,Control,45,5.53
Phoenix,11,15,279,Control,50,5.65
Phoenix,11,15,279,Control,55,5.35
Phoenix,11,16,280,Control,0,5.43
Phoenix,11,16,280,Control,5,5.54
Phoenix,11,16,280,Control,10,4.84
Phoenix,11,16,280,Control,15,5.42
Phoenix,11,16,280,Control,20,5.82
Phoenix,11,16,280,Control,25,5.67
Phoenix,11,16,280,Control,30,5.72
Phoenix,11,16,280,Control,35,5.51
Phoenix,11,16,280,Control,40,5.92
Phoenix,11,16,280,Control,45,5.57
Phoenix,11,16,280,Control,50,5.33
Phoenix,11,16,280,Control,55,5.71
Phoenix,11,17,281,Treatment,0,5.66
Phoenix,11,17,281,Treatment,5,5.16
Phoenix,11,17,281,Treatment,10,5.09
Phoenix,11,17,281,Treatment,15,5.13
Phoenix,11,17,281,Treatment,20,4.9
Phoenix,11,17,281,Treatment,25,4.42
Phoenix,11,17,281,Treatment,30,4.63
Phoenix,11,17,281,Treatment,35,4.62
Phoenix,11,17,281,Treatment,40,4.6
Phoenix,11,17,281,Treatment,45,4.26
Phoenix,11,17,281,Treatment,50,5.26
Phoenix,11,17,281,Treatment,55,4.57
Phoenix,11,18,282,Treatment,0,4.3
Phoenix,11,18,282,Treatment,5,5.0
Phoenix,11,18,282,Treatment,10,4.76
Phoenix,11,18,282,Treatment,15,4.7
Phoenix,11,18,282,Treatment,20,4.71
Phoenix,11,18,282,Treatment,25,4.93
Phoenix,11,18,282,Treatment,30,4.66
Phoenix,11,18,282,Treatment,35,4.29
Phoenix,11,18,282,Treatment,40,4.46
Phoenix,11,18,282,Treatment,45,4.45
Phoenix,11,18,282,Treatment,50,4.85
Phoenix,11,18,282,Treatment,55,5.02
Phoenix,11,19,283,Treatment,0,4.38
Phoenix,11,19,283,Treatment,5,4.94
Phoenix,11,19,283,Treatment,10,4.63
Phoenix,11,19,283,Treatment,15,5.52
Phoenix,11,19,283,Treatment,20,5.13
Phoenix,11,19,283,Treatment,25,5.21
Phoenix,11,19,283,Treatment,30,4.99
Phoenix,11,19,283,Treatment,35,4.88
Phoenix,11,19,283,Treatment,40,4.68
Phoenix,11,19,283,Treatment,45,4.64
Phoenix,11,19,283,Treatment,50,4.58
Phoenix,11,19,283,Treatment,55,4.94
Phoenix,11,20,284,Treatment,0,4.7
Phoenix,11,20,284,Treatment,5,4.6
Phoenix,11,20,284,Treatment,10,4.41
Phoenix,11,20,284,Treatment,15,4.85
Phoenix,11,20,284,Treatment,20,5.09
Phoenix,11,20,284,Treatment,25,5.1
Phoenix,11,20,284,Treatment,30,5.13
Phoenix,11,20,284,Treatment,35,4.89
Phoenix,11,20,284,Treatment,40,4.81
Phoenix,11,20,284,Treatment,45,5.11
Phoenix,11,20,284,Treatment,50,4.51
Phoenix,11,20,284,Treatment,55,4.67
Phoenix,11,21,285,Treatment,0,4.52
Phoenix,11,21,285,Treatment,5,4.78
Phoenix,11,21,285,Treatment,10,4.94
Phoenix,11,21,285,Treatment,15,4.81
Phoenix,11,21,285,Treatment,20,5.07
Phoenix,11,21,285,Treatment,25,5.17
Phoenix,11,21,285,Treatment,30,4.9
Phoenix,11,21,285,Treatment,35,5.13
Phoenix,11,21,285,Treatment,40,4.55
Phoenix,11,21,285,Treatment,45,4.75
Phoenix,11,21,285,Treatment,50,5.39
Phoenix,11,21,285,Treatment,55,5.27
Phoenix,11,22,286,Treatment,0,4.78
Phoenix,11,22,286,Treatment,5,4.82
Phoenix,11,22,286,Treatment,10,4.89
Phoenix,11,22,286,Treatment,15,5.1
Phoenix,11,22,286,Treatment,20,5.24
Phoenix,11,22,286,Treatment,25,4.79
Phoenix,11,22,286,Treatment,30,5.07
Phoenix,11,22,286,Treatment,35,4.95
Phoenix,11,22,286,Treatment,40,4.78
Phoenix,11,22,286,Treatment,45,4.36
Phoenix,11,22,286,Treatment,50,5.04
Phoenix,11,22,286,Treatment,55,4.94
Phoenix,11,23,287,Treatment,0,4.54
Phoenix,11,23,287,Treatment,5,5.27
Phoenix,11,23,287,Treatment,10,4.82
Phoenix,11,23,287,Treatment,15,4.5
Phoenix,11,23,287,Treatment,20,4.46
Phoenix,11,23,287,Treatment,25,4.95
Phoenix,11,23,287,Treatment,30,4.96
Phoenix,11,23,287,Treatment,35,4.67
Phoenix,11,23,287,Treatment,40,4.9
Phoenix,11,23,287,Treatment,45,4.95
Phoenix,11,23,287,Treatment,50,4.82
Phoenix,11,23,287,Treatment,55,4.61
Phoenix,12,0,288,Treatment,0,4.99
Phoenix,12,0,288,Treatment,5,4.93
Phoenix,12,0,288,Treatment,10,4.58
Phoenix,12,0,288,Treatment,15,4.45
Phoenix,12,0,288,Treatment,20,4.8
Phoenix,12,0,288,Treatment,25,5.02
Phoenix,12,0,288,Treatment,30,5.05
Phoenix,12,0,288,Treatment,35,4.93
Phoenix,12,0,288,Treatment,40,4.67
Phoenix,12,0,288,Treatment,45,4.58
Phoenix,12,0,288,Treatment,50,4.78
Phoenix,12,0,288,Treatment,55,4.78
Phoenix,12,1,289,Treatment,0,4.67
Phoenix,12,1,289,Treatment,5,4.69
Phoenix,12,1,289,Treatment,10,5.3
Phoenix,12,1,289,Treatment,15,5.17
Phoenix,12,1,289,Treatment,20,4.56
Phoenix,12,1,289,Treatment,25,5.15
Phoenix,12,1,289,Treatment,30,4.5
Phoenix,12,1,289,Treatment,35,4.68
Phoenix,12,1,289,Treatment,40,4.7
Phoenix,12,1,289,Treatment,45,4.77
Phoenix,12,1,289,Treatment,50,4.94
Phoenix,12,1,289,Treatment,55,4.81
Phoenix,12,2,290,Control,0,4.68
Phoenix,12,2,290,Control,5,5.12
Phoenix,12,2,290,Control,10,5.28
Phoenix,12,2,290,Control,15,5.15
Phoenix,12,2,290,Control,20,5.62
Phoenix,12,2,290,Control,25,5.52
Phoenix,12,2,290,Control,30,5.32
Phoenix,12,2,290,Control,35,5.39
Phoenix,12,2,290,Control,40,5.4
Phoenix,12,2,290,Control,45,5.44
Phoenix,12,2,290,Control,50,5.94
Phoenix,12,2,290,Control,55,6.02
Phoenix,12,3,291,Treatment,0,5.62
Phoenix,12,3,291,Treatment,5,5.5
Phoenix,12,3,291,Treatment,10,4.97
Phoenix,12,3,291,Treatment,15,5.02
Phoenix,12,3,291,Treatment,20,5.2
Phoenix,12,3,291,Treatment,25,4.44
Phoenix,12,3,291,Treatment,30,4.82
Phoenix,12,3,291,Treatment,35,5.27
Phoenix,12,3,291,Treatment,40,4.48
Phoenix,12,3,291,Treatment,45,4.76
Phoenix,12,3,291,Treatment,50,4.67
Phoenix,12,3,291,Treatment,55,5.05
Phoenix,12,4,292,Treatment,0,4.83
Phoenix,12,4,292,Treatment,5,4.79
Phoenix,12,4,292,Treatment,10,4.36
Phoenix,12,4,292,Treatment,15,5.14
Phoenix,12,4,292,Treatment,20,4.7
Phoenix,12,4,292,Treatment,25,4.75
Phoenix,12,4,292,Treatment,30,5.03
Phoenix,12,4,292,Treatment,35,4.83
Phoenix,12,4,292,Treatment,40,5.04
Phoenix,12,4,292,Treatment,45,4.94
Phoenix,12,4,292,Treatment,50,4.84
Phoenix,12,4,292,Treatment,55,4.86
Phoenix,12,5,293,Control,0,4.75
Phoenix,12,5,293,Control,5,5.29
Phoenix,12,5,293,Control,10,5.04
Phoenix,12,5,293,Control,15,5.32
Phoenix,12,5,293,Control,20,5.28
Phoenix,12,5,293,Control,25,5.54
Phoenix,12,5,293,Control,30,5.85
Phoenix,12,5,293,Control,35,5.64
Phoenix,12,5,293,Control,40,4.96
Phoenix,12,5,293,Control,45,5.66
Phoenix,12,5,293,Control,50,5.39
Phoenix,12,5,293,Control,55,5.63
Phoenix,12,6,294,Control,0,5.28
Phoenix,12,6,294,Control,5,5.48
Phoenix,12,6,294,Control,10,5.39
Phoenix,12,6,294,Control,15,5.58
Phoenix,12,6,294,Control,20,5.28
Phoenix,12,6,294,Control,25,5.22
Phoenix,12,6,294,Control,30,5.68
Phoenix,12,6,294,Control,35,5.78
Phoenix,12,6,294,Control,40,5.65
Phoenix,12,6,294,Control,45,5.34
Phoenix,12,6,294,Control,50,5.31
Phoenix,12,6,294,Control,55,5.33
Phoenix,12,7,295,Treatment,0,5.29
Phoenix,12,7,295,Treatment,5,5.48
Phoenix,12,7,295,Treatment,10,5.18
Phoenix,12,7,295,Treatment,15,5.09
Phoenix,12,7,295,Treatment,20,5.05
Phoenix,12,7,295,Treatment,25,4.92
Phoenix,12,7,295,Treatment,30,4.42
Phoenix,12,7,295,Treatment,35,4.94
Phoenix,12,7,295,Treatment,40,4.81
Phoenix,12,7,295,Treatment,45,4.69
Phoenix,12,7,295,Treatment,50,5.13
Phoenix,12,7,295,Treatment,55,4.75
Phoenix,12,8,296,Treatment,0,5.07
Phoenix,12,8,296,Treatment,5,4.68
Phoenix,12,8,296,Treatment,10,4.64
Phoenix,12,8,296,Treatment,15,4.5
Phoenix,12,8,296,Treatment,20,4.58
Phoenix,12,8,296,Treatment,25,4.6
Phoenix,12,8,296,Treatment,30,4.94
Phoenix,12,8,296,Treatment,35,4.53
Phoenix,12,8,296,Treatment,40,4.32
Phoenix,12,8,296,Treatment,45,4.86
Phoenix,12,8,296,Treatment,50,4.63
Phoenix,12,8,296,Treatment,55,4.78
Phoenix,12,9,297,Treatment,0,4.8
Phoenix,12,9,297,Treatment,5,5.16
Phoenix,12,9,297,Treatment,10,4.77
Phoenix,12,9,297,Treatment,15,5.04
Phoenix,12,9,297,Treatment,20,4.65
Phoenix,12,9,297,Treatment,25,4.81
Phoenix,12,9,297,Treatment,30,4.55
Phoenix,12,9,297,Treatment,35,4.58
Phoenix,12,9,297,Treatment,40,4.73
Phoenix,12,9,297,Treatment,45,4.45
Phoenix,12,9,297,Treatment,50,4.82
Phoenix,12,9,297,Treatment,55,4.71
Phoenix,12,10,298,Control,0,4.46
Phoenix,12,10,298,Control,5,5.2
Phoenix,12,10,298,Control,10,5.69
Phoenix,12,10,298,Control,15,5.87
Phoenix,12,10,298,Control,20,5.98
Phoenix,12,10,298,Control,25,5.51
Phoenix,12,10,298,Control,30,5.41
Phoenix,12,10,298,Control,35,5.62
Phoenix,12,10,298,Control,40,5.44
Phoenix,12,10,298,Control,45,5.06
Phoenix,12,10,298,Control,50,5.7
Phoenix,12,10,298,Control,55,5.44
Phoenix,12,11,299,Control,0,5.37
Phoenix,12,11,299,Control,5,5.45
Phoenix,12,11,299,Control,10,5.5
Phoenix,12,11,299,Control,15,5.51
Phoenix,12,11,299,Control,20,5.84
Phoenix,12,11,299,Control,25,5.18
Phoenix,12,11,299,Control,30,5.46
Phoenix,12,11,299,Control,35,5.28
Phoenix,12,11,299,Control,40,5.81
Phoenix,12,11,299,Control,45,5.36
Phoenix,12,11,299,Control,50,5.41
Phoenix,12,11,299,Control,55,5.76
Phoenix,12,12,300,Treatment,0,5.87
Phoenix,12,12,300,Treatment,5,4.85
Phoenix,12,12,300,Treatment,10,5.14
Phoenix,12,12,300,Treatment,15,4.85
Phoenix,12,12,300,Treatment,20,4.77
Phoenix,12,12,300,Treatment,25,4.8
Phoenix,12,12,300,Treatment,30,5.11
Phoenix,12,12,300,Treatment,35,5.04
Phoenix,12,12,300,Treatment,40,5.01
Phoenix,12,12,300,Treatment,45,4.84
Phoenix,12,12,300,Treatment,50,5.35
Phoenix,12,12,300,Treatment,55,4.68
Phoenix,12,13,301,Treatment,0,4.72
Phoenix,12,13,301,Treatment,5,4.8
Phoenix,12,13,301,Treatment,10,5.11
Phoenix,12,13,301,Treatment,15,4.66
Phoenix,12,13,301,Treatment,20,4.91
Phoenix,12,13,301,Treatment,25,4.42
Phoenix,12,13,301,Treatment,30,5.06
Phoenix,12,13,301,Treatment,35,4.8
Phoenix,12,13,301,Treatment,40,4.71
Phoenix,12,13,301,Treatment,45,5.32
Phoenix,12,13,301,Treatment,50,5.05
Phoenix,12,13,301,Treatment,55,4.53
Phoenix,12,14,302,Treatment,0,5.47
Phoenix,12,14,302,Treatment,5,5.28
Phoenix,12,14,302,Treatment,10,5.02
Phoenix,12,14,302,Treatment,15,4.32
Phoenix,12,14,302,Treatment,20,5.12
Phoenix,12,14,302,Treatment,25,4.63
Phoenix,12,14,302,Treatment,30,5.12
Phoenix,12,14,302,Treatment,35,4.6
Phoenix,12,14,302,Treatment,40,4.91
Phoenix,12,14,302,Treatment,45,4.62
Phoenix,12,14,302,Treatment,50,4.69
Phoenix,12,14,302,Treatment,55,4.94
Phoenix,12,15,303,Treatment,0,5.38
Phoenix,12,15,303,Treatment,5,4.53
Phoenix,12,15,303,Treatment,10,4.51
Phoenix,12,15,303,Treatment,15,4.94
Phoenix,12,15,303,Treatment,20,5.11
Phoenix,12,15,303,Treatment,25,4.7
Phoenix,12,15,303,Treatment,30,4.52
Phoenix,12,15,303,Treatment,35,4.55
Phoenix,12,15,303,Treatment,40,4.53
Phoenix,12,15,303,Treatment,45,4.86
Phoenix,12,15,303,Treatment,50,4.77
Phoenix,12,15,303,Treatment,55,4.89
Phoenix,12,16,304,Control,0,4.99
Phoenix,12,16,304,Control,5,4.92
Phoenix,12,16,304,Control,10,5.08
Phoenix,12,16,304,Control,15,5.54
Phoenix,12,16,304,Control,20,5.49
Phoenix,12,16,304,Control,25,5.56
Phoenix,12,16,304,Control,30,5.32
Phoenix,12,16,304,Control,35,5.66
Phoenix,12,16,304,Control,40,5.21
Phoenix,12,16,304,Control,45,5.39
Phoenix,12,16,304,Control,50,5.78
Phoenix,12,16,304,Control,55,5.22
Phoenix,12,17,305,Treatment,0,5.15
Phoenix,12,17,305,Treatment,5,4.87
Phoenix,12,17,305,Treatment,10,4.65
Phoenix,12,17,305,Treatment,15,4.81
Phoenix,12,17,305,Treatment,20,4.97
Phoenix,12,17,305,Treatment,25,5.11
Phoenix,12,17,305,Treatment,30,5.09
Phoenix,12,17,305,Treatment,35,5.0
Phoenix,12,17,305,Treatment,40,4.58
Phoenix,12,17,305,Treatment,45,4.57
Phoenix,12,17,305,Treatment,50,4.98
Phoenix,12,17,305,Treatment,55,5.14
Phoenix,12,18,306,Treatment,0,5.11
Phoenix,12,18,306,Treatment,5,4.3
Phoenix,12,18,306,Treatment,10,4.88
Phoenix,12,18,306,Treatment,15,4.76
Phoenix,12,18,306,Treatment,20,4.73
Phoenix,12,18,306,Treatment,25,4.79
Phoenix,12,18,306,Treatment,30,4.57
Phoenix,12,18,306,Treatment,35,4.9
Phoenix,12,18,306,Treatment,40,4.8
Phoenix,12,18,306,Treatment,45,5.02
Phoenix,12,18,306,Treatment,50,5.18
Phoenix,12,18,306,Treatment,55,4.82
Phoenix,12,19,307,Control,0,4.5
Phoenix,12,19,307,Control,5,5.45
Phoenix,12,19,307,Control,10,5.65
Phoenix,12,19,307,Control,15,5.72
Phoenix,12,19,307,Control,20,5.51
Phoenix,12,19,307,Control,25,5.7
Phoenix,12,19,307,Control,30,5.83
Phoenix,12,19,307,Control,35,5.35
Phoenix,12,19,307,Control,40,5.51
Phoenix,12,19,307,Control,45,5.22
Phoenix,12,19,307,Control,50,5.47
Phoenix,12,19,307,Control,55,5.89
Phoenix,12,20,308,Control,0,5.53
Phoenix,12,20,308,Control,5,4.83
Phoenix,12,20,308,Control,10,5.34
Phoenix,12,20,308,Control,15,5.53
Phoenix,12,20,308,Control,20,5.45
Phoenix,12,20,308,Control,25,5.51
Phoenix,12,20,308,Control,30,5.56
Phoenix,12,20,308,Control,35,5.37
Phoenix,12,20,308,Control,40,5.5
Phoenix,12,20,308,Control,45,5.46
Phoenix,12,20,308,Control,50,5.32
Phoenix,12,20,308,Control,55,5.96
Phoenix,12,21,309,Control,0,4.94
Phoenix,12,21,309,Control,5,5.95
Phoenix,12,21,309,Control,10,5.29
Phoenix,12,21,309,Control,15,5.72
Phoenix,12,21,309,Control,20,5.33
Phoenix,12,21,309,Control,25,5.64
Phoenix,12,21,309,Control,30,5.49
Phoenix,12,21,309,Control,35,5.75
Phoenix,12,21,309,Control,40,5.45
Phoenix,12,21,309,Control,45,5.34
Phoenix,12,21,309,Control,50,5.56
Phoenix,12,21,309,Control,55,5.4
Phoenix,12,22,310,Control,0,5.35
Phoenix,12,22,310,Control,5,6.22
Phoenix,12,22,310,Control,10,5.04
Phoenix,12,22,310,Control,15,5.56
Phoenix,12,22,310,Control,20,5.44
Phoenix,12,22,310,Control,25,5.96
Phoenix,12,22,310,Control,30,5.22
Phoenix,12,22,310,Control,35,5.53
Phoenix,12,22,310,Control,40,5.67
Phoenix,12,22,310,Control,45,5.46
Phoenix,12,22,310,Control,50,5.31
Phoenix,12,22,310,Control,55,5.49
Phoenix,12,23,311,Control,0,5.42
Phoenix,12,23,311,Control,5,5.73
Phoenix,12,23,311,Control,10,5.6
Phoenix,12,23,311,Control,15,5.64
Phoenix,12,23,311,Control,20,5.58
Phoenix,12,23,311,Control,25,5.74
Phoenix,12,23,311,Control,30,5.83
Phoenix,12,23,311,Control,35,5.43
Phoenix,12,23,311,Control,40,5.7
Phoenix,12,23,311,Control,45,5.18
Phoenix,12,23,311,Control,50,4.94
Phoenix,12,23,311,Control,55,5.96
Phoenix,13,0,312,Control,0,5.56
Phoenix,13,0,312,Control,5,5.19
Phoenix,13,0,312,Control,10,5.18
Phoenix,13,0,312,Control,15,5.32
Phoenix,13,0,312,Control,20,5.66
Phoenix,13,0,312,Control,25,5.37
Phoenix,13,0,312,Control,30,5.42
Phoenix,13,0,312,Control,35,5.31
Phoenix,13,0,312,Control,40,5.79
Phoenix,13,0,312,Control,45,5.72
Phoenix,13,0,312,Control,50,5.38
Phoenix,13,0,312,Control,55,5.67
Phoenix,13,1,313,Control,0,5.42
Phoenix,13,1,313,Control,5,5.49
Phoenix,13,1,313,Control,10,5.66
Phoenix,13,1,313,Control,15,5.28
Phoenix,13,1,313,Control,20,5.63
Phoenix,13,1,313,Control,25,6.12
Phoenix,13,1,313,Control,30,5.55
Phoenix,13,1,313,Control,35,5.51
Phoenix,13,1,313,Control,40,5.48
Phoenix,13,1,313,Control,45,5.62
Phoenix,13,1,313,Control,50,5.1
Phoenix,13,1,313,Control,55,5.93
Phoenix,13,2,314,Treatment,0,6.1
Phoenix,13,2,314,Treatment,5,5.1
Phoenix,13,2,314,Treatment,10,5.03
Phoenix,13,2,314,Treatment,15,4.65
Phoenix,13,2,314,Treatment,20,4.86
Phoenix,13,2,314,Treatment,25,4.8
Phoenix,13,2,314,Treatment,30,4.84
Phoenix,13,2,314,Treatment,35,4.53
Phoenix,13,2,314,Treatment,40,4.66
Phoenix,13,2,314,Treatment,45,5.07
Phoenix,13,2,314,Treatment,50,4.65
Phoenix,13,2,314,Treatment,55,4.12
Phoenix,13,3,315,Treatment,0,5.39
Phoenix,13,3,315,Treatment,5,5.0
Phoenix,13,3,315,Treatment,10,4.64
Phoenix,13,3,315,Treatment,15,4.77
Phoenix,13,3,315,Treatment,20,4.95
Phoenix,13,3,315,Treatment,25,4.35
Phoenix,13,3,315,Treatment,30,4.57
Phoenix,13,3,315,Treatment,35,4.88
Phoenix,13,3,315,Treatment,40,5.18
Phoenix,13,3,315,Treatment,45,4.68
Phoenix,13,3,315,Treatment,50,5.18
Phoenix,13,3,315,Treatment,55,4.6
Phoenix,13,4,316,Control,0,4.97
Phoenix,13,4,316,Control,5,5.16
Phoenix,13,4,316,Control,10,5.45
Phoenix,13,4,316,Control,15,5.67
Phoenix,13,4,316,Control,20,5.55
Phoenix,13,4,316,Control,25,5.44
Phoenix,13,4,316,Control,30,5.44
Phoenix,13,4,316,Control,35,5.38
Phoenix,13,4,316,Control,40,5.4
Phoenix,13,4,316,Control,45,5.05
Phoenix,13,4,316,Control,50,5.2
Phoenix,13,4,316,Control,55,5.46
Phoenix,13,5,317,Treatment,0,5.0
Phoenix,13,5,317,Treatment,5,5.18
Phoenix,13,5,317,Treatment,10,4.99
Phoenix,13,5,317,Treatment,15,4.71
Phoenix,13,5,317,Treatment,20,4.19
Phoenix,13,5,317,Treatment,25,5.17
Phoenix,13,5,317,Treatment,30,4.43
Phoenix,13,5,317,Treatment,35,4.58
Phoenix,13,5,317,Treatment,40,4.47
Phoenix,13,5,317,Treatment,45,5.11
Phoenix,13,5,317,Treatment,50,4.89
Phoenix,13,5,317,Treatment,55,4.67
Phoenix,13,6,318,Treatment,0,4.83
Phoenix,13,6,318,Treatment,5,4.47
Phoenix,13,6,318,Treatment,10,4.88
Phoenix,13,6,318,Treatment,15,4.65
Phoenix,13,6,318,Treatment,20,4.91
Phoenix,13,6,318,Treatment,25,4.91
Phoenix,13,6,318,Treatment,30,4.64
Phoenix,13,6,318,Treatment,35,4.27
Phoenix,13,6,318,Treatment,40,4.72
Phoenix,13,6,318,Treatment,45,4.42
Phoenix,13,6,318,Treatment,50,4.8
Phoenix,13,6,318,Treatment,55,4.72
Phoenix,13,7,319,Control,0,4.46
Phoenix,13,7,319,Control,5,5.32
Phoenix,13,7,319,Control,10,5.15
Phoenix,13,7,319,Control,15,6.09
Phoenix,13,7,319,Control,20,5.51
Phoenix,13,7,319,Control,25,5.59
Phoenix,13,7,319,Control,30,5.51
Phoenix,13,7,319,Control,35,5.59
Phoenix,13,7,319,Control,40,5.77
Phoenix,13,7,319,Control,45,5.78
Phoenix,13,7,319,Control,50,5.06
Phoenix,13,7,319,Control,55,5.71
Phoenix,13,8,320,Treatment,0,5.51
Phoenix,13,8,320,Treatment,5,5.69
Phoenix,13,8,320,Treatment,10,5.46
Phoenix,13,8,320,Treatment,15,5.01
Phoenix,13,8,320,Treatment,20,4.65
Phoenix,13,8,320,Treatment,25,4.49
Phoenix,13,8,320,Treatment,30,4.97
Phoenix,13,8,320,Treatment,35,5.12
Phoenix,13,8,320,Treatment,40,4.28
Phoenix,13,8,320,Treatment,45,5.06
Phoenix,13,8,320,Treatment,50,4.72
Phoenix,13,8,320,Treatment,55,4.33
Phoenix,13,9,321,Treatment,0,5.01
Phoenix,13,9,321,Treatment,5,4.7
Phoenix,13,9,321,Treatment,10,4.52
Phoenix,13,9,321,Treatment,15,5.21
Phoenix,13,9,321,Treatment,20,4.62
Phoenix,13,9,321,Treatment,25,5.07
Phoenix,13,9,321,Treatment,30,4.41
Phoenix,13,9,321,Treatment,35,4.89
Phoenix,13,9,321,Treatment,40,4.88
Phoenix,13,9,321,Treatment,45,5.0
Phoenix,13,9,321,Treatment,50,5.16
Phoenix,13,9,321,Treatment,55,4.58
Phoenix,13,10,322,Treatment,0,4.44
Phoenix,13,10,322,Treatment,5,4.44
Phoenix,13,10,322,Treatment,10,4.64
Phoenix,13,10,322,Treatment,15,4.89
Phoenix,13,10,322,Treatment,20,5.2
Phoenix,13,10,322,Treatment,25,5.25
Phoenix,13,10,322,Treatment,30,4.7
Phoenix,13,10,322,Treatment,35,4.86
Phoenix,13,10,322,Treatment,40,5.02
Phoenix,13,10,322,Treatment,45,4.98
Phoenix,13,10,322,Treatment,50,4.74
Phoenix,13,10,322,Treatment,55,4.8
Phoenix,13,11,323,Control,0,4.73
Phoenix,13,11,323,Control,5,4.94
Phoenix,13,11,323,Control,10,5.23
Phoenix,13,11,323,Control,15,5.4
Phoenix,13,11,323,Control,20,5.22
Phoenix,13,11,323,Control,25,5.72
Phoenix,13,11,323,Control,30,5.63
Phoenix,13,11,323,Control,35,5.97
Phoenix,13,11,323,Control,40,5.59
Phoenix,13,11,323,Control,45,5.4
Phoenix,13,11,323,Control,50,5.34
Phoenix,13,11,323,Control,55,5.51
Phoenix,13,12,324,Treatment,0,5.44
Phoenix,13,12,324,Treatment,5,4.89
Phoenix,13,12,324,Treatment,10,4.84
Phoenix,13,12,324,Treatment,15,4.79
Phoenix,13,12,324,Treatment,20,4.97
Phoenix,13,12,324,Treatment,25,4.41
Phoenix,13,12,324,Treatment,30,4.85
Phoenix,13,12,324,Treatment,35,4.84
Phoenix,13,12,324,Treatment,40,4.67
Phoenix,13,12,324,Treatment,45,4.64
Phoenix,13,12,324,Treatment,50,4.6
Phoenix,13,12,324,Treatment,55,4.82
Phoenix,13,13,325,Control,0,5.08
Phoenix,13,13,325,Control,5,4.74
Phoenix,13,13,325,Control,10,5.21
Phoenix,13,13,325,Control,15,4.95
Phoenix,13,13,325,Control,20,5.53
Phoenix,13,13,325,Control,25,5.65
Phoenix,13,13,325,Control,30,5.89
Phoenix,13,13,325,Control,35,5.05
Phoenix,13,13,325,Control,40,5.23
Phoenix,13,13,325,Control,45,5.54
Phoenix,13,13,325,Control,50,5.1
Phoenix,13,13,325,Control,55,5.54
Phoenix,13,14,326,Treatment,0,5.18
Phoenix,13,14,326,Treatment,5,5.29
Phoenix,13,14,326,Treatment,10,4.72
Phoenix,13,14,326,Treatment,15,5.13
Phoenix,13,14,326,Treatment,20,4.84
Phoenix,13,14,326,Treatment,25,4.62
Phoenix,13,14,326,Treatment,30,4.48
Phoenix,13,14,326,Treatment,35,4.88
Phoenix,13,14,326,Treatment,40,5.12
Phoenix,13,14,326,Treatment,45,4.59
Phoenix,13,14,326,Treatment,50,4.68
Phoenix,13,14,326,Treatment,55,4.6
Phoenix,13,15,327,Treatment,0,4.31
Phoenix,13,15,327,Treatment,5,5.11
Phoenix,13,15,327,Treatment,10,4.69
Phoenix,13,15,327,Treatment,15,4.77
Phoenix,13,15,327,Treatment,20,4.7
Phoenix,13,15,327,Treatment,25,4.84
Phoenix,13,15,327,Treatment,30,4.6
Phoenix,13,15,327,Treatment,35,5.05
Phoenix,13,15,327,Treatment,40,5.06
Phoenix,13,15,327,Treatment,45,4.54
Phoenix,13,15,327,Treatment,50,4.95
Phoenix,13,15,327,Treatment,55,4.7
Phoenix,13,16,328,Control,0,5.17
Phoenix,13,16,328,Control,5,4.85
Phoenix,13,16,328,Control,10,5.49
Phoenix,13,16,328,Control,15,5.61
Phoenix,13,16,328,Control,20,5.45
Phoenix,13,16,328,Control,25,5.59
Phoenix,13,16,328,Control,30,5.56
Phoenix,13,16,328,Control,35,5.21
Phoenix,13,16,328,Control,40,5.35
Phoenix,13,16,328,Control,45,5.24
Phoenix,13,16,328,Control,50,5.43
Phoenix,13,16,328,Control,55,5.84
Phoenix,13,17,329,Treatment,0,5.14
Phoenix,13,17,329,Treatment,5,5.19
Phoenix,13,17,329,Treatment,10,5.08
Phoenix,13,17,329,Treatment,15,4.97
Phoenix,13,17,329,Treatment,20,4.62
Phoenix,13,17,329,Treatment,25,4.48
Phoenix,13,17,329,Treatment,30,4.77
Phoenix,13,17,329,Treatment,35,4.93
Phoenix,13,17,329,Treatment,40,4.84
Phoenix,13,17,329,Treatment,45,4.56
Phoenix,13,17,329,Treatment,50,5.22
Phoenix,13,17,329,Treatment,55,4.76
Phoenix,13,18,330,Control,0,4.62
Phoenix,13,18,330,Control,5,5.3
Phoenix,13,18,330,Control,10,5.4
Phoenix,13,18,330,Control,15,5.58
Phoenix,13,18,330,Control,20,5.21
Phoenix,13,18,330,Control,25,5.77
Phoenix,13,18,330,Control,30,5.69
Phoenix,13,18,330,Control,35,5.75
Phoenix,13,18,330,Control,40,5.51
Phoenix,13,18,330,Control,45,5.48
Phoenix,13,18,330,Control,50,5.45
Phoenix,13,18,330,Control,55,6.07
Phoenix,13,19,331,Control,0,5.2
Phoenix,13,19,331,Control,5,5.41
Phoenix,13,19,331,Control,10,5.37
Phoenix,13,19,331,Control,15,5.81
Phoenix,13,19,331,Control,20,5.16
Phoenix,13,19,331,Control,25,5.36
Phoenix,13,19,331,Control,30,5.55
Phoenix,13,19,331,Control,35,5.82
Phoenix,13,19,331,Control,40,5.68
Phoenix,13,19,331,Control,45,5.9
Phoenix,13,19,331,Control,50,5.59
Phoenix,13,19,331,Control,55,5.45
Phoenix,13,20,332,Control,0,5.16
Phoenix,13,20,332,Control,5,5.07
Phoenix,13,20,332,Control,10,5.74
Phoenix,13,20,332,Control,15,5.55
Phoenix,13,20,332,Control,20,5.74
Phoenix,13,20,332,Control,25,5.29
Phoenix,13,20,332,Control,30,5.82
Phoenix,13,20,332,Control,35,5.67
Phoenix,13,20,332,Control,40,5.49
Phoenix,13,20,332,Control,45,5.55
Phoenix,13,20,332,Control,50,5.59
Phoenix,13,20,332,Control,55,5.29
Phoenix,13,21,333,Treatment,0,5.58
Phoenix,13,21,333,Treatment,5,5.16
Phoenix,13,21,333,Treatment,10,4.66
Phoenix,13,21,333,Treatment,15,4.86
Phoenix,13,21,333,Treatment,20,4.99
Phoenix,13,21,333,Treatment,25,5.05
Phoenix,13,21,333,Treatment,30,4.92
Phoenix,13,21,333,Treatment,35,4.99
Phoenix,13,21,333,Treatment,40,5.03
Phoenix,13,21,333,Treatment,45,4.8
Phoenix,13,21,333,Treatment,50,4.26
Phoenix,13,21,333,Treatment,55,5.07
Phoenix,13,22,334,Control,0,4.5
Phoenix,13,22,334,Control,5,4.75
Phoenix,13,22,334,Control,10,5.88
Phoenix,13,22,334,Control,15,5.61
Phoenix,13,22,334,Control,20,5.24
Phoenix,13,22,334,Control,25,5.33
Phoenix,13,22,334,Control,30,5.5
Phoenix,13,22,334,Control,35,5.64
Phoenix,13,22,334,Control,40,5.57
Phoenix,13,22,334,Control,45,5.27
Phoenix,13,22,334,Control,50,5.58
Phoenix,13,22,334,Control,55,5.35
Phoenix,13,23,335,Treatment,0,5.51
Phoenix,13,23,335,Treatment,5,5.07
Phoenix,13,23,335,Treatment,10,5.2
Phoenix,13,23,335,Treatment,15,4.88
Phoenix,13,23,335,Treatment,20,4.67
Phoenix,13,23,335,Treatment,25,4.97
Phoenix,13,23,335,Treatment,30,4.94
Phoenix,13,23,335,Treatment,35,5.09
Phoenix,13,23,335,Treatment,40,4.96
Phoenix,13,23,335,Treatment,45,4.73
Phoenix,13,23,335,Treatment,50,4.36
Phoenix,13,23,335,Treatment,55,4.83
